"Status","Index","Name","Extension","Flag","StoredSize","ExpandedSize","ActualSize","MissingBytes","DumpPath"
"missing","0","areavolumes20.xml",".xml","0x11","290","300","0","300","F:\Trials Fusion\datapack\pak_runtime\data_patch_named\000_areavolumes20.xml"
"ok","1","audiocollection20.xml",".xml","0x10","215","87","87","0","F:\Trials Fusion\datapack\pak_runtime\data_patch_named\001_audiocollection20.xml"
"ok","2","bikes/bike_donkey.xml",".xml","0x11","1384","3957","3957","0","F:\Trials Fusion\datapack\pak_runtime\data_patch_named\002_bikes_bike_donkey.xml"
"ok","3","bikes/bike_unicorn.xml",".xml","0x11","1364","3579","3579","0","F:\Trials Fusion\datapack\pak_runtime\data_patch_named\003_bikes_bike_unicorn.xml"
"missing","4","config20.xml",".xml","0x11","462","714","0","714","F:\Trials Fusion\datapack\pak_runtime\data_patch_named\004_config20.xml"
"ok","5","constrainscollection20.xml",".xml","0x10","180","52","52","0","F:\Trials Fusion\datapack\pak_runtime\data_patch_named\005_constrainscollection20.xml"
"missing","6","editorcamera20.xml",".xml","0x11","288","277","0","277","F:\Trials Fusion\datapack\pak_runtime\data_patch_named\006_editorcamera20.xml"
"missing","7","environment_presets20.xml",".xml","0x11","1198","10085","0","10085","F:\Trials Fusion\datapack\pak_runtime\data_patch_named\007_environment_presets20.xml"
"missing","8","images/garage/rider/Female_2.png.tex",".tex","0x11","31329","286750","0","286750","F:\Trials Fusion\datapack\pak_runtime\data_patch_named\008_images_garage_rider_Female_2.png.tex"
"missing","9","images/garage/rider/Female_2_Body.png.tex",".tex","0x11","9393","102430","0","102430","F:\Trials Fusion\datapack\pak_runtime\data_patch_named\009_images_garage_rider_Female_2_Body.png.tex"
"missing","10","images/garage/rider/Female_2_Head.png.tex",".tex","0x11","9780","102430","0","102430","F:\Trials Fusion\datapack\pak_runtime\data_patch_named\010_images_garage_rider_Female_2_Head.png.tex"
"missing","11","images/garage/rider/Female_2_Pants.png.tex",".tex","0x11","8075","102430","0","102430","F:\Trials Fusion\datapack\pak_runtime\data_patch_named\011_images_garage_rider_Female_2_Pants.png.tex"
"missing","12","images/garage/rider/small/Female_2_Body.png.tex",".tex","0x11","2284","4126","0","4126","F:\Trials Fusion\datapack\pak_runtime\data_patch_named\012_images_garage_rider_small_Female_2_Body.png.tex"
"missing","13","images/garage/rider/small/Female_2_Head.png.tex",".tex","0x11","1950","4126","0","4126","F:\Trials Fusion\datapack\pak_runtime\data_patch_named\013_images_garage_rider_small_Female_2_Head.png.tex"
"missing","14","images/garage/rider/small/Female_2_Pants.png.tex",".tex","0x11","1748","4126","0","4126","F:\Trials Fusion\datapack\pak_runtime\data_patch_named\014_images_garage_rider_small_Female_2_Pants.png.tex"
"ok","15","ingamemusiccollection20.xml",".xml","0x11","171","51","51","0","F:\Trials Fusion\datapack\pak_runtime\data_patch_named\015_ingamemusiccollection20.xml"
"missing","16","localization/dlc20_chinese.xml",".xml","0x11","354","354","0","354","F:\Trials Fusion\datapack\pak_runtime\data_patch_named\016_localization_dlc20_chinese.xml"
"missing","17","localization/dlc20_dutch.xml",".xml","0x11","349","347","0","347","F:\Trials Fusion\datapack\pak_runtime\data_patch_named\017_localization_dlc20_dutch.xml"
"missing","18","localization/dlc20_french.xml",".xml","0x11","350","348","0","348","F:\Trials Fusion\datapack\pak_runtime\data_patch_named\018_localization_dlc20_french.xml"
"missing","19","localization/dlc20_german.xml",".xml","0x11","350","348","0","348","F:\Trials Fusion\datapack\pak_runtime\data_patch_named\019_localization_dlc20_german.xml"
"missing","20","localization/dlc20_italian.xml",".xml","0x11","350","349","0","349","F:\Trials Fusion\datapack\pak_runtime\data_patch_named\020_localization_dlc20_italian.xml"
"missing","21","localization/dlc20_japanese.xml",".xml","0x11","350","350","0","350","F:\Trials Fusion\datapack\pak_runtime\data_patch_named\021_localization_dlc20_japanese.xml"
"ok","22","localization/dlc20_oasis__global.xml",".xml","0x11","2341","29628","29628","0","F:\Trials Fusion\datapack\pak_runtime\data_patch_named\022_localization_dlc20_oasis__global.xml"
"missing","23","localization/dlc20_portuguese-brazil.xml",".xml","0x11","358","359","0","359","F:\Trials Fusion\datapack\pak_runtime\data_patch_named\023_localization_dlc20_portuguese-brazil.xml"
"missing","24","localization/dlc20_portuguese.xml",".xml","0x11","358","359","0","359","F:\Trials Fusion\datapack\pak_runtime\data_patch_named\024_localization_dlc20_portuguese.xml"
"missing","25","localization/dlc20_russian.xml",".xml","0x11","350","349","0","349","F:\Trials Fusion\datapack\pak_runtime\data_patch_named\025_localization_dlc20_russian.xml"
"missing","26","localization/dlc20_spanish.xml",".xml","0x11","350","349","0","349","F:\Trials Fusion\datapack\pak_runtime\data_patch_named\026_localization_dlc20_spanish.xml"
"missing","27","manmade/buildings/garage/garage_background_1.gfx",".gfx","0x11","29595","246120","0","246120","F:\Trials Fusion\datapack\pak_runtime\data_patch_named\027_manmade_buildings_garage_garage_background_1.gfx"
"ok","28","objectcategory20.xml",".xml","0x11","325","299","299","0","F:\Trials Fusion\datapack\pak_runtime\data_patch_named\028_objectcategory20.xml"
"ok","29","objectcollection20.xml",".xml","0x11","136983","1959059","1959059","0","F:\Trials Fusion\datapack\pak_runtime\data_patch_named\029_objectcollection20.xml"
"missing","30","objects/pack20/aiden_bottom_1669118754.mdl",".mdl","0x10","141013","140885","0","140885","F:\Trials Fusion\datapack\pak_runtime\data_patch_named\030_objects_pack20_aiden_bottom_1669118754.mdl"
"missing","31","objects/pack20/aiden_head_2604412728.mdl",".mdl","0x10","358876","358748","0","358748","F:\Trials Fusion\datapack\pak_runtime\data_patch_named\031_objects_pack20_aiden_head_2604412728.mdl"
"missing","32","objects/pack20/aiden_top_1216871494.mdl",".mdl","0x10","531297","531169","0","531169","F:\Trials Fusion\datapack\pak_runtime\data_patch_named\032_objects_pack20_aiden_top_1216871494.mdl"
"missing","33","objects/pack20/apocalypse_mask_3937105966.mdl",".mdl","0x10","159548","159420","0","159420","F:\Trials Fusion\datapack\pak_runtime\data_patch_named\033_objects_pack20_apocalypse_mask_3937105966.mdl"
"missing","34","objects/pack20/apocalypse_rider_helmet_2415648959.mdl",".mdl","0x10","72978","72850","0","72850","F:\Trials Fusion\datapack\pak_runtime\data_patch_named\034_objects_pack20_apocalypse_rider_helmet_2415648959.mdl"
"missing","35","objects/pack20/apocalypse_rider_legs_2263877008.mdl",".mdl","0x10","145424","145296","0","145296","F:\Trials Fusion\datapack\pak_runtime\data_patch_named\035_objects_pack20_apocalypse_rider_legs_2263877008.mdl"
"missing","36","objects/pack20/apocalypse_rider_torso_241008148.mdl",".mdl","0x10","496400","496272","0","496272","F:\Trials Fusion\datapack\pak_runtime\data_patch_named\036_objects_pack20_apocalypse_rider_torso_241008148.mdl"
"missing","37","objects/pack20/arno_head2_3284873855.mdl",".mdl","0x10","181106","180978","0","180978","F:\Trials Fusion\datapack\pak_runtime\data_patch_named\037_objects_pack20_arno_head2_3284873855.mdl"
"missing","38","objects/pack20/arno_legs_3515252172.mdl",".mdl","0x10","162207","162079","0","162079","F:\Trials Fusion\datapack\pak_runtime\data_patch_named\038_objects_pack20_arno_legs_3515252172.mdl"
"missing","39","objects/pack20/arno_upper_body_3445539938.mdl",".mdl","0x10","794391","794263","0","794263","F:\Trials Fusion\datapack\pak_runtime\data_patch_named\039_objects_pack20_arno_upper_body_3445539938.mdl"
"missing","40","objects/pack20/barbara_head_278374187.mdl",".mdl","0x10","283386","283258","0","283258","F:\Trials Fusion\datapack\pak_runtime\data_patch_named\040_objects_pack20_barbara_head_278374187.mdl"
"missing","41","objects/pack20/barbara_legs_626581849.mdl",".mdl","0x10","177872","177744","0","177744","F:\Trials Fusion\datapack\pak_runtime\data_patch_named\041_objects_pack20_barbara_legs_626581849.mdl"
"missing","42","objects/pack20/barbara_torso_1231612097.mdl",".mdl","0x10","180946","180818","0","180818","F:\Trials Fusion\datapack\pak_runtime\data_patch_named\042_objects_pack20_barbara_torso_1231612097.mdl"
"missing","43","objects/pack20/bike_minx_back_swing_arm_1655584065.mdl",".mdl","0x10","64326","64198","0","64198","F:\Trials Fusion\datapack\pak_runtime\data_patch_named\043_objects_pack20_bike_minx_back_swing_arm_1655584065.mdl"
"missing","44","objects/pack20/bike_minx_chain_cover_2982199886.mdl",".mdl","0x10","14603","14475","0","14475","F:\Trials Fusion\datapack\pak_runtime\data_patch_named\044_objects_pack20_bike_minx_chain_cover_2982199886.mdl"
"missing","45","objects/pack20/bike_minx_engine_3104935895.mdl",".mdl","0x10","175022","174894","0","174894","F:\Trials Fusion\datapack\pak_runtime\data_patch_named\045_objects_pack20_bike_minx_engine_3104935895.mdl"
"missing","46","objects/pack20/bike_minx_engine_fender_563789054.mdl",".mdl","0x10","26886","26758","0","26758","F:\Trials Fusion\datapack\pak_runtime\data_patch_named\046_objects_pack20_bike_minx_engine_fender_563789054.mdl"
"missing","47","objects/pack20/bike_minx_exhaust_3563174090.mdl",".mdl","0x10","25260","25132","0","25132","F:\Trials Fusion\datapack\pak_runtime\data_patch_named\047_objects_pack20_bike_minx_exhaust_3563174090.mdl"
"missing","48","objects/pack20/bike_minx_fender_front_2351844293.mdl",".mdl","0x10","11915","11787","0","11787","F:\Trials Fusion\datapack\pak_runtime\data_patch_named\048_objects_pack20_bike_minx_fender_front_2351844293.mdl"
"missing","49","objects/pack20/bike_minx_fender_rear_1360390530.mdl",".mdl","0x10","17849","17721","0","17721","F:\Trials Fusion\datapack\pak_runtime\data_patch_named\049_objects_pack20_bike_minx_fender_rear_1360390530.mdl"
"missing","50","objects/pack20/bike_minx_frame_3881667527.mdl",".mdl","0x10","111065","110937","0","110937","F:\Trials Fusion\datapack\pak_runtime\data_patch_named\050_objects_pack20_bike_minx_frame_3881667527.mdl"
"missing","51","objects/pack20/bike_minx_front_suspension_2273720968.mdl",".mdl","0x10","63655","63527","0","63527","F:\Trials Fusion\datapack\pak_runtime\data_patch_named\051_objects_pack20_bike_minx_front_suspension_2273720968.mdl"
"missing","52","objects/pack20/bike_minx_head_light_2995030938.mdl",".mdl","0x10","8026","7898","0","7898","F:\Trials Fusion\datapack\pak_runtime\data_patch_named\052_objects_pack20_bike_minx_head_light_2995030938.mdl"
"missing","53","objects/pack20/bike_minx_seat_1591740121.mdl",".mdl","0x10","9980","9852","0","9852","F:\Trials Fusion\datapack\pak_runtime\data_patch_named\053_objects_pack20_bike_minx_seat_1591740121.mdl"
"missing","54","objects/pack20/bike_minx_steering_236849812.mdl",".mdl","0x10","138747","138619","0","138619","F:\Trials Fusion\datapack\pak_runtime\data_patch_named\054_objects_pack20_bike_minx_steering_236849812.mdl"
"missing","55","objects/pack20/bike_minx_tank_92503418.mdl",".mdl","0x10","11372","11244","0","11244","F:\Trials Fusion\datapack\pak_runtime\data_patch_named\055_objects_pack20_bike_minx_tank_92503418.mdl"
"missing","56","objects/pack20/bike_minx_wire_frame_1977429699.mdl",".mdl","0x10","6486","6358","0","6358","F:\Trials Fusion\datapack\pak_runtime\data_patch_named\056_objects_pack20_bike_minx_wire_frame_1977429699.mdl"
"missing","57","objects/pack20/bike_minx_wire_rear_3438299369.mdl",".mdl","0x10","3114","2986","0","2986","F:\Trials Fusion\datapack\pak_runtime\data_patch_named\057_objects_pack20_bike_minx_wire_rear_3438299369.mdl"
"partial","58","objects/pack20/body_3800316381.mdl",".mdl","0x10","255948","255820","255819","1","F:\Trials Fusion\datapack\pak_runtime\data_patch_named\058_objects_pack20_body_3800316381.mdl"
"missing","59","objects/pack20/bounty_hunter_head_2400506055.mdl",".mdl","0x10","63738","63610","0","63610","F:\Trials Fusion\datapack\pak_runtime\data_patch_named\059_objects_pack20_bounty_hunter_head_2400506055.mdl"
"missing","60","objects/pack20/bounty_hunter_legs_3054725473.mdl",".mdl","0x10","285989","285861","0","285861","F:\Trials Fusion\datapack\pak_runtime\data_patch_named\060_objects_pack20_bounty_hunter_legs_3054725473.mdl"
"missing","61","objects/pack20/bounty_hunter_torso_3552621367.mdl",".mdl","0x10","248588","248460","0","248460","F:\Trials Fusion\datapack\pak_runtime\data_patch_named\061_objects_pack20_bounty_hunter_torso_3552621367.mdl"
"partial","62","objects/pack20/catrider_still_3761307275.mdl",".mdl","0x10","565670","565542","376157","189385","F:\Trials Fusion\datapack\pak_runtime\data_patch_named\062_objects_pack20_catrider_still_3761307275.mdl"
"missing","63","objects/pack20/cat_rider_2_2119218817.mdl",".mdl","0x10","53724","53596","0","53596","F:\Trials Fusion\datapack\pak_runtime\data_patch_named\063_objects_pack20_cat_rider_2_2119218817.mdl"
"missing","64","objects/pack20/cat_rider_983735987.mdl",".mdl","0x10","593843","593715","0","593715","F:\Trials Fusion\datapack\pak_runtime\data_patch_named\064_objects_pack20_cat_rider_983735987.mdl"
"partial","65","objects/pack20/cheetah_backswing_2752928713.mdl",".mdl","0x10","35647","35519","10722","24797","F:\Trials Fusion\datapack\pak_runtime\data_patch_named\065_objects_pack20_cheetah_backswing_2752928713.mdl"
"missing","66","objects/pack20/cheetah_backswing_3433585337.mdl",".mdl","0x10","35652","35524","0","35524","F:\Trials Fusion\datapack\pak_runtime\data_patch_named\066_objects_pack20_cheetah_backswing_3433585337.mdl"
"partial","67","objects/pack20/cheetah_backswing_402872395.mdl",".mdl","0x10","35652","35524","10723","24801","F:\Trials Fusion\datapack\pak_runtime\data_patch_named\067_objects_pack20_cheetah_backswing_402872395.mdl"
"missing","68","objects/pack20/cheetah_backswing_798942192.mdl",".mdl","0x10","35652","35524","0","35524","F:\Trials Fusion\datapack\pak_runtime\data_patch_named\068_objects_pack20_cheetah_backswing_798942192.mdl"
"missing","69","objects/pack20/cheetah_engine_1254426453.mdl",".mdl","0x10","101186","101058","0","101058","F:\Trials Fusion\datapack\pak_runtime\data_patch_named\069_objects_pack20_cheetah_engine_1254426453.mdl"
"partial","70","objects/pack20/cheetah_engine_1907526078.mdl",".mdl","0x10","101186","101058","35087","65971","F:\Trials Fusion\datapack\pak_runtime\data_patch_named\070_objects_pack20_cheetah_engine_1907526078.mdl"
"missing","71","objects/pack20/cheetah_engine_2816672723.mdl",".mdl","0x10","101186","101058","0","101058","F:\Trials Fusion\datapack\pak_runtime\data_patch_named\071_objects_pack20_cheetah_engine_2816672723.mdl"
"partial","72","objects/pack20/cheetah_engine_2836603877.mdl",".mdl","0x10","101186","101058","35087","65971","F:\Trials Fusion\datapack\pak_runtime\data_patch_named\072_objects_pack20_cheetah_engine_2836603877.mdl"
"partial","73","objects/pack20/cheetah_engine_fender_1221583678.mdl",".mdl","0x10","32301","32173","7656","24517","F:\Trials Fusion\datapack\pak_runtime\data_patch_named\073_objects_pack20_cheetah_engine_fender_1221583678.mdl"
"missing","74","objects/pack20/cheetah_exhaust_2529672648.mdl",".mdl","0x10","36997","36869","0","36869","F:\Trials Fusion\datapack\pak_runtime\data_patch_named\074_objects_pack20_cheetah_exhaust_2529672648.mdl"
"partial","75","objects/pack20/cheetah_exhaust_3636672776.mdl",".mdl","0x10","37007","36879","14438","22441","F:\Trials Fusion\datapack\pak_runtime\data_patch_named\075_objects_pack20_cheetah_exhaust_3636672776.mdl"
"partial","76","objects/pack20/cheetah_exhaust_3748034281.mdl",".mdl","0x10","37007","36879","14438","22441","F:\Trials Fusion\datapack\pak_runtime\data_patch_named\076_objects_pack20_cheetah_exhaust_3748034281.mdl"
"missing","77","objects/pack20/cheetah_exhaust_86085234.mdl",".mdl","0x10","37007","36879","0","36879","F:\Trials Fusion\datapack\pak_runtime\data_patch_named\077_objects_pack20_cheetah_exhaust_86085234.mdl"
"missing","78","objects/pack20/cheetah_fender_front_1771381755.mdl",".mdl","0x10","10151","10023","0","10023","F:\Trials Fusion\datapack\pak_runtime\data_patch_named\078_objects_pack20_cheetah_fender_front_1771381755.mdl"
"missing","79","objects/pack20/cheetah_fender_front_1910176367.mdl",".mdl","0x10","10131","10003","0","10003","F:\Trials Fusion\datapack\pak_runtime\data_patch_named\079_objects_pack20_cheetah_fender_front_1910176367.mdl"
"missing","80","objects/pack20/cheetah_fender_front_2274726132.mdl",".mdl","0x10","10161","10033","0","10033","F:\Trials Fusion\datapack\pak_runtime\data_patch_named\080_objects_pack20_cheetah_fender_front_2274726132.mdl"
"partial","81","objects/pack20/cheetah_fender_front_3486927829.mdl",".mdl","0x10","10161","10033","2973","7060","F:\Trials Fusion\datapack\pak_runtime\data_patch_named\081_objects_pack20_cheetah_fender_front_3486927829.mdl"
"partial","82","objects/pack20/cheetah_fender_front_3666612002.mdl",".mdl","0x10","10161","10033","2973","7060","F:\Trials Fusion\datapack\pak_runtime\data_patch_named\082_objects_pack20_cheetah_fender_front_3666612002.mdl"
"missing","83","objects/pack20/cheetah_fender_rear_1501514725.mdl",".mdl","0x10","14783","14655","0","14655","F:\Trials Fusion\datapack\pak_runtime\data_patch_named\083_objects_pack20_cheetah_fender_rear_1501514725.mdl"
"missing","84","objects/pack20/cheetah_fender_rear_1578233241.mdl",".mdl","0x10","14921","14793","0","14793","F:\Trials Fusion\datapack\pak_runtime\data_patch_named\084_objects_pack20_cheetah_fender_rear_1578233241.mdl"
"missing","85","objects/pack20/cheetah_fender_rear_1872604162.mdl",".mdl","0x10","14911","14783","0","14783","F:\Trials Fusion\datapack\pak_runtime\data_patch_named\085_objects_pack20_cheetah_fender_rear_1872604162.mdl"
"missing","86","objects/pack20/cheetah_fender_rear_435638767.mdl",".mdl","0x10","14921","14793","0","14793","F:\Trials Fusion\datapack\pak_runtime\data_patch_named\086_objects_pack20_cheetah_fender_rear_435638767.mdl"
"partial","87","objects/pack20/cheetah_fender_rear_686467597.mdl",".mdl","0x10","14921","14793","3657","11136","F:\Trials Fusion\datapack\pak_runtime\data_patch_named\087_objects_pack20_cheetah_fender_rear_686467597.mdl"
"partial","88","objects/pack20/cheetah_frame_1164385867.mdl",".mdl","0x10","80105","79977","22599","57378","F:\Trials Fusion\datapack\pak_runtime\data_patch_named\088_objects_pack20_cheetah_frame_1164385867.mdl"
"missing","89","objects/pack20/cheetah_frame_2244325264.mdl",".mdl","0x10","80105","79977","0","79977","F:\Trials Fusion\datapack\pak_runtime\data_patch_named\089_objects_pack20_cheetah_frame_2244325264.mdl"
"missing","90","objects/pack20/cheetah_frame_3501635998.mdl",".mdl","0x10","80105","79977","0","79977","F:\Trials Fusion\datapack\pak_runtime\data_patch_named\090_objects_pack20_cheetah_frame_3501635998.mdl"
"partial","91","objects/pack20/cheetah_frame_564405301.mdl",".mdl","0x10","80100","79972","22598","57374","F:\Trials Fusion\datapack\pak_runtime\data_patch_named\091_objects_pack20_cheetah_frame_564405301.mdl"
"partial","92","objects/pack20/cheetah_frame_rear_190992443.mdl",".mdl","0x10","39497","39369","12262","27107","F:\Trials Fusion\datapack\pak_runtime\data_patch_named\092_objects_pack20_cheetah_frame_rear_190992443.mdl"
"missing","93","objects/pack20/cheetah_frame_rear_1911444440.mdl",".mdl","0x10","39502","39374","0","39374","F:\Trials Fusion\datapack\pak_runtime\data_patch_named\093_objects_pack20_cheetah_frame_rear_1911444440.mdl"
"missing","94","objects/pack20/cheetah_frame_rear_2520335892.mdl",".mdl","0x10","39502","39374","0","39374","F:\Trials Fusion\datapack\pak_runtime\data_patch_named\094_objects_pack20_cheetah_frame_rear_2520335892.mdl"
"missing","95","objects/pack20/cheetah_frame_rear_2875063124.mdl",".mdl","0x10","39502","39374","0","39374","F:\Trials Fusion\datapack\pak_runtime\data_patch_named\095_objects_pack20_cheetah_frame_rear_2875063124.mdl"
"partial","96","objects/pack20/cheetah_front_suspension_2446532690.mdl",".mdl","0x10","28970","28842","7818","21024","F:\Trials Fusion\datapack\pak_runtime\data_patch_named\096_objects_pack20_cheetah_front_suspension_2446532690.mdl"
"missing","97","objects/pack20/cheetah_front_suspension_3415958921.mdl",".mdl","0x10","28970","28842","0","28842","F:\Trials Fusion\datapack\pak_runtime\data_patch_named\097_objects_pack20_cheetah_front_suspension_3415958921.mdl"
"partial","98","objects/pack20/cheetah_front_suspension_640622143.mdl",".mdl","0x10","28965","28837","7817","21020","F:\Trials Fusion\datapack\pak_runtime\data_patch_named\098_objects_pack20_cheetah_front_suspension_640622143.mdl"
"missing","99","objects/pack20/cheetah_front_suspension_782361621.mdl",".mdl","0x10","28970","28842","0","28842","F:\Trials Fusion\datapack\pak_runtime\data_patch_named\099_objects_pack20_cheetah_front_suspension_782361621.mdl"
"partial","100","objects/pack20/cheetah_headlight_2050272303.mdl",".mdl","0x10","38673","38545","11750","26795","F:\Trials Fusion\datapack\pak_runtime\data_patch_named\100_objects_pack20_cheetah_headlight_2050272303.mdl"
"partial","101","objects/pack20/cheetah_headlight_2208732550.mdl",".mdl","0x10","38673","38545","11750","26795","F:\Trials Fusion\datapack\pak_runtime\data_patch_named\101_objects_pack20_cheetah_headlight_2208732550.mdl"
"missing","102","objects/pack20/cheetah_headlight_2576908551.mdl",".mdl","0x10","38673","38545","0","38545","F:\Trials Fusion\datapack\pak_runtime\data_patch_named\102_objects_pack20_cheetah_headlight_2576908551.mdl"
"missing","103","objects/pack20/cheetah_headlight_3543173750.mdl",".mdl","0x10","38673","38545","0","38545","F:\Trials Fusion\datapack\pak_runtime\data_patch_named\103_objects_pack20_cheetah_headlight_3543173750.mdl"
"missing","104","objects/pack20/cheetah_seat_1061978512.mdl",".mdl","0x10","13425","13297","0","13297","F:\Trials Fusion\datapack\pak_runtime\data_patch_named\104_objects_pack20_cheetah_seat_1061978512.mdl"
"partial","105","objects/pack20/cheetah_seat_2371826194.mdl",".mdl","0x10","13435","13307","4565","8742","F:\Trials Fusion\datapack\pak_runtime\data_patch_named\105_objects_pack20_cheetah_seat_2371826194.mdl"
"missing","106","objects/pack20/cheetah_steering_1742765906.mdl",".mdl","0x10","98476","98348","0","98348","F:\Trials Fusion\datapack\pak_runtime\data_patch_named\106_objects_pack20_cheetah_steering_1742765906.mdl"
"missing","107","objects/pack20/cheetah_steering_3230500990.mdl",".mdl","0x10","98476","98348","0","98348","F:\Trials Fusion\datapack\pak_runtime\data_patch_named\107_objects_pack20_cheetah_steering_3230500990.mdl"
"partial","108","objects/pack20/cheetah_steering_597512762.mdl",".mdl","0x10","98471","98343","33265","65078","F:\Trials Fusion\datapack\pak_runtime\data_patch_named\108_objects_pack20_cheetah_steering_597512762.mdl"
"partial","109","objects/pack20/cheetah_steering_624218061.mdl",".mdl","0x10","98476","98348","33266","65082","F:\Trials Fusion\datapack\pak_runtime\data_patch_named\109_objects_pack20_cheetah_steering_624218061.mdl"
"missing","110","objects/pack20/cheetah_steering_attach_1229938360.mdl",".mdl","0x10","4926","4798","0","4798","F:\Trials Fusion\datapack\pak_runtime\data_patch_named\110_objects_pack20_cheetah_steering_attach_1229938360.mdl"
"partial","111","objects/pack20/cheetah_steering_attach_1436864986.mdl",".mdl","0x10","4926","4798","1455","3343","F:\Trials Fusion\datapack\pak_runtime\data_patch_named\111_objects_pack20_cheetah_steering_attach_1436864986.mdl"
"partial","112","objects/pack20/cheetah_steering_attach_1504742335.mdl",".mdl","0x10","4922","4794","1454","3340","F:\Trials Fusion\datapack\pak_runtime\data_patch_named\112_objects_pack20_cheetah_steering_attach_1504742335.mdl"
"missing","113","objects/pack20/cheetah_steering_attach_1949631693.mdl",".mdl","0x10","4926","4798","0","4798","F:\Trials Fusion\datapack\pak_runtime\data_patch_named\113_objects_pack20_cheetah_steering_attach_1949631693.mdl"
"missing","114","objects/pack20/cheetah_steering_middle_piece_1554173117.mdl",".mdl","0x10","6262","6134","0","6134","F:\Trials Fusion\datapack\pak_runtime\data_patch_named\114_objects_pack20_cheetah_steering_middle_piece_1554173117.mdl"
"missing","115","objects/pack20/cheetah_steering_middle_piece_1605209329.mdl",".mdl","0x10","6262","6134","0","6134","F:\Trials Fusion\datapack\pak_runtime\data_patch_named\115_objects_pack20_cheetah_steering_middle_piece_1605209329.mdl"
"partial","116","objects/pack20/cheetah_steering_middle_piece_281622362.mdl",".mdl","0x10","6257","6129","1592","4537","F:\Trials Fusion\datapack\pak_runtime\data_patch_named\116_objects_pack20_cheetah_steering_middle_piece_281622362.mdl"
"partial","117","objects/pack20/cheetah_steering_middle_piece_3051194296.mdl",".mdl","0x10","6262","6134","1593","4541","F:\Trials Fusion\datapack\pak_runtime\data_patch_named\117_objects_pack20_cheetah_steering_middle_piece_3051194296.mdl"
"missing","118","objects/pack20/cheetah_tank_1669899400.mdl",".mdl","0x10","15458","15330","0","15330","F:\Trials Fusion\datapack\pak_runtime\data_patch_named\118_objects_pack20_cheetah_tank_1669899400.mdl"
"partial","119","objects/pack20/cheetah_tank_2474789116.mdl",".mdl","0x10","15693","15565","4919","10646","F:\Trials Fusion\datapack\pak_runtime\data_patch_named\119_objects_pack20_cheetah_tank_2474789116.mdl"
"missing","120","objects/pack20/cheetah_tank_3166158214.mdl",".mdl","0x10","15683","15555","0","15555","F:\Trials Fusion\datapack\pak_runtime\data_patch_named\120_objects_pack20_cheetah_tank_3166158214.mdl"
"missing","121","objects/pack20/clara_head_1429024504.mdl",".mdl","0x10","544687","544559","0","544559","F:\Trials Fusion\datapack\pak_runtime\data_patch_named\121_objects_pack20_clara_head_1429024504.mdl"
"missing","122","objects/pack20/clara_legs_1790548669.mdl",".mdl","0x10","138706","138578","0","138578","F:\Trials Fusion\datapack\pak_runtime\data_patch_named\122_objects_pack20_clara_legs_1790548669.mdl"
"missing","123","objects/pack20/clara_torso_1554724651.mdl",".mdl","0x10","570626","570498","0","570498","F:\Trials Fusion\datapack\pak_runtime\data_patch_named\123_objects_pack20_clara_torso_1554724651.mdl"
"missing","124","objects/pack20/clockwork_rim_1605984176.mdl",".mdl","0x10","102183","102055","0","102055","F:\Trials Fusion\datapack\pak_runtime\data_patch_named\124_objects_pack20_clockwork_rim_1605984176.mdl"
"missing","125","objects/pack20/componential_rims_1226559366.mdl",".mdl","0x10","91273","91145","0","91145","F:\Trials Fusion\datapack\pak_runtime\data_patch_named\125_objects_pack20_componential_rims_1226559366.mdl"
"missing","126","objects/pack20/componential_rim_back_3079626032.mdl",".mdl","0x10","63859","63731","0","63731","F:\Trials Fusion\datapack\pak_runtime\data_patch_named\126_objects_pack20_componential_rim_back_3079626032.mdl"
"missing","127","objects/pack20/componential_rim_lod0_14944905.mdl",".mdl","0x10","49036","48908","0","48908","F:\Trials Fusion\datapack\pak_runtime\data_patch_named\127_objects_pack20_componential_rim_lod0_14944905.mdl"
"missing","128","objects/pack20/cyborg_helmet_582681301.mdl",".mdl","0x10","174368","174240","0","174240","F:\Trials Fusion\datapack\pak_runtime\data_patch_named\128_objects_pack20_cyborg_helmet_582681301.mdl"
"partial","129","objects/pack20/dapper_head_722249001.mdl",".mdl","0x10","133070","132942","50627","82315","F:\Trials Fusion\datapack\pak_runtime\data_patch_named\129_objects_pack20_dapper_head_722249001.mdl"
"partial","130","objects/pack20/dapper_legs_3202365285.mdl",".mdl","0x10","144189","144061","51428","92633","F:\Trials Fusion\datapack\pak_runtime\data_patch_named\130_objects_pack20_dapper_legs_3202365285.mdl"
"missing","131","objects/pack20/dapper_pug_3112972161.mdl",".mdl","0x10","235282","235154","0","235154","F:\Trials Fusion\datapack\pak_runtime\data_patch_named\131_objects_pack20_dapper_pug_3112972161.mdl"
"partial","132","objects/pack20/dapper_torso_2302193317.mdl",".mdl","0x10","436655","436527","160165","276362","F:\Trials Fusion\datapack\pak_runtime\data_patch_named\132_objects_pack20_dapper_torso_2302193317.mdl"
"partial","133","objects/pack20/desert_hawk_240899747.mdl",".mdl","0x10","43316","43188","43187","1","F:\Trials Fusion\datapack\pak_runtime\data_patch_named\133_objects_pack20_desert_hawk_240899747.mdl"
"missing","134","objects/pack20/elise_hat_883916891.mdl",".mdl","0x10","61669","61541","0","61541","F:\Trials Fusion\datapack\pak_runtime\data_patch_named\134_objects_pack20_elise_hat_883916891.mdl"
"missing","135","objects/pack20/elise_head_1840883815.mdl",".mdl","0x10","92927","92799","0","92799","F:\Trials Fusion\datapack\pak_runtime\data_patch_named\135_objects_pack20_elise_head_1840883815.mdl"
"missing","136","objects/pack20/elise_legs_509170600.mdl",".mdl","0x10","247837","247709","0","247709","F:\Trials Fusion\datapack\pak_runtime\data_patch_named\136_objects_pack20_elise_legs_509170600.mdl"
"missing","137","objects/pack20/elise_ponytail_2149873696.mdl",".mdl","0x10","9563","9435","0","9435","F:\Trials Fusion\datapack\pak_runtime\data_patch_named\137_objects_pack20_elise_ponytail_2149873696.mdl"
"missing","138","objects/pack20/elise_torso_1538927724.mdl",".mdl","0x10","353928","353800","0","353800","F:\Trials Fusion\datapack\pak_runtime\data_patch_named\138_objects_pack20_elise_torso_1538927724.mdl"
"missing","139","objects/pack20/evility_back_rim_464644790.mdl",".mdl","0x10","173683","173555","0","173555","F:\Trials Fusion\datapack\pak_runtime\data_patch_named\139_objects_pack20_evility_back_rim_464644790.mdl"
"missing","140","objects/pack20/evility_front_rim_2251240936.mdl",".mdl","0x10","170439","170311","0","170311","F:\Trials Fusion\datapack\pak_runtime\data_patch_named\140_objects_pack20_evility_front_rim_2251240936.mdl"
"missing","141","objects/pack20/fat_grizzly_body_2098625518.mdl",".mdl","0x10","71788","71660","0","71660","F:\Trials Fusion\datapack\pak_runtime\data_patch_named\141_objects_pack20_fat_grizzly_body_2098625518.mdl"
"missing","142","objects/pack20/fat_grizzly_body_296169910.mdl",".mdl","0x10","71788","71660","0","71660","F:\Trials Fusion\datapack\pak_runtime\data_patch_named\142_objects_pack20_fat_grizzly_body_296169910.mdl"
"missing","143","objects/pack20/fat_grizzly_chassis_3457340095.mdl",".mdl","0x10","28492","28364","0","28364","F:\Trials Fusion\datapack\pak_runtime\data_patch_named\143_objects_pack20_fat_grizzly_chassis_3457340095.mdl"
"missing","144","objects/pack20/fat_grizzly_chassis_3904591855.mdl",".mdl","0x10","28487","28359","0","28359","F:\Trials Fusion\datapack\pak_runtime\data_patch_named\144_objects_pack20_fat_grizzly_chassis_3904591855.mdl"
"missing","145","objects/pack20/fat_grizzly_exhaust_3211258686.mdl",".mdl","0x10","10563","10435","0","10435","F:\Trials Fusion\datapack\pak_runtime\data_patch_named\145_objects_pack20_fat_grizzly_exhaust_3211258686.mdl"
"missing","146","objects/pack20/fat_grizzly_exhaust_54606941.mdl",".mdl","0x10","10558","10430","0","10430","F:\Trials Fusion\datapack\pak_runtime\data_patch_named\146_objects_pack20_fat_grizzly_exhaust_54606941.mdl"
"missing","147","objects/pack20/fat_grizzly_frame_front_1688579461.mdl",".mdl","0x10","50332","50204","0","50204","F:\Trials Fusion\datapack\pak_runtime\data_patch_named\147_objects_pack20_fat_grizzly_frame_front_1688579461.mdl"
"missing","148","objects/pack20/fat_grizzly_frame_front_2399205678.mdl",".mdl","0x10","50332","50204","0","50204","F:\Trials Fusion\datapack\pak_runtime\data_patch_named\148_objects_pack20_fat_grizzly_frame_front_2399205678.mdl"
"missing","149","objects/pack20/fat_grizzly_frame_rear_1207456319.mdl",".mdl","0x10","20918","20790","0","20790","F:\Trials Fusion\datapack\pak_runtime\data_patch_named\149_objects_pack20_fat_grizzly_frame_rear_1207456319.mdl"
"missing","150","objects/pack20/fat_grizzly_frame_rear_530296115.mdl",".mdl","0x10","20918","20790","0","20790","F:\Trials Fusion\datapack\pak_runtime\data_patch_named\150_objects_pack20_fat_grizzly_frame_rear_530296115.mdl"
"missing","151","objects/pack20/fat_grizzly_headlight_116954528.mdl",".mdl","0x10","7157","7029","0","7029","F:\Trials Fusion\datapack\pak_runtime\data_patch_named\151_objects_pack20_fat_grizzly_headlight_116954528.mdl"
"missing","152","objects/pack20/fat_grizzly_headlight_4239251317.mdl",".mdl","0x10","7152","7024","0","7024","F:\Trials Fusion\datapack\pak_runtime\data_patch_named\152_objects_pack20_fat_grizzly_headlight_4239251317.mdl"
"missing","153","objects/pack20/fat_grizzly_steering_2932295756.mdl",".mdl","0x10","78496","78368","0","78368","F:\Trials Fusion\datapack\pak_runtime\data_patch_named\153_objects_pack20_fat_grizzly_steering_2932295756.mdl"
"missing","154","objects/pack20/fat_grizzly_steering_3570372111.mdl",".mdl","0x10","78496","78368","0","78368","F:\Trials Fusion\datapack\pak_runtime\data_patch_named\154_objects_pack20_fat_grizzly_steering_3570372111.mdl"
"missing","155","objects/pack20/fat_grizzly_suspension_front_1746745107.mdl",".mdl","0x10","130600","130472","0","130472","F:\Trials Fusion\datapack\pak_runtime\data_patch_named\155_objects_pack20_fat_grizzly_suspension_front_1746745107.mdl"
"missing","156","objects/pack20/fat_grizzly_suspension_front_2837276811.mdl",".mdl","0x10","130600","130472","0","130472","F:\Trials Fusion\datapack\pak_runtime\data_patch_named\156_objects_pack20_fat_grizzly_suspension_front_2837276811.mdl"
"missing","157","objects/pack20/fat_grizzly_suspension_rear_2969575427.mdl",".mdl","0x10","131075","130947","0","130947","F:\Trials Fusion\datapack\pak_runtime\data_patch_named\157_objects_pack20_fat_grizzly_suspension_rear_2969575427.mdl"
"missing","158","objects/pack20/fat_grizzly_suspension_rear_3618083979.mdl",".mdl","0x10","131075","130947","0","130947","F:\Trials Fusion\datapack\pak_runtime\data_patch_named\158_objects_pack20_fat_grizzly_suspension_rear_3618083979.mdl"
"missing","159","objects/pack20/femalebase_head_1238191718.mdl",".mdl","0x10","85840","85712","0","85712","F:\Trials Fusion\datapack\pak_runtime\data_patch_named\159_objects_pack20_femalebase_head_1238191718.mdl"
"missing","160","objects/pack20/femalebase_head_with_chest_1457439886.mdl",".mdl","0x10","95540","95412","0","95412","F:\Trials Fusion\datapack\pak_runtime\data_patch_named\160_objects_pack20_femalebase_head_with_chest_1457439886.mdl"
"missing","161","objects/pack20/femalebase_legs_1065594045.mdl",".mdl","0x10","74769","74641","0","74641","F:\Trials Fusion\datapack\pak_runtime\data_patch_named\161_objects_pack20_femalebase_legs_1065594045.mdl"
"missing","162","objects/pack20/femalebase_legs_calf_3230567692.mdl",".mdl","0x10","5860","5732","0","5732","F:\Trials Fusion\datapack\pak_runtime\data_patch_named\162_objects_pack20_femalebase_legs_calf_3230567692.mdl"
"missing","163","objects/pack20/femalebase_torso_1770813815.mdl",".mdl","0x10","139535","139407","0","139407","F:\Trials Fusion\datapack\pak_runtime\data_patch_named\163_objects_pack20_femalebase_torso_1770813815.mdl"
"missing","164","objects/pack20/femalebase_waist_2643661878.mdl",".mdl","0x10","9588","9460","0","9460","F:\Trials Fusion\datapack\pak_runtime\data_patch_named\164_objects_pack20_femalebase_waist_2643661878.mdl"
"missing","165","objects/pack20/female_assassin_helmet_841435873.mdl",".mdl","0x10","115961","115833","0","115833","F:\Trials Fusion\datapack\pak_runtime\data_patch_named\165_objects_pack20_female_assassin_helmet_841435873.mdl"
"missing","166","objects/pack20/female_assassin_lower_744042567.mdl",".mdl","0x10","238243","238115","0","238115","F:\Trials Fusion\datapack\pak_runtime\data_patch_named\166_objects_pack20_female_assassin_lower_744042567.mdl"
"missing","167","objects/pack20/female_assassin_upper_2034972213.mdl",".mdl","0x10","296392","296264","0","296264","F:\Trials Fusion\datapack\pak_runtime\data_patch_named\167_objects_pack20_female_assassin_upper_2034972213.mdl"
"missing","168","objects/pack20/female_indian_head_2110807004.mdl",".mdl","0x10","72136","72008","0","72008","F:\Trials Fusion\datapack\pak_runtime\data_patch_named\168_objects_pack20_female_indian_head_2110807004.mdl"
"missing","169","objects/pack20/female_indian_helmet__3107186031.mdl",".mdl","0x10","50566","50438","0","50438","F:\Trials Fusion\datapack\pak_runtime\data_patch_named\169_objects_pack20_female_indian_helmet__3107186031.mdl"
"missing","170","objects/pack20/female_indian_legs_3676713675.mdl",".mdl","0x10","176100","175972","0","175972","F:\Trials Fusion\datapack\pak_runtime\data_patch_named\170_objects_pack20_female_indian_legs_3676713675.mdl"
"missing","171","objects/pack20/female_indian_torso_3922541097.mdl",".mdl","0x10","207044","206916","0","206916","F:\Trials Fusion\datapack\pak_runtime\data_patch_named\171_objects_pack20_female_indian_torso_3922541097.mdl"
"missing","172","objects/pack20/female_officer_helmet_3476073005.mdl",".mdl","0x10","124289","124161","0","124161","F:\Trials Fusion\datapack\pak_runtime\data_patch_named\172_objects_pack20_female_officer_helmet_3476073005.mdl"
"missing","173","objects/pack20/female_officer_legs_2273779713.mdl",".mdl","0x10","93966","93838","0","93838","F:\Trials Fusion\datapack\pak_runtime\data_patch_named\173_objects_pack20_female_officer_legs_2273779713.mdl"
"missing","174","objects/pack20/female_officer_torso_3800890535.mdl",".mdl","0x10","260643","260515","0","260515","F:\Trials Fusion\datapack\pak_runtime\data_patch_named\174_objects_pack20_female_officer_torso_3800890535.mdl"
"missing","175","objects/pack20/female_outfit_1_bottom_1900774902.mdl",".mdl","0x10","110890","110762","0","110762","F:\Trials Fusion\datapack\pak_runtime\data_patch_named\175_objects_pack20_female_outfit_1_bottom_1900774902.mdl"
"missing","176","objects/pack20/female_outfit_1_helmet_2891539579.mdl",".mdl","0x10","92672","92544","0","92544","F:\Trials Fusion\datapack\pak_runtime\data_patch_named\176_objects_pack20_female_outfit_1_helmet_2891539579.mdl"
"missing","177","objects/pack20/female_outfit_1_top_2975991920.mdl",".mdl","0x10","134597","134469","0","134469","F:\Trials Fusion\datapack\pak_runtime\data_patch_named\177_objects_pack20_female_outfit_1_top_2975991920.mdl"
"missing","178","objects/pack20/female_tech_bottom_2598797814.mdl",".mdl","0x10","218738","218610","0","218610","F:\Trials Fusion\datapack\pak_runtime\data_patch_named\178_objects_pack20_female_tech_bottom_2598797814.mdl"
"missing","179","objects/pack20/female_tech_helmet_453685687.mdl",".mdl","0x10","52314","52186","0","52186","F:\Trials Fusion\datapack\pak_runtime\data_patch_named\179_objects_pack20_female_tech_helmet_453685687.mdl"
"missing","180","objects/pack20/female_tech_top_3580445456.mdl",".mdl","0x10","337528","337400","0","337400","F:\Trials Fusion\datapack\pak_runtime\data_patch_named\180_objects_pack20_female_tech_top_3580445456.mdl"
"partial","181","objects/pack20/front_suspension_3993753994.mdl",".mdl","0x10","21298","21170","21169","1","F:\Trials Fusion\datapack\pak_runtime\data_patch_named\181_objects_pack20_front_suspension_3993753994.mdl"
"partial","182","objects/pack20/front_tire_868892813.mdl",".mdl","0x10","49374","49246","49245","1","F:\Trials Fusion\datapack\pak_runtime\data_patch_named\182_objects_pack20_front_tire_868892813.mdl"
"missing","183","objects/pack20/fusion_rim_1_2727850633.mdl",".mdl","0x10","46415","46287","0","46287","F:\Trials Fusion\datapack\pak_runtime\data_patch_named\183_objects_pack20_fusion_rim_1_2727850633.mdl"
"missing","184","objects/pack20/fusion_rim_front_3095069994.mdl",".mdl","0x10","41286","41158","0","41158","F:\Trials Fusion\datapack\pak_runtime\data_patch_named\184_objects_pack20_fusion_rim_front_3095069994.mdl"
"missing","185","objects/pack20/generic_medium_icon_1_2202330545.mdl",".mdl","0x10","556","428","0","428","F:\Trials Fusion\datapack\pak_runtime\data_patch_named\185_objects_pack20_generic_medium_icon_1_2202330545.mdl"
"missing","186","objects/pack20/generic_medium_icon_1_2788949741.mdl",".mdl","0x10","555","427","0","427","F:\Trials Fusion\datapack\pak_runtime\data_patch_named\186_objects_pack20_generic_medium_icon_1_2788949741.mdl"
"missing","187","objects/pack20/grinder_rims_2908588824.mdl",".mdl","0x10","102191","102063","0","102063","F:\Trials Fusion\datapack\pak_runtime\data_patch_named\187_objects_pack20_grinder_rims_2908588824.mdl"
"missing","188","objects/pack20/holograph_rim_4001218887.mdl",".mdl","0x10","69220","69092","0","69092","F:\Trials Fusion\datapack\pak_runtime\data_patch_named\188_objects_pack20_holograph_rim_4001218887.mdl"
"missing","189","objects/pack20/horror_mask_4050851301.mdl",".mdl","0x10","211932","211804","0","211804","F:\Trials Fusion\datapack\pak_runtime\data_patch_named\189_objects_pack20_horror_mask_4050851301.mdl"
"missing","190","objects/pack20/kingcobra_engine_1_1029731427.mdl",".mdl","0x10","135581","135453","0","135453","F:\Trials Fusion\datapack\pak_runtime\data_patch_named\190_objects_pack20_kingcobra_engine_1_1029731427.mdl"
"missing","191","objects/pack20/kingcobra_engine_1_2297210984.mdl",".mdl","0x10","135571","135443","0","135443","F:\Trials Fusion\datapack\pak_runtime\data_patch_named\191_objects_pack20_kingcobra_engine_1_2297210984.mdl"
"missing","192","objects/pack20/kingcobra_engine_1_2701716106.mdl",".mdl","0x10","135581","135453","0","135453","F:\Trials Fusion\datapack\pak_runtime\data_patch_named\192_objects_pack20_kingcobra_engine_1_2701716106.mdl"
"missing","193","objects/pack20/kingcobra_engine_1_351581600.mdl",".mdl","0x10","135581","135453","0","135453","F:\Trials Fusion\datapack\pak_runtime\data_patch_named\193_objects_pack20_kingcobra_engine_1_351581600.mdl"
"missing","194","objects/pack20/kingcobra_engine_fender_1_1735367833.mdl",".mdl","0x10","20490","20362","0","20362","F:\Trials Fusion\datapack\pak_runtime\data_patch_named\194_objects_pack20_kingcobra_engine_fender_1_1735367833.mdl"
"missing","195","objects/pack20/kingcobra_engine_fender_1_2272960759.mdl",".mdl","0x10","20494","20366","0","20366","F:\Trials Fusion\datapack\pak_runtime\data_patch_named\195_objects_pack20_kingcobra_engine_fender_1_2272960759.mdl"
"missing","196","objects/pack20/kingcobra_engine_fender_1_3991271334.mdl",".mdl","0x10","20486","20358","0","20358","F:\Trials Fusion\datapack\pak_runtime\data_patch_named\196_objects_pack20_kingcobra_engine_fender_1_3991271334.mdl"
"missing","197","objects/pack20/kingcobra_engine_fender_1_851983372.mdl",".mdl","0x10","20490","20362","0","20362","F:\Trials Fusion\datapack\pak_runtime\data_patch_named\197_objects_pack20_kingcobra_engine_fender_1_851983372.mdl"
"missing","198","objects/pack20/kingcobra_exhaust_pipe_1_2012970380.mdl",".mdl","0x10","23536","23408","0","23408","F:\Trials Fusion\datapack\pak_runtime\data_patch_named\198_objects_pack20_kingcobra_exhaust_pipe_1_2012970380.mdl"
"missing","199","objects/pack20/kingcobra_exhaust_pipe_1_2342679984.mdl",".mdl","0x10","23536","23408","0","23408","F:\Trials Fusion\datapack\pak_runtime\data_patch_named\199_objects_pack20_kingcobra_exhaust_pipe_1_2342679984.mdl"
"missing","200","objects/pack20/kingcobra_exhaust_pipe_1_2839996341.mdl",".mdl","0x10","23536","23408","0","23408","F:\Trials Fusion\datapack\pak_runtime\data_patch_named\200_objects_pack20_kingcobra_exhaust_pipe_1_2839996341.mdl"
"missing","201","objects/pack20/kingcobra_exhaust_pipe_1_2992128280.mdl",".mdl","0x10","23536","23408","0","23408","F:\Trials Fusion\datapack\pak_runtime\data_patch_named\201_objects_pack20_kingcobra_exhaust_pipe_1_2992128280.mdl"
"missing","202","objects/pack20/kingcobra_frame_1_2135418044.mdl",".mdl","0x10","96463","96335","0","96335","F:\Trials Fusion\datapack\pak_runtime\data_patch_named\202_objects_pack20_kingcobra_frame_1_2135418044.mdl"
"missing","203","objects/pack20/kingcobra_frame_1_3680436090.mdl",".mdl","0x10","96468","96340","0","96340","F:\Trials Fusion\datapack\pak_runtime\data_patch_named\203_objects_pack20_kingcobra_frame_1_3680436090.mdl"
"missing","204","objects/pack20/kingcobra_frame_1_3910099984.mdl",".mdl","0x10","96463","96335","0","96335","F:\Trials Fusion\datapack\pak_runtime\data_patch_named\204_objects_pack20_kingcobra_frame_1_3910099984.mdl"
"missing","205","objects/pack20/kingcobra_frame_1_46414075.mdl",".mdl","0x10","96458","96330","0","96330","F:\Trials Fusion\datapack\pak_runtime\data_patch_named\205_objects_pack20_kingcobra_frame_1_46414075.mdl"
"missing","206","objects/pack20/kingcobra_frame_extension_1_2164749332.mdl",".mdl","0x10","28725","28597","0","28597","F:\Trials Fusion\datapack\pak_runtime\data_patch_named\206_objects_pack20_kingcobra_frame_extension_1_2164749332.mdl"
"missing","207","objects/pack20/kingcobra_frame_extension_1_2295715799.mdl",".mdl","0x10","28720","28592","0","28592","F:\Trials Fusion\datapack\pak_runtime\data_patch_named\207_objects_pack20_kingcobra_frame_extension_1_2295715799.mdl"
"missing","208","objects/pack20/kingcobra_frame_extension_1_3088853998.mdl",".mdl","0x10","28730","28602","0","28602","F:\Trials Fusion\datapack\pak_runtime\data_patch_named\208_objects_pack20_kingcobra_frame_extension_1_3088853998.mdl"
"missing","209","objects/pack20/kingcobra_front_fender_1_108812533.mdl",".mdl","0x10","8163","8035","0","8035","F:\Trials Fusion\datapack\pak_runtime\data_patch_named\209_objects_pack20_kingcobra_front_fender_1_108812533.mdl"
"missing","210","objects/pack20/kingcobra_front_fender_1_3411679352.mdl",".mdl","0x10","8163","8035","0","8035","F:\Trials Fusion\datapack\pak_runtime\data_patch_named\210_objects_pack20_kingcobra_front_fender_1_3411679352.mdl"
"missing","211","objects/pack20/kingcobra_front_fender_1_3656049493.mdl",".mdl","0x10","8163","8035","0","8035","F:\Trials Fusion\datapack\pak_runtime\data_patch_named\211_objects_pack20_kingcobra_front_fender_1_3656049493.mdl"
"missing","212","objects/pack20/kingcobra_front_suspension_1_1354735714.mdl",".mdl","0x10","40216","40088","0","40088","F:\Trials Fusion\datapack\pak_runtime\data_patch_named\212_objects_pack20_kingcobra_front_suspension_1_1354735714.mdl"
"missing","213","objects/pack20/kingcobra_front_suspension_1_1768965567.mdl",".mdl","0x10","40216","40088","0","40088","F:\Trials Fusion\datapack\pak_runtime\data_patch_named\213_objects_pack20_kingcobra_front_suspension_1_1768965567.mdl"
"missing","214","objects/pack20/kingcobra_front_suspension_1_3566690153.mdl",".mdl","0x10","40212","40084","0","40084","F:\Trials Fusion\datapack\pak_runtime\data_patch_named\214_objects_pack20_kingcobra_front_suspension_1_3566690153.mdl"
"missing","215","objects/pack20/kingcobra_front_suspension_1_87767741.mdl",".mdl","0x10","40216","40088","0","40088","F:\Trials Fusion\datapack\pak_runtime\data_patch_named\215_objects_pack20_kingcobra_front_suspension_1_87767741.mdl"
"missing","216","objects/pack20/kingcobra_headlight_1_2781113808.mdl",".mdl","0x10","6959","6831","0","6831","F:\Trials Fusion\datapack\pak_runtime\data_patch_named\216_objects_pack20_kingcobra_headlight_1_2781113808.mdl"
"missing","217","objects/pack20/kingcobra_headlight_1_956300210.mdl",".mdl","0x10","6959","6831","0","6831","F:\Trials Fusion\datapack\pak_runtime\data_patch_named\217_objects_pack20_kingcobra_headlight_1_956300210.mdl"
"missing","218","objects/pack20/kingcobra_rear_fender_1_233117287.mdl",".mdl","0x10","25338","25210","0","25210","F:\Trials Fusion\datapack\pak_runtime\data_patch_named\218_objects_pack20_kingcobra_rear_fender_1_233117287.mdl"
"missing","219","objects/pack20/kingcobra_rear_fender_1_2455895357.mdl",".mdl","0x10","25338","25210","0","25210","F:\Trials Fusion\datapack\pak_runtime\data_patch_named\219_objects_pack20_kingcobra_rear_fender_1_2455895357.mdl"
"missing","220","objects/pack20/kingcobra_rear_fender_1_3604512423.mdl",".mdl","0x10","25338","25210","0","25210","F:\Trials Fusion\datapack\pak_runtime\data_patch_named\220_objects_pack20_kingcobra_rear_fender_1_3604512423.mdl"
"missing","221","objects/pack20/kingcobra_rear_suspension_1_2974682121.mdl",".mdl","0x10","22639","22511","0","22511","F:\Trials Fusion\datapack\pak_runtime\data_patch_named\221_objects_pack20_kingcobra_rear_suspension_1_2974682121.mdl"
"missing","222","objects/pack20/kingcobra_rear_suspension_1_3840589581.mdl",".mdl","0x10","22639","22511","0","22511","F:\Trials Fusion\datapack\pak_runtime\data_patch_named\222_objects_pack20_kingcobra_rear_suspension_1_3840589581.mdl"
"missing","223","objects/pack20/kingcobra_rear_suspension_1_507057603.mdl",".mdl","0x10","22639","22511","0","22511","F:\Trials Fusion\datapack\pak_runtime\data_patch_named\223_objects_pack20_kingcobra_rear_suspension_1_507057603.mdl"
"missing","224","objects/pack20/kingcobra_rear_suspension_1_527745387.mdl",".mdl","0x10","22639","22511","0","22511","F:\Trials Fusion\datapack\pak_runtime\data_patch_named\224_objects_pack20_kingcobra_rear_suspension_1_527745387.mdl"
"missing","225","objects/pack20/kingcobra_seat_1_2121751782.mdl",".mdl","0x10","6334","6206","0","6206","F:\Trials Fusion\datapack\pak_runtime\data_patch_named\225_objects_pack20_kingcobra_seat_1_2121751782.mdl"
"missing","226","objects/pack20/kingcobra_seat_1_2299923325.mdl",".mdl","0x10","6334","6206","0","6206","F:\Trials Fusion\datapack\pak_runtime\data_patch_named\226_objects_pack20_kingcobra_seat_1_2299923325.mdl"
"missing","227","objects/pack20/kingcobra_seat_1_3483666625.mdl",".mdl","0x10","6334","6206","0","6206","F:\Trials Fusion\datapack\pak_runtime\data_patch_named\227_objects_pack20_kingcobra_seat_1_3483666625.mdl"
"missing","228","objects/pack20/kingcobra_steering_1_1297643866.mdl",".mdl","0x10","102823","102695","0","102695","F:\Trials Fusion\datapack\pak_runtime\data_patch_named\228_objects_pack20_kingcobra_steering_1_1297643866.mdl"
"missing","229","objects/pack20/kingcobra_steering_1_216106051.mdl",".mdl","0x10","102823","102695","0","102695","F:\Trials Fusion\datapack\pak_runtime\data_patch_named\229_objects_pack20_kingcobra_steering_1_216106051.mdl"
"missing","230","objects/pack20/kingcobra_steering_1_3437651380.mdl",".mdl","0x10","102818","102690","0","102690","F:\Trials Fusion\datapack\pak_runtime\data_patch_named\230_objects_pack20_kingcobra_steering_1_3437651380.mdl"
"missing","231","objects/pack20/kingcobra_steering_1_345274542.mdl",".mdl","0x10","102823","102695","0","102695","F:\Trials Fusion\datapack\pak_runtime\data_patch_named\231_objects_pack20_kingcobra_steering_1_345274542.mdl"
"missing","232","objects/pack20/kingcobra_swing_arm_1_2071138140.mdl",".mdl","0x10","20370","20242","0","20242","F:\Trials Fusion\datapack\pak_runtime\data_patch_named\232_objects_pack20_kingcobra_swing_arm_1_2071138140.mdl"
"missing","233","objects/pack20/kingcobra_swing_arm_1_2368185954.mdl",".mdl","0x10","20370","20242","0","20242","F:\Trials Fusion\datapack\pak_runtime\data_patch_named\233_objects_pack20_kingcobra_swing_arm_1_2368185954.mdl"
"missing","234","objects/pack20/kingcobra_swing_arm_1_2743537078.mdl",".mdl","0x10","20365","20237","0","20237","F:\Trials Fusion\datapack\pak_runtime\data_patch_named\234_objects_pack20_kingcobra_swing_arm_1_2743537078.mdl"
"missing","235","objects/pack20/kingcobra_swing_arm_1_3361390921.mdl",".mdl","0x10","20375","20247","0","20247","F:\Trials Fusion\datapack\pak_runtime\data_patch_named\235_objects_pack20_kingcobra_swing_arm_1_3361390921.mdl"
"missing","236","objects/pack20/kingcobra_tank_1_1228230065.mdl",".mdl","0x10","29390","29262","0","29262","F:\Trials Fusion\datapack\pak_runtime\data_patch_named\236_objects_pack20_kingcobra_tank_1_1228230065.mdl"
"missing","237","objects/pack20/kingcobra_tank_1_3213240607.mdl",".mdl","0x10","29390","29262","0","29262","F:\Trials Fusion\datapack\pak_runtime\data_patch_named\237_objects_pack20_kingcobra_tank_1_3213240607.mdl"
"missing","238","objects/pack20/kingcobra_tank_1_832860972.mdl",".mdl","0x10","29390","29262","0","29262","F:\Trials Fusion\datapack\pak_runtime\data_patch_named\238_objects_pack20_kingcobra_tank_1_832860972.mdl"
"missing","239","objects/pack20/kingcobra_tank_1_840945242.mdl",".mdl","0x10","29390","29262","0","29262","F:\Trials Fusion\datapack\pak_runtime\data_patch_named\239_objects_pack20_kingcobra_tank_1_840945242.mdl"
"missing","240","objects/pack20/kraken_helmet_1501844046.mdl",".mdl","0x10","239974","239846","0","239846","F:\Trials Fusion\datapack\pak_runtime\data_patch_named\240_objects_pack20_kraken_helmet_1501844046.mdl"
"missing","241","objects/pack20/males_waist_285898457.mdl",".mdl","0x10","2998","2870","0","2870","F:\Trials Fusion\datapack\pak_runtime\data_patch_named\241_objects_pack20_males_waist_285898457.mdl"
"missing","242","objects/pack20/midscrew_rim_953198536.mdl",".mdl","0x10","89891","89763","0","89763","F:\Trials Fusion\datapack\pak_runtime\data_patch_named\242_objects_pack20_midscrew_rim_953198536.mdl"
"missing","243","objects/pack20/m_assassin_head_4168532637.mdl",".mdl","0x10","75630","75502","0","75502","F:\Trials Fusion\datapack\pak_runtime\data_patch_named\243_objects_pack20_m_assassin_head_4168532637.mdl"
"missing","244","objects/pack20/m_assassin_legs_4006170044.mdl",".mdl","0x10","163679","163551","0","163551","F:\Trials Fusion\datapack\pak_runtime\data_patch_named\244_objects_pack20_m_assassin_legs_4006170044.mdl"
"missing","245","objects/pack20/m_assassin_torso_3649172691.mdl",".mdl","0x10","239978","239850","0","239850","F:\Trials Fusion\datapack\pak_runtime\data_patch_named\245_objects_pack20_m_assassin_torso_3649172691.mdl"
"missing","246","objects/pack20/paper_boy_back_swing_arm_1854192822.mdl",".mdl","0x10","13950","13822","0","13822","F:\Trials Fusion\datapack\pak_runtime\data_patch_named\246_objects_pack20_paper_boy_back_swing_arm_1854192822.mdl"
"missing","247","objects/pack20/paper_boy_back_swing_arm_571438885.mdl",".mdl","0x10","13940","13812","0","13812","F:\Trials Fusion\datapack\pak_runtime\data_patch_named\247_objects_pack20_paper_boy_back_swing_arm_571438885.mdl"
"missing","248","objects/pack20/paper_boy_frame_2475603437.mdl",".mdl","0x10","40561","40433","0","40433","F:\Trials Fusion\datapack\pak_runtime\data_patch_named\248_objects_pack20_paper_boy_frame_2475603437.mdl"
"missing","249","objects/pack20/paper_boy_frame_4039117587.mdl",".mdl","0x10","40551","40423","0","40423","F:\Trials Fusion\datapack\pak_runtime\data_patch_named\249_objects_pack20_paper_boy_frame_4039117587.mdl"
"missing","250","objects/pack20/paper_boy_steering_2388162944.mdl",".mdl","0x10","81034","80906","0","80906","F:\Trials Fusion\datapack\pak_runtime\data_patch_named\250_objects_pack20_paper_boy_steering_2388162944.mdl"
"missing","251","objects/pack20/paper_boy_steering_3080541403.mdl",".mdl","0x10","81034","80906","0","80906","F:\Trials Fusion\datapack\pak_runtime\data_patch_named\251_objects_pack20_paper_boy_steering_3080541403.mdl"
"missing","252","objects/pack20/paper_boy_suspension_front_1239465507.mdl",".mdl","0x10","44231","44103","0","44103","F:\Trials Fusion\datapack\pak_runtime\data_patch_named\252_objects_pack20_paper_boy_suspension_front_1239465507.mdl"
"missing","253","objects/pack20/paper_boy_suspension_front_2664734631.mdl",".mdl","0x10","44231","44103","0","44103","F:\Trials Fusion\datapack\pak_runtime\data_patch_named\253_objects_pack20_paper_boy_suspension_front_2664734631.mdl"
"missing","254","objects/pack20/paper_boy_tire_front_1426200719.mdl",".mdl","0x10","79702","79574","0","79574","F:\Trials Fusion\datapack\pak_runtime\data_patch_named\254_objects_pack20_paper_boy_tire_front_1426200719.mdl"
"missing","255","objects/pack20/paper_boy_tire_front_2932006178.mdl",".mdl","0x10","79707","79579","0","79579","F:\Trials Fusion\datapack\pak_runtime\data_patch_named\255_objects_pack20_paper_boy_tire_front_2932006178.mdl"
"missing","256","objects/pack20/paper_boy_tire_rear_17845080.mdl",".mdl","0x10","80047","79919","0","79919","F:\Trials Fusion\datapack\pak_runtime\data_patch_named\256_objects_pack20_paper_boy_tire_rear_17845080.mdl"
"missing","257","objects/pack20/paper_boy_tire_rear_459597983.mdl",".mdl","0x10","80042","79914","0","79914","F:\Trials Fusion\datapack\pak_runtime\data_patch_named\257_objects_pack20_paper_boy_tire_rear_459597983.mdl"
"missing","258","objects/pack20/partyhat_2806575822.mdl",".mdl","0x10","404516","404388","0","404388","F:\Trials Fusion\datapack\pak_runtime\data_patch_named\258_objects_pack20_partyhat_2806575822.mdl"
"missing","259","objects/pack20/patch_error_145547543.mdl",".mdl","0x10","476","348","0","348","F:\Trials Fusion\datapack\pak_runtime\data_patch_named\259_objects_pack20_patch_error_145547543.mdl"
"missing","260","objects/pack20/pit_baggie_2596389856.mdl",".mdl","0x10","25861","25733","0","25733","F:\Trials Fusion\datapack\pak_runtime\data_patch_named\260_objects_pack20_pit_baggie_2596389856.mdl"
"missing","261","objects/pack20/pit_viper_tournament_helmet_2775270863.mdl",".mdl","0x10","10223","10095","0","10095","F:\Trials Fusion\datapack\pak_runtime\data_patch_named\261_objects_pack20_pit_viper_tournament_helmet_2775270863.mdl"
"missing","262","objects/pack20/plague_doctor_helmet_1418654144.mdl",".mdl","0x10","297602","297474","0","297474","F:\Trials Fusion\datapack\pak_runtime\data_patch_named\262_objects_pack20_plague_doctor_helmet_1418654144.mdl"
"missing","263","objects/pack20/punk_bottom_2662751547.mdl",".mdl","0x10","180828","180700","0","180700","F:\Trials Fusion\datapack\pak_runtime\data_patch_named\263_objects_pack20_punk_bottom_2662751547.mdl"
"missing","264","objects/pack20/punk_helmet_3510672258.mdl",".mdl","0x10","69045","68917","0","68917","F:\Trials Fusion\datapack\pak_runtime\data_patch_named\264_objects_pack20_punk_helmet_3510672258.mdl"
"missing","265","objects/pack20/punk_top_585559476.mdl",".mdl","0x10","281855","281727","0","281727","F:\Trials Fusion\datapack\pak_runtime\data_patch_named\265_objects_pack20_punk_top_585559476.mdl"
"missing","266","objects/pack20/rabbit_helmet_3037162337.mdl",".mdl","0x10","15760","15632","0","15632","F:\Trials Fusion\datapack\pak_runtime\data_patch_named\266_objects_pack20_rabbit_helmet_3037162337.mdl"
"missing","267","objects/pack20/rayman_front_fender_3894487405.mdl",".mdl","0x10","12221","12093","0","12093","F:\Trials Fusion\datapack\pak_runtime\data_patch_named\267_objects_pack20_rayman_front_fender_3894487405.mdl"
"missing","268","objects/pack20/rayman_head_356907035.mdl",".mdl","0x10","127100","126972","0","126972","F:\Trials Fusion\datapack\pak_runtime\data_patch_named\268_objects_pack20_rayman_head_356907035.mdl"
"missing","269","objects/pack20/rayman_head_light_1560067640.mdl",".mdl","0x10","25262","25134","0","25134","F:\Trials Fusion\datapack\pak_runtime\data_patch_named\269_objects_pack20_rayman_head_light_1560067640.mdl"
"missing","270","objects/pack20/rayman_legs_4211770189.mdl",".mdl","0x10","115176","115048","0","115048","F:\Trials Fusion\datapack\pak_runtime\data_patch_named\270_objects_pack20_rayman_legs_4211770189.mdl"
"missing","271","objects/pack20/rayman_main_body_675957340.mdl",".mdl","0x10","29756","29628","0","29628","F:\Trials Fusion\datapack\pak_runtime\data_patch_named\271_objects_pack20_rayman_main_body_675957340.mdl"
"missing","272","objects/pack20/rayman_pitviper_backswing_2354012321.mdl",".mdl","0x10","4976","4848","0","4848","F:\Trials Fusion\datapack\pak_runtime\data_patch_named\272_objects_pack20_rayman_pitviper_backswing_2354012321.mdl"
"missing","273","objects/pack20/rayman_pitviper_enginefender_2438278275.mdl",".mdl","0x10","31146","31018","0","31018","F:\Trials Fusion\datapack\pak_runtime\data_patch_named\273_objects_pack20_rayman_pitviper_enginefender_2438278275.mdl"
"missing","274","objects/pack20/rayman_pitviper_headlight_4087115529.mdl",".mdl","0x10","8989","8861","0","8861","F:\Trials Fusion\datapack\pak_runtime\data_patch_named\274_objects_pack20_rayman_pitviper_headlight_4087115529.mdl"
"missing","275","objects/pack20/rayman_rearswing_3255823486.mdl",".mdl","0x10","8259","8131","0","8131","F:\Trials Fusion\datapack\pak_runtime\data_patch_named\275_objects_pack20_rayman_rearswing_3255823486.mdl"
"missing","276","objects/pack20/rayman_royal_rear_fender_399018738.mdl",".mdl","0x10","22127","21999","0","21999","F:\Trials Fusion\datapack\pak_runtime\data_patch_named\276_objects_pack20_rayman_royal_rear_fender_399018738.mdl"
"missing","277","objects/pack20/rayman_torso_1505252683.mdl",".mdl","0x10","240916","240788","0","240788","F:\Trials Fusion\datapack\pak_runtime\data_patch_named\277_objects_pack20_rayman_torso_1505252683.mdl"
"partial","278","objects/pack20/rear_fender_combo_3182902181.mdl",".mdl","0x10","55095","54967","16080","38887","F:\Trials Fusion\datapack\pak_runtime\data_patch_named\278_objects_pack20_rear_fender_combo_3182902181.mdl"
"partial","279","objects/pack20/rear_suspension_2718125065.mdl",".mdl","0x10","44138","44010","44009","1","F:\Trials Fusion\datapack\pak_runtime\data_patch_named\279_objects_pack20_rear_suspension_2718125065.mdl"
"partial","280","objects/pack20/rear_tire_791925862.mdl",".mdl","0x10","51456","51328","51327","1","F:\Trials Fusion\datapack\pak_runtime\data_patch_named\280_objects_pack20_rear_tire_791925862.mdl"
"missing","281","objects/pack20/rims_spittingout_558547449.mdl",".mdl","0x10","77638","77510","0","77510","F:\Trials Fusion\datapack\pak_runtime\data_patch_named\281_objects_pack20_rims_spittingout_558547449.mdl"
"missing","282","objects/pack20/roach_2220173377.mdl",".mdl","0x10","51834","51706","0","51706","F:\Trials Fusion\datapack\pak_runtime\data_patch_named\282_objects_pack20_roach_2220173377.mdl"
"partial","283","objects/pack20/steering_2947863851.mdl",".mdl","0x10","77623","77495","77494","1","F:\Trials Fusion\datapack\pak_runtime\data_patch_named\283_objects_pack20_steering_2947863851.mdl"
"missing","284","objects/pack20/sumie_rim_1044430566.mdl",".mdl","0x10","71258","71130","0","71130","F:\Trials Fusion\datapack\pak_runtime\data_patch_named\284_objects_pack20_sumie_rim_1044430566.mdl"
"partial","285","objects/pack20/tank_cover_new_1679002299.mdl",".mdl","0x10","19518","19390","12755","6635","F:\Trials Fusion\datapack\pak_runtime\data_patch_named\285_objects_pack20_tank_cover_new_1679002299.mdl"
"missing","286","objects/pack20/tank_cover_new_190527429.mdl",".mdl","0x10","19516","19388","0","19388","F:\Trials Fusion\datapack\pak_runtime\data_patch_named\286_objects_pack20_tank_cover_new_190527429.mdl"
"missing","287","objects/pack20/tank_cover_new_4117228695.mdl",".mdl","0x10","19518","19390","0","19390","F:\Trials Fusion\datapack\pak_runtime\data_patch_named\287_objects_pack20_tank_cover_new_4117228695.mdl"
"missing","288","objects/pack20/tko_panda_helmet_3972987864.mdl",".mdl","0x10","12140","12012","0","12012","F:\Trials Fusion\datapack\pak_runtime\data_patch_named\288_objects_pack20_tko_panda_helmet_3972987864.mdl"
"partial","289","objects/pack20/unicornbike_3088574479.mdl",".mdl","0x10","323200","323072","323071","1","F:\Trials Fusion\datapack\pak_runtime\data_patch_named\289_objects_pack20_unicornbike_3088574479.mdl"
"missing","290","objects/pack20/uzumaki_rim_1_3644169342.mdl",".mdl","0x10","28403","28275","0","28275","F:\Trials Fusion\datapack\pak_runtime\data_patch_named\290_objects_pack20_uzumaki_rim_1_3644169342.mdl"
"missing","291","objects/pack20/uzumaki_rim_2_1584558215.mdl",".mdl","0x10","27896","27768","0","27768","F:\Trials Fusion\datapack\pak_runtime\data_patch_named\291_objects_pack20_uzumaki_rim_2_1584558215.mdl"
"ok","292","pack20/awards.xml",".xml","0x10","190","62","62","0","F:\Trials Fusion\datapack\pak_runtime\data_patch_named\292_pack20_awards.xml"
"ok","293","pack20/awards_metadata.xml",".xml","0x10","191","63","63","0","F:\Trials Fusion\datapack\pak_runtime\data_patch_named\293_pack20_awards_metadata.xml"
"ok","294","pack20/bikes.xml",".xml","0x11","364","401","401","0","F:\Trials Fusion\datapack\pak_runtime\data_patch_named\294_pack20_bikes.xml"
"ok","295","pack20/editortips.xml",".xml","0x11","196","77","77","0","F:\Trials Fusion\datapack\pak_runtime\data_patch_named\295_pack20_editortips.xml"
"ok","296","pack20/events.xml",".xml","0x11","377","1464","1464","0","F:\Trials Fusion\datapack\pak_runtime\data_patch_named\296_pack20_events.xml"
"missing","297","pack20/gear.xml",".xml","0x10","189","61","0","61","F:\Trials Fusion\datapack\pak_runtime\data_patch_named\297_pack20_gear.xml"
"missing","298","pack20/icons.xml",".xml","0x11","489","876","0","876","F:\Trials Fusion\datapack\pak_runtime\data_patch_named\298_pack20_icons.xml"
"ok","299","pack20/items.xml",".xml","0x11","12273","123579","123579","0","F:\Trials Fusion\datapack\pak_runtime\data_patch_named\299_pack20_items.xml"
"missing","300","pack20/mpprizes.csv",".csv","0x11","159","250","0","250","F:\Trials Fusion\datapack\pak_runtime\data_patch_named\300_pack20_mpprizes.csv"
"ok","301","pack20/objectgroups.xml",".xml","0x10","161","33","33","0","F:\Trials Fusion\datapack\pak_runtime\data_patch_named\301_pack20_objectgroups.xml"
"ok","302","pack20/objectremaps.xml",".xml","0x11","401","516","516","0","F:\Trials Fusion\datapack\pak_runtime\data_patch_named\302_pack20_objectremaps.xml"
"missing","303","pack20/objects.xml",".xml","0x11","495","725","0","725","F:\Trials Fusion\datapack\pak_runtime\data_patch_named\303_pack20_objects.xml"
"ok","304","pack20/prizes.csv",".csv","0x11","714","1526","1526","0","F:\Trials Fusion\datapack\pak_runtime\data_patch_named\304_pack20_prizes.csv"
"ok","305","pack20/soundproject.xml",".xml","0x10","160","32","32","0","F:\Trials Fusion\datapack\pak_runtime\data_patch_named\305_pack20_soundproject.xml"
"ok","306","pack20/squirrels.xml",".xml","0x11","315","247","247","0","F:\Trials Fusion\datapack\pak_runtime\data_patch_named\306_pack20_squirrels.xml"
"ok","307","pack20/tracks.xml",".xml","0x11","1044","4403","4403","0","F:\Trials Fusion\datapack\pak_runtime\data_patch_named\307_pack20_tracks.xml"
"missing","308","pack20/tricks.xml",".xml","0x10","198","70","0","70","F:\Trials Fusion\datapack\pak_runtime\data_patch_named\308_pack20_tricks.xml"
"ok","309","packinfo/pack.xml",".xml","0x11","247","132","132","0","F:\Trials Fusion\datapack\pak_runtime\data_patch_named\309_packinfo_pack.xml"
"ok","310","patch20/characters/apocalypse_mask/apocalypse_mask.gfx",".gfx","0x11","259","433","433","0","F:\Trials Fusion\datapack\pak_runtime\data_patch_named\310_patch20_characters_apocalypse_mask_apocalypse_mask.gfx"
"ok","311","patch20/characters/arno/arno_head.gfx",".gfx","0x11","250","427","427","0","F:\Trials Fusion\datapack\pak_runtime\data_patch_named\311_patch20_characters_arno_arno_head.gfx"
"ok","312","patch20/characters/arno/arno_legs.gfx",".gfx","0x11","266","427","427","0","F:\Trials Fusion\datapack\pak_runtime\data_patch_named\312_patch20_characters_arno_arno_legs.gfx"
"ok","313","patch20/characters/arno/arno_torso.gfx",".gfx","0x11","257","433","433","0","F:\Trials Fusion\datapack\pak_runtime\data_patch_named\313_patch20_characters_arno_arno_torso.gfx"
"ok","314","patch20/characters/barbara_outfit/barbara_helmet.gfx",".gfx","0x11","253","430","430","0","F:\Trials Fusion\datapack\pak_runtime\data_patch_named\314_patch20_characters_barbara_outfit_barbara_helmet.gfx"
"ok","315","patch20/characters/barbara_outfit/barbara_legs.gfx",".gfx","0x11","253","430","430","0","F:\Trials Fusion\datapack\pak_runtime\data_patch_named\315_patch20_characters_barbara_outfit_barbara_legs.gfx"
"ok","316","patch20/characters/barbara_outfit/barbara_torso.gfx",".gfx","0x11","254","431","431","0","F:\Trials Fusion\datapack\pak_runtime\data_patch_named\316_patch20_characters_barbara_outfit_barbara_torso.gfx"
"ok","317","patch20/characters/bounty_hunter/bounty_hunter_helmet.gfx",".gfx","0x11","259","436","436","0","F:\Trials Fusion\datapack\pak_runtime\data_patch_named\317_patch20_characters_bounty_hunter_bounty_hunter_helmet.gfx"
"ok","318","patch20/characters/bounty_hunter/bounty_hunter_legs.gfx",".gfx","0x11","296","585","585","0","F:\Trials Fusion\datapack\pak_runtime\data_patch_named\318_patch20_characters_bounty_hunter_bounty_hunter_legs.gfx"
"ok","319","patch20/characters/bounty_hunter/bounty_hunter_torso.gfx",".gfx","0x11","305","594","594","0","F:\Trials Fusion\datapack\pak_runtime\data_patch_named\319_patch20_characters_bounty_hunter_bounty_hunter_torso.gfx"
"ok","320","patch20/characters/cat_rider/catrider_still.gfx",".gfx","0x11","464","1177","1177","0","F:\Trials Fusion\datapack\pak_runtime\data_patch_named\320_patch20_characters_cat_rider_catrider_still.gfx"
"ok","321","patch20/characters/cat_rider/cat_rider.gfx",".gfx","0x11","254","427","427","0","F:\Trials Fusion\datapack\pak_runtime\data_patch_named\321_patch20_characters_cat_rider_cat_rider.gfx"
"ok","322","patch20/characters/cat_rider/cat_rider_2.gfx",".gfx","0x11","257","429","429","0","F:\Trials Fusion\datapack\pak_runtime\data_patch_named\322_patch20_characters_cat_rider_cat_rider_2.gfx"
"ok","323","patch20/characters/cat_rider/cat_rider_empty_1.gfx",".gfx","0x11","213","278","278","0","F:\Trials Fusion\datapack\pak_runtime\data_patch_named\323_patch20_characters_cat_rider_cat_rider_empty_1.gfx"
"ok","324","patch20/characters/cat_rider/cat_rider_empty_2.gfx",".gfx","0x11","213","278","278","0","F:\Trials Fusion\datapack\pak_runtime\data_patch_named\324_patch20_characters_cat_rider_cat_rider_empty_2.gfx"
"ok","325","patch20/characters/clara/clara_head.gfx",".gfx","0x11","253","428","428","0","F:\Trials Fusion\datapack\pak_runtime\data_patch_named\325_patch20_characters_clara_clara_head.gfx"
"ok","326","patch20/characters/clara/clara_legs.gfx",".gfx","0x11","253","428","428","0","F:\Trials Fusion\datapack\pak_runtime\data_patch_named\326_patch20_characters_clara_clara_legs.gfx"
"ok","327","patch20/characters/clara/clara_torso.gfx",".gfx","0x11","253","429","429","0","F:\Trials Fusion\datapack\pak_runtime\data_patch_named\327_patch20_characters_clara_clara_torso.gfx"
"ok","328","patch20/characters/cyborg_helmet/cyborg_helmet.gfx",".gfx","0x11","258","431","431","0","F:\Trials Fusion\datapack\pak_runtime\data_patch_named\328_patch20_characters_cyborg_helmet_cyborg_helmet.gfx"
"ok","329","patch20/characters/dapper/dapper_helmet.gfx",".gfx","0x11","255","431","431","0","F:\Trials Fusion\datapack\pak_runtime\data_patch_named\329_patch20_characters_dapper_dapper_helmet.gfx"
"ok","330","patch20/characters/dapper/dapper_legs.gfx",".gfx","0x11","253","427","427","0","F:\Trials Fusion\datapack\pak_runtime\data_patch_named\330_patch20_characters_dapper_dapper_legs.gfx"
"ok","331","patch20/characters/dapper/dapper_torso.gfx",".gfx","0x11","302","589","589","0","F:\Trials Fusion\datapack\pak_runtime\data_patch_named\331_patch20_characters_dapper_dapper_torso.gfx"
"ok","332","patch20/characters/dapper_pug/dapper_pug.gfx",".gfx","0x11","253","428","428","0","F:\Trials Fusion\datapack\pak_runtime\data_patch_named\332_patch20_characters_dapper_pug_dapper_pug.gfx"
"ok","333","patch20/characters/elise/elise_head.gfx",".gfx","0x11","317","727","727","0","F:\Trials Fusion\datapack\pak_runtime\data_patch_named\333_patch20_characters_elise_elise_head.gfx"
"ok","334","patch20/characters/elise/elise_legs.gfx",".gfx","0x11","252","428","428","0","F:\Trials Fusion\datapack\pak_runtime\data_patch_named\334_patch20_characters_elise_elise_legs.gfx"
"ok","335","patch20/characters/elise/elise_torso.gfx",".gfx","0x11","253","429","429","0","F:\Trials Fusion\datapack\pak_runtime\data_patch_named\335_patch20_characters_elise_elise_torso.gfx"
"ok","336","patch20/characters/femaleoutfit_1/female_outfit_1_bottom.gfx",".gfx","0x11","302","594","594","0","F:\Trials Fusion\datapack\pak_runtime\data_patch_named\336_patch20_characters_femaleoutfit_1_female_outfit_1_bottom.gfx"
"ok","337","patch20/characters/femaleoutfit_1/female_outfit_1_helmet.gfx",".gfx","0x11","263","440","440","0","F:\Trials Fusion\datapack\pak_runtime\data_patch_named\337_patch20_characters_femaleoutfit_1_female_outfit_1_helmet.gfx"
"ok","338","patch20/characters/femaleoutfit_1/female_outfit_1_top.gfx",".gfx","0x11","298","590","590","0","F:\Trials Fusion\datapack\pak_runtime\data_patch_named\338_patch20_characters_femaleoutfit_1_female_outfit_1_top.gfx"
"ok","339","patch20/characters/female_apocalypse_rider/female_apocalypse_rider_helmet.gfx",".gfx","0x11","264","441","441","0","F:\Trials Fusion\datapack\pak_runtime\data_patch_named\339_patch20_characters_female_apocalypse_rider_female_apocalypse_rider_helmet.gfx"
"ok","340","patch20/characters/female_apocalypse_rider/female_apocalypse_rider_legs.gfx",".gfx","0x11","339","751","751","0","F:\Trials Fusion\datapack\pak_runtime\data_patch_named\340_patch20_characters_female_apocalypse_rider_female_apocalypse_rider_legs.gfx"
"ok","341","patch20/characters/female_apocalypse_rider/female_apocalypse_rider_torso.gfx",".gfx","0x11","305","593","593","0","F:\Trials Fusion\datapack\pak_runtime\data_patch_named\341_patch20_characters_female_apocalypse_rider_female_apocalypse_rider_torso.gfx"
"ok","342","patch20/characters/female_assassin/female_assassin_helmet.gfx",".gfx","0x11","262","440","440","0","F:\Trials Fusion\datapack\pak_runtime\data_patch_named\342_patch20_characters_female_assassin_female_assassin_helmet.gfx"
"ok","343","patch20/characters/female_assassin/female_assassin_legs.gfx",".gfx","0x11","299","593","593","0","F:\Trials Fusion\datapack\pak_runtime\data_patch_named\343_patch20_characters_female_assassin_female_assassin_legs.gfx"
"ok","344","patch20/characters/female_assassin/female_assassin_torso.gfx",".gfx","0x11","308","603","603","0","F:\Trials Fusion\datapack\pak_runtime\data_patch_named\344_patch20_characters_female_assassin_female_assassin_torso.gfx"
"ok","345","patch20/characters/female_indian/female_indian_helmet.gfx",".gfx","0x11","264","439","439","0","F:\Trials Fusion\datapack\pak_runtime\data_patch_named\345_patch20_characters_female_indian_female_indian_helmet.gfx"
"ok","346","patch20/characters/female_indian/female_indian_legs.gfx",".gfx","0x11","298","590","590","0","F:\Trials Fusion\datapack\pak_runtime\data_patch_named\346_patch20_characters_female_indian_female_indian_legs.gfx"
"ok","347","patch20/characters/female_indian/female_indian_torso.gfx",".gfx","0x11","295","595","595","0","F:\Trials Fusion\datapack\pak_runtime\data_patch_named\347_patch20_characters_female_indian_female_indian_torso.gfx"
"ok","348","patch20/characters/female_officer/female_officer_helmet.gfx",".gfx","0x11","263","439","439","0","F:\Trials Fusion\datapack\pak_runtime\data_patch_named\348_patch20_characters_female_officer_female_officer_helmet.gfx"
"ok","349","patch20/characters/female_officer/female_officer_legs.gfx",".gfx","0x11","297","591","591","0","F:\Trials Fusion\datapack\pak_runtime\data_patch_named\349_patch20_characters_female_officer_female_officer_legs.gfx"
"ok","350","patch20/characters/female_officer/female_officer_torso.gfx",".gfx","0x11","300","591","591","0","F:\Trials Fusion\datapack\pak_runtime\data_patch_named\350_patch20_characters_female_officer_female_officer_torso.gfx"
"ok","351","patch20/characters/female_tech/female_tech_bottom.gfx",".gfx","0x11","298","590","590","0","F:\Trials Fusion\datapack\pak_runtime\data_patch_named\351_patch20_characters_female_tech_female_tech_bottom.gfx"
"ok","352","patch20/characters/female_tech/female_tech_helmet.gfx",".gfx","0x11","263","436","436","0","F:\Trials Fusion\datapack\pak_runtime\data_patch_named\352_patch20_characters_female_tech_female_tech_helmet.gfx"
"ok","353","patch20/characters/female_tech/female_tech_top.gfx",".gfx","0x11","290","586","586","0","F:\Trials Fusion\datapack\pak_runtime\data_patch_named\353_patch20_characters_female_tech_female_tech_top.gfx"
"ok","354","patch20/characters/garage_rider_female.gfx",".gfx","0x11","43969","63334","63334","0","F:\Trials Fusion\datapack\pak_runtime\data_patch_named\354_patch20_characters_garage_rider_female.gfx"
"ok","355","patch20/characters/horror_mask/horror_mask.gfx",".gfx","0x11","253","429","429","0","F:\Trials Fusion\datapack\pak_runtime\data_patch_named\355_patch20_characters_horror_mask_horror_mask.gfx"
"ok","356","patch20/characters/kraken_helmet/kraken_helmet.gfx",".gfx","0x11","257","431","431","0","F:\Trials Fusion\datapack\pak_runtime\data_patch_named\356_patch20_characters_kraken_helmet_kraken_helmet.gfx"
"ok","357","patch20/characters/male_assassin/m_assassin_head.gfx",".gfx","0x11","267","446","446","0","F:\Trials Fusion\datapack\pak_runtime\data_patch_named\357_patch20_characters_male_assassin_m_assassin_head.gfx"
"ok","358","patch20/characters/male_assassin/m_assassin_legs.gfx",".gfx","0x11","292","582","582","0","F:\Trials Fusion\datapack\pak_runtime\data_patch_named\358_patch20_characters_male_assassin_m_assassin_legs.gfx"
"ok","359","patch20/characters/male_assassin/m_assassin_torso.gfx",".gfx","0x11","287","578","578","0","F:\Trials Fusion\datapack\pak_runtime\data_patch_named\359_patch20_characters_male_assassin_m_assassin_torso.gfx"
"ok","360","patch20/characters/male_punk/male_punk_head.gfx",".gfx","0x11","258","434","434","0","F:\Trials Fusion\datapack\pak_runtime\data_patch_named\360_patch20_characters_male_punk_male_punk_head.gfx"
"ok","361","patch20/characters/male_punk/male_punk_legs.gfx",".gfx","0x11","293","583","583","0","F:\Trials Fusion\datapack\pak_runtime\data_patch_named\361_patch20_characters_male_punk_male_punk_legs.gfx"
"ok","362","patch20/characters/male_punk/male_punk_torso.gfx",".gfx","0x11","303","588","588","0","F:\Trials Fusion\datapack\pak_runtime\data_patch_named\362_patch20_characters_male_punk_male_punk_torso.gfx"
"ok","363","patch20/characters/partyhat/partyhat.gfx",".gfx","0x11","250","426","426","0","F:\Trials Fusion\datapack\pak_runtime\data_patch_named\363_patch20_characters_partyhat_partyhat.gfx"
"ok","364","patch20/characters/pit_baggie/pit_baggie.gfx",".gfx","0x11","253","428","428","0","F:\Trials Fusion\datapack\pak_runtime\data_patch_named\364_patch20_characters_pit_baggie_pit_baggie.gfx"
"ok","365","patch20/characters/pit_viper_tournament_helmet/pit_viper_tournament_helmet.gfx",".gfx","0x11","269","445","445","0","F:\Trials Fusion\datapack\pak_runtime\data_patch_named\365_patch20_characters_pit_viper_tournament_helmet_pit_viper_tournament_helmet.gfx"
"ok","366","patch20/characters/plague_doctor_helmet/plague_doctor_helmet.gfx",".gfx","0x11","262","438","438","0","F:\Trials Fusion\datapack\pak_runtime\data_patch_named\366_patch20_characters_plague_doctor_helmet_plague_doctor_helmet.gfx"
"ok","367","patch20/characters/podium_rider.gfx",".gfx","0x11","2708482","3456812","3456812","0","F:\Trials Fusion\datapack\pak_runtime\data_patch_named\367_patch20_characters_podium_rider.gfx"
"ok","368","patch20/characters/podium_unicorncat.gfx",".gfx","0x11","71027","101035","101035","0","F:\Trials Fusion\datapack\pak_runtime\data_patch_named\368_patch20_characters_podium_unicorncat.gfx"
"ok","369","patch20/characters/rabbit_helmet/rabbit_helmet.gfx",".gfx","0x11","255","431","431","0","F:\Trials Fusion\datapack\pak_runtime\data_patch_named\369_patch20_characters_rabbit_helmet_rabbit_helmet.gfx"
"ok","370","patch20/characters/rayman_outfit_1/rayman_helmet.gfx",".gfx","0x11","253","429","429","0","F:\Trials Fusion\datapack\pak_runtime\data_patch_named\370_patch20_characters_rayman_outfit_1_rayman_helmet.gfx"
"ok","371","patch20/characters/rayman_outfit_1/rayman_legs.gfx",".gfx","0x11","285","571","571","0","F:\Trials Fusion\datapack\pak_runtime\data_patch_named\371_patch20_characters_rayman_outfit_1_rayman_legs.gfx"
"ok","372","patch20/characters/rayman_outfit_1/rayman_torso.gfx",".gfx","0x11","301","587","587","0","F:\Trials Fusion\datapack\pak_runtime\data_patch_named\372_patch20_characters_rayman_outfit_1_rayman_torso.gfx"
"ok","373","patch20/characters/roach/roach.gfx",".gfx","0x11","247","423","423","0","F:\Trials Fusion\datapack\pak_runtime\data_patch_named\373_patch20_characters_roach_roach.gfx"
"ok","374","patch20/characters/tko_panda_helmet/tko_panda_helmet.gfx",".gfx","0x11","258","434","434","0","F:\Trials Fusion\datapack\pak_runtime\data_patch_named\374_patch20_characters_tko_panda_helmet_tko_panda_helmet.gfx"
"ok","375","patch20/characters/unicorn.gfx",".gfx","0x11","66843","121369","121369","0","F:\Trials Fusion\datapack\pak_runtime\data_patch_named\375_patch20_characters_unicorn.gfx"
"ok","376","patch20/characters/watch_dogs_aiden/watchdogs_aiden_bottom.gfx",".gfx","0x11","253","428","428","0","F:\Trials Fusion\datapack\pak_runtime\data_patch_named\376_patch20_characters_watch_dogs_aiden_watchdogs_aiden_bottom.gfx"
"ok","377","patch20/characters/watch_dogs_aiden/watchdogs_aiden_head.gfx",".gfx","0x11","251","426","426","0","F:\Trials Fusion\datapack\pak_runtime\data_patch_named\377_patch20_characters_watch_dogs_aiden_watchdogs_aiden_head.gfx"
"ok","378","patch20/characters/watch_dogs_aiden/watchdogs_aiden_top.gfx",".gfx","0x11","248","425","425","0","F:\Trials Fusion\datapack\pak_runtime\data_patch_named\378_patch20_characters_watch_dogs_aiden_watchdogs_aiden_top.gfx"
"ok","379","patch20/patch_error.gfx",".gfx","0x11","254","429","429","0","F:\Trials Fusion\datapack\pak_runtime\data_patch_named\379_patch20_patch_error.gfx"
"ok","380","patch20/rims/clockwork_rim/clockwork_rims.gfx",".gfx","0x11","377","1185","1185","0","F:\Trials Fusion\datapack\pak_runtime\data_patch_named\380_patch20_rims_clockwork_rim_clockwork_rims.gfx"
"ok","381","patch20/rims/componential_rim_1/componential_rim_back.gfx",".gfx","0x11","496","1989","1989","0","F:\Trials Fusion\datapack\pak_runtime\data_patch_named\381_patch20_rims_componential_rim_1_componential_rim_back.gfx"
"ok","382","patch20/rims/componential_rim_1/componential_rim_front.gfx",".gfx","0x11","499","1998","1998","0","F:\Trials Fusion\datapack\pak_runtime\data_patch_named\382_patch20_rims_componential_rim_1_componential_rim_front.gfx"
"ok","383","patch20/rims/componential_rim_2/componential_rim_2.gfx",".gfx","0x11","394","1197","1197","0","F:\Trials Fusion\datapack\pak_runtime\data_patch_named\383_patch20_rims_componential_rim_2_componential_rim_2.gfx"
"ok","384","patch20/rims/evility_rim/evility_rim.gfx",".gfx","0x11","388","1197","1197","0","F:\Trials Fusion\datapack\pak_runtime\data_patch_named\384_patch20_rims_evility_rim_evility_rim.gfx"
"ok","385","patch20/rims/fusion_rim/fusion_rim.gfx",".gfx","0x11","381","1186","1186","0","F:\Trials Fusion\datapack\pak_runtime\data_patch_named\385_patch20_rims_fusion_rim_fusion_rim.gfx"
"ok","386","patch20/rims/holograph_rim/holograph_rim.gfx",".gfx","0x11","395","1185","1185","0","F:\Trials Fusion\datapack\pak_runtime\data_patch_named\386_patch20_rims_holograph_rim_holograph_rim.gfx"
"ok","387","patch20/rims/rimsgrinder/rimsgrinder.gfx",".gfx","0x11","399","1184","1184","0","F:\Trials Fusion\datapack\pak_runtime\data_patch_named\387_patch20_rims_rimsgrinder_rimsgrinder.gfx"
"ok","388","patch20/rims/spittingout_rim/spittingout_rims.gfx",".gfx","0x11","391","1194","1194","0","F:\Trials Fusion\datapack\pak_runtime\data_patch_named\388_patch20_rims_spittingout_rim_spittingout_rims.gfx"
"ok","389","patch20/rims/sumie_rim/sumie_rim.gfx",".gfx","0x11","384","1169","1169","0","F:\Trials Fusion\datapack\pak_runtime\data_patch_named\389_patch20_rims_sumie_rim_sumie_rim.gfx"
"ok","390","patch20/rims/themindscrew_rim/themindscrew_rim.gfx",".gfx","0x11","397","1184","1184","0","F:\Trials Fusion\datapack\pak_runtime\data_patch_named\390_patch20_rims_themindscrew_rim_themindscrew_rim.gfx"
"ok","391","patch20/rims/uzumaki_rim/uzumaki_rim.gfx",".gfx","0x11","374","1185","1185","0","F:\Trials Fusion\datapack\pak_runtime\data_patch_named\391_patch20_rims_uzumaki_rim_uzumaki_rim.gfx"
"ok","392","patch20/sfx/bike/unicorn_fire.gfx",".gfx","0x11","1733","5429","5429","0","F:\Trials Fusion\datapack\pak_runtime\data_patch_named\392_patch20_sfx_bike_unicorn_fire.gfx"
"ok","393","patch20/sfx/bike/unicorn_rainbow.gfx",".gfx","0x11","791","1686","1686","0","F:\Trials Fusion\datapack\pak_runtime\data_patch_named\393_patch20_sfx_bike_unicorn_rainbow.gfx"
"ok","394","patch20/tools/controller/controller_b_1.gfx",".gfx","0x11","291","462","462","0","F:\Trials Fusion\datapack\pak_runtime\data_patch_named\394_patch20_tools_controller_controller_b_1.gfx"
"ok","395","patch20/tools/controller/ps4/controller_b_1.gfx",".gfx","0x11","290","461","461","0","F:\Trials Fusion\datapack\pak_runtime\data_patch_named\395_patch20_tools_controller_ps4_controller_b_1.gfx"
"ok","396","patch20/tools/controller/xbox/controller_b_1.gfx",".gfx","0x11","291","462","462","0","F:\Trials Fusion\datapack\pak_runtime\data_patch_named\396_patch20_tools_controller_xbox_controller_b_1.gfx"
"ok","397","patch20/vehicles/bikes/baggie_80s/minx_80s_back_swing_arm_1.gfx",".gfx","0x11","397","1071","1071","0","F:\Trials Fusion\datapack\pak_runtime\data_patch_named\397_patch20_vehicles_bikes_baggie_80s_minx_80s_back_swing_arm_1.gfx"
"ok","398","patch20/vehicles/bikes/baggie_80s/minx_80s_engine_1.gfx",".gfx","0x11","259","434","434","0","F:\Trials Fusion\datapack\pak_runtime\data_patch_named\398_patch20_vehicles_bikes_baggie_80s_minx_80s_engine_1.gfx"
"ok","399","patch20/vehicles/bikes/baggie_80s/minx_80s_engine_fender_1.gfx",".gfx","0x11","275","462","462","0","F:\Trials Fusion\datapack\pak_runtime\data_patch_named\399_patch20_vehicles_bikes_baggie_80s_minx_80s_engine_fender_1.gfx"
"ok","400","patch20/vehicles/bikes/baggie_80s/minx_80s_exhaust_1.gfx",".gfx","0x11","258","435","435","0","F:\Trials Fusion\datapack\pak_runtime\data_patch_named\400_patch20_vehicles_bikes_baggie_80s_minx_80s_exhaust_1.gfx"
"ok","401","patch20/vehicles/bikes/baggie_80s/minx_80s_fender_front_1.gfx",".gfx","0x11","264","440","440","0","F:\Trials Fusion\datapack\pak_runtime\data_patch_named\401_patch20_vehicles_bikes_baggie_80s_minx_80s_fender_front_1.gfx"
"ok","402","patch20/vehicles/bikes/baggie_80s/minx_80s_fender_rear_1.gfx",".gfx","0x11","263","439","439","0","F:\Trials Fusion\datapack\pak_runtime\data_patch_named\402_patch20_vehicles_bikes_baggie_80s_minx_80s_fender_rear_1.gfx"
"ok","403","patch20/vehicles/bikes/baggie_80s/minx_80s_frame_1.gfx",".gfx","0x11","256","433","433","0","F:\Trials Fusion\datapack\pak_runtime\data_patch_named\403_patch20_vehicles_bikes_baggie_80s_minx_80s_frame_1.gfx"
"ok","404","patch20/vehicles/bikes/baggie_80s/minx_80s_front_suspension_1.gfx",".gfx","0x11","265","444","444","0","F:\Trials Fusion\datapack\pak_runtime\data_patch_named\404_patch20_vehicles_bikes_baggie_80s_minx_80s_front_suspension_1.gfx"
"ok","405","patch20/vehicles/bikes/baggie_80s/minx_80s_head_light_1.gfx",".gfx","0x11","262","438","438","0","F:\Trials Fusion\datapack\pak_runtime\data_patch_named\405_patch20_vehicles_bikes_baggie_80s_minx_80s_head_light_1.gfx"
"ok","406","patch20/vehicles/bikes/baggie_80s/minx_80s_seat_1.gfx",".gfx","0x11","256","432","432","0","F:\Trials Fusion\datapack\pak_runtime\data_patch_named\406_patch20_vehicles_bikes_baggie_80s_minx_80s_seat_1.gfx"
"ok","407","patch20/vehicles/bikes/baggie_80s/minx_80s_steering_1.gfx",".gfx","0x11","300","596","596","0","F:\Trials Fusion\datapack\pak_runtime\data_patch_named\407_patch20_vehicles_bikes_baggie_80s_minx_80s_steering_1.gfx"
"ok","408","patch20/vehicles/bikes/baggie_80s/minx_80s_tank_1.gfx",".gfx","0x11","270","453","453","0","F:\Trials Fusion\datapack\pak_runtime\data_patch_named\408_patch20_vehicles_bikes_baggie_80s_minx_80s_tank_1.gfx"
"ok","409","patch20/vehicles/bikes/bike_donkey_1.gfx",".gfx","0x11","6564","22121","22121","0","F:\Trials Fusion\datapack\pak_runtime\data_patch_named\409_patch20_vehicles_bikes_bike_donkey_1.gfx"
"ok","410","patch20/vehicles/bikes/bike_unicorn.gfx",".gfx","0x11","7472","26161","26161","0","F:\Trials Fusion\datapack\pak_runtime\data_patch_named\410_patch20_vehicles_bikes_bike_unicorn.gfx"
"ok","411","patch20/vehicles/bikes/donkey_bike/donkey_frame_1.gfx",".gfx","0x11","245","422","422","0","F:\Trials Fusion\datapack\pak_runtime\data_patch_named\411_patch20_vehicles_bikes_donkey_bike_donkey_frame_1.gfx"
"ok","412","patch20/vehicles/bikes/donkey_bike/donkey_front_suspension_1.gfx",".gfx","0x11","255","434","434","0","F:\Trials Fusion\datapack\pak_runtime\data_patch_named\412_patch20_vehicles_bikes_donkey_bike_donkey_front_suspension_1.gfx"
"ok","413","patch20/vehicles/bikes/donkey_bike/donkey_front_tire_1.gfx",".gfx","0x11","252","428","428","0","F:\Trials Fusion\datapack\pak_runtime\data_patch_named\413_patch20_vehicles_bikes_donkey_bike_donkey_front_tire_1.gfx"
"ok","414","patch20/vehicles/bikes/donkey_bike/donkey_rear_suspension_1.gfx",".gfx","0x11","253","433","433","0","F:\Trials Fusion\datapack\pak_runtime\data_patch_named\414_patch20_vehicles_bikes_donkey_bike_donkey_rear_suspension_1.gfx"
"ok","415","patch20/vehicles/bikes/donkey_bike/donkey_rear_tire_1.gfx",".gfx","0x11","249","427","427","0","F:\Trials Fusion\datapack\pak_runtime\data_patch_named\415_patch20_vehicles_bikes_donkey_bike_donkey_rear_tire_1.gfx"
"ok","416","patch20/vehicles/bikes/donkey_bike/donkey_steering_1.gfx",".gfx","0x11","251","426","426","0","F:\Trials Fusion\datapack\pak_runtime\data_patch_named\416_patch20_vehicles_bikes_donkey_bike_donkey_steering_1.gfx"
"ok","417","patch20/vehicles/bikes/garage_donkey_1.gfx",".gfx","0x11","1769","5586","5586","0","F:\Trials Fusion\datapack\pak_runtime\data_patch_named\417_patch20_vehicles_bikes_garage_donkey_1.gfx"
"ok","418","patch20/vehicles/bikes/garage_unicorn.gfx",".gfx","0x11","1345","4535","4535","0","F:\Trials Fusion\datapack\pak_runtime\data_patch_named\418_patch20_vehicles_bikes_garage_unicorn.gfx"
"ok","419","patch20/vehicles/bikes/pitvipercomicbook/cheetah_comicbook_backswing_1.gfx",".gfx","0x11","401","1070","1070","0","F:\Trials Fusion\datapack\pak_runtime\data_patch_named\419_patch20_vehicles_bikes_pitvipercomicbook_cheetah_comicbook_backswing_1.gfx"
"ok","420","patch20/vehicles/bikes/pitvipercomicbook/cheetah_comicbook_engine_1.gfx",".gfx","0x11","257","432","432","0","F:\Trials Fusion\datapack\pak_runtime\data_patch_named\420_patch20_vehicles_bikes_pitvipercomicbook_cheetah_comicbook_engine_1.gfx"
"ok","421","patch20/vehicles/bikes/pitvipercomicbook/cheetah_comicbook_engine_fender_1.gfx",".gfx","0x11","306","605","605","0","F:\Trials Fusion\datapack\pak_runtime\data_patch_named\421_patch20_vehicles_bikes_pitvipercomicbook_cheetah_comicbook_engine_fender_1.gfx"
"ok","422","patch20/vehicles/bikes/pitvipercomicbook/cheetah_comicbook_exhaust_1.gfx",".gfx","0x11","256","433","433","0","F:\Trials Fusion\datapack\pak_runtime\data_patch_named\422_patch20_vehicles_bikes_pitvipercomicbook_cheetah_comicbook_exhaust_1.gfx"
"ok","423","patch20/vehicles/bikes/pitvipercomicbook/cheetah_comicbook_fender_front_1.gfx",".gfx","0x11","302","438","438","0","F:\Trials Fusion\datapack\pak_runtime\data_patch_named\423_patch20_vehicles_bikes_pitvipercomicbook_cheetah_comicbook_fender_front_1.gfx"
"ok","424","patch20/vehicles/bikes/pitvipercomicbook/cheetah_comicbook_fender_rear_1.gfx",".gfx","0x11","294","595","595","0","F:\Trials Fusion\datapack\pak_runtime\data_patch_named\424_patch20_vehicles_bikes_pitvipercomicbook_cheetah_comicbook_fender_rear_1.gfx"
"ok","425","patch20/vehicles/bikes/pitvipercomicbook/cheetah_comicbook_frame_1.gfx",".gfx","0x11","289","587","587","0","F:\Trials Fusion\datapack\pak_runtime\data_patch_named\425_patch20_vehicles_bikes_pitvipercomicbook_cheetah_comicbook_frame_1.gfx"
"ok","426","patch20/vehicles/bikes/pitvipercomicbook/cheetah_comicbook_front_suspension_1.gfx",".gfx","0x11","264","442","442","0","F:\Trials Fusion\datapack\pak_runtime\data_patch_named\426_patch20_vehicles_bikes_pitvipercomicbook_cheetah_comicbook_front_suspension_1.gfx"
"ok","427","patch20/vehicles/bikes/pitvipercomicbook/cheetah_comicbook_headlight_1.gfx",".gfx","0x11","424","742","742","0","F:\Trials Fusion\datapack\pak_runtime\data_patch_named\427_patch20_vehicles_bikes_pitvipercomicbook_cheetah_comicbook_headlight_1.gfx"
"ok","428","patch20/vehicles/bikes/pitvipercomicbook/cheetah_comicbook_steering_1.gfx",".gfx","0x11","335","766","766","0","F:\Trials Fusion\datapack\pak_runtime\data_patch_named\428_patch20_vehicles_bikes_pitvipercomicbook_cheetah_comicbook_steering_1.gfx"
"ok","429","patch20/vehicles/bikes/pitviperevo/cheetah_evo_backswing_1.gfx",".gfx","0x11","402","1072","1072","0","F:\Trials Fusion\datapack\pak_runtime\data_patch_named\429_patch20_vehicles_bikes_pitviperevo_cheetah_evo_backswing_1.gfx"
"ok","430","patch20/vehicles/bikes/pitviperevo/cheetah_evo_engine_1.gfx",".gfx","0x11","257","432","432","0","F:\Trials Fusion\datapack\pak_runtime\data_patch_named\430_patch20_vehicles_bikes_pitviperevo_cheetah_evo_engine_1.gfx"
"ok","431","patch20/vehicles/bikes/pitviperevo/cheetah_evo_engine_fender_1.gfx",".gfx","0x11","309","605","605","0","F:\Trials Fusion\datapack\pak_runtime\data_patch_named\431_patch20_vehicles_bikes_pitviperevo_cheetah_evo_engine_fender_1.gfx"
"ok","432","patch20/vehicles/bikes/pitviperevo/cheetah_evo_exhaust_1.gfx",".gfx","0x11","256","433","433","0","F:\Trials Fusion\datapack\pak_runtime\data_patch_named\432_patch20_vehicles_bikes_pitviperevo_cheetah_evo_exhaust_1.gfx"
"ok","433","patch20/vehicles/bikes/pitviperevo/cheetah_evo_fender_front_1.gfx",".gfx","0x11","308","438","438","0","F:\Trials Fusion\datapack\pak_runtime\data_patch_named\433_patch20_vehicles_bikes_pitviperevo_cheetah_evo_fender_front_1.gfx"
"ok","434","patch20/vehicles/bikes/pitviperevo/cheetah_evo_fender_rear_1.gfx",".gfx","0x11","294","595","595","0","F:\Trials Fusion\datapack\pak_runtime\data_patch_named\434_patch20_vehicles_bikes_pitviperevo_cheetah_evo_fender_rear_1.gfx"
"ok","435","patch20/vehicles/bikes/pitviperevo/cheetah_evo_frame_1.gfx",".gfx","0x11","288","587","587","0","F:\Trials Fusion\datapack\pak_runtime\data_patch_named\435_patch20_vehicles_bikes_pitviperevo_cheetah_evo_frame_1.gfx"
"ok","436","patch20/vehicles/bikes/pitviperevo/cheetah_evo_front_suspension_1.gfx",".gfx","0x11","264","442","442","0","F:\Trials Fusion\datapack\pak_runtime\data_patch_named\436_patch20_vehicles_bikes_pitviperevo_cheetah_evo_front_suspension_1.gfx"
"ok","437","patch20/vehicles/bikes/pitviperevo/cheetah_evo_headlight_1.gfx",".gfx","0x11","424","742","742","0","F:\Trials Fusion\datapack\pak_runtime\data_patch_named\437_patch20_vehicles_bikes_pitviperevo_cheetah_evo_headlight_1.gfx"
"ok","438","patch20/vehicles/bikes/pitviperevo/cheetah_evo_steering_1.gfx",".gfx","0x11","335","766","766","0","F:\Trials Fusion\datapack\pak_runtime\data_patch_named\438_patch20_vehicles_bikes_pitviperevo_cheetah_evo_steering_1.gfx"
"ok","439","patch20/vehicles/bikes/pitvipergold/cheetah_gold_backswing_1.gfx",".gfx","0x11","401","1070","1070","0","F:\Trials Fusion\datapack\pak_runtime\data_patch_named\439_patch20_vehicles_bikes_pitvipergold_cheetah_gold_backswing_1.gfx"
"ok","440","patch20/vehicles/bikes/pitvipergold/cheetah_gold_engine_1.gfx",".gfx","0x11","257","432","432","0","F:\Trials Fusion\datapack\pak_runtime\data_patch_named\440_patch20_vehicles_bikes_pitvipergold_cheetah_gold_engine_1.gfx"
"ok","441","patch20/vehicles/bikes/pitvipergold/cheetah_gold_engine_fender_1.gfx",".gfx","0x11","264","439","439","0","F:\Trials Fusion\datapack\pak_runtime\data_patch_named\441_patch20_vehicles_bikes_pitvipergold_cheetah_gold_engine_fender_1.gfx"
"ok","442","patch20/vehicles/bikes/pitvipergold/cheetah_gold_exhaust_1.gfx",".gfx","0x11","256","433","433","0","F:\Trials Fusion\datapack\pak_runtime\data_patch_named\442_patch20_vehicles_bikes_pitvipergold_cheetah_gold_exhaust_1.gfx"
"ok","443","patch20/vehicles/bikes/pitvipergold/cheetah_gold_fender_front_1.gfx",".gfx","0x11","303","438","438","0","F:\Trials Fusion\datapack\pak_runtime\data_patch_named\443_patch20_vehicles_bikes_pitvipergold_cheetah_gold_fender_front_1.gfx"
"ok","444","patch20/vehicles/bikes/pitvipergold/cheetah_gold_fender_rear_1.gfx",".gfx","0x11","260","435","435","0","F:\Trials Fusion\datapack\pak_runtime\data_patch_named\444_patch20_vehicles_bikes_pitvipergold_cheetah_gold_fender_rear_1.gfx"
"ok","445","patch20/vehicles/bikes/pitvipergold/cheetah_gold_frame_1.gfx",".gfx","0x11","290","589","589","0","F:\Trials Fusion\datapack\pak_runtime\data_patch_named\445_patch20_vehicles_bikes_pitvipergold_cheetah_gold_frame_1.gfx"
"ok","446","patch20/vehicles/bikes/pitvipergold/cheetah_gold_front_suspension_1.gfx",".gfx","0x11","264","442","442","0","F:\Trials Fusion\datapack\pak_runtime\data_patch_named\446_patch20_vehicles_bikes_pitvipergold_cheetah_gold_front_suspension_1.gfx"
"ok","447","patch20/vehicles/bikes/pitvipergold/cheetah_gold_headlight_1.gfx",".gfx","0x11","424","742","742","0","F:\Trials Fusion\datapack\pak_runtime\data_patch_named\447_patch20_vehicles_bikes_pitvipergold_cheetah_gold_headlight_1.gfx"
"ok","448","patch20/vehicles/bikes/pitvipergold/cheetah_gold_seat_1.gfx",".gfx","0x11","254","430","430","0","F:\Trials Fusion\datapack\pak_runtime\data_patch_named\448_patch20_vehicles_bikes_pitvipergold_cheetah_gold_seat_1.gfx"
"ok","449","patch20/vehicles/bikes/pitvipergold/cheetah_gold_steering_1.gfx",".gfx","0x11","335","766","766","0","F:\Trials Fusion\datapack\pak_runtime\data_patch_named\449_patch20_vehicles_bikes_pitvipergold_cheetah_gold_steering_1.gfx"
"ok","450","patch20/vehicles/bikes/pitvipergold/cheetah_gold_tank_1.gfx",".gfx","0x11","255","430","430","0","F:\Trials Fusion\datapack\pak_runtime\data_patch_named\450_patch20_vehicles_bikes_pitvipergold_cheetah_gold_tank_1.gfx"
"ok","451","patch20/vehicles/bikes/pitviperwatchdogs/cheetah_watchdogs_backswing_1.gfx",".gfx","0x11","402","1072","1072","0","F:\Trials Fusion\datapack\pak_runtime\data_patch_named\451_patch20_vehicles_bikes_pitviperwatchdogs_cheetah_watchdogs_backswing_1.gfx"
"ok","452","patch20/vehicles/bikes/pitviperwatchdogs/cheetah_watchdogs_engine_1.gfx",".gfx","0x11","257","432","432","0","F:\Trials Fusion\datapack\pak_runtime\data_patch_named\452_patch20_vehicles_bikes_pitviperwatchdogs_cheetah_watchdogs_engine_1.gfx"
"ok","453","patch20/vehicles/bikes/pitviperwatchdogs/cheetah_watchdogs_exhaust_1.gfx",".gfx","0x11","256","433","433","0","F:\Trials Fusion\datapack\pak_runtime\data_patch_named\453_patch20_vehicles_bikes_pitviperwatchdogs_cheetah_watchdogs_exhaust_1.gfx"
"ok","454","patch20/vehicles/bikes/pitviperwatchdogs/cheetah_watchdogs_fender_front_1.gfx",".gfx","0x11","301","438","438","0","F:\Trials Fusion\datapack\pak_runtime\data_patch_named\454_patch20_vehicles_bikes_pitviperwatchdogs_cheetah_watchdogs_fender_front_1.gfx"
"ok","455","patch20/vehicles/bikes/pitviperwatchdogs/cheetah_watchdogs_fender_rear_1.gfx",".gfx","0x11","294","595","595","0","F:\Trials Fusion\datapack\pak_runtime\data_patch_named\455_patch20_vehicles_bikes_pitviperwatchdogs_cheetah_watchdogs_fender_rear_1.gfx"
"ok","456","patch20/vehicles/bikes/pitviperwatchdogs/cheetah_watchdogs_frame_1.gfx",".gfx","0x11","289","587","587","0","F:\Trials Fusion\datapack\pak_runtime\data_patch_named\456_patch20_vehicles_bikes_pitviperwatchdogs_cheetah_watchdogs_frame_1.gfx"
"ok","457","patch20/vehicles/bikes/pitviperwatchdogs/cheetah_watchdogs_front_suspension_1.gfx",".gfx","0x11","264","442","442","0","F:\Trials Fusion\datapack\pak_runtime\data_patch_named\457_patch20_vehicles_bikes_pitviperwatchdogs_cheetah_watchdogs_front_suspension_1.gfx"
"ok","458","patch20/vehicles/bikes/pitviperwatchdogs/cheetah_watchdogs_headlight_1.gfx",".gfx","0x11","424","742","742","0","F:\Trials Fusion\datapack\pak_runtime\data_patch_named\458_patch20_vehicles_bikes_pitviperwatchdogs_cheetah_watchdogs_headlight_1.gfx"
"ok","459","patch20/vehicles/bikes/pitviperwatchdogs/cheetah_watchdogs_seat_1.gfx",".gfx","0x11","254","430","430","0","F:\Trials Fusion\datapack\pak_runtime\data_patch_named\459_patch20_vehicles_bikes_pitviperwatchdogs_cheetah_watchdogs_seat_1.gfx"
"ok","460","patch20/vehicles/bikes/pitviperwatchdogs/cheetah_watchdogs_steering_1.gfx",".gfx","0x11","335","766","766","0","F:\Trials Fusion\datapack\pak_runtime\data_patch_named\460_patch20_vehicles_bikes_pitviperwatchdogs_cheetah_watchdogs_steering_1.gfx"
"ok","461","patch20/vehicles/bikes/pitviperwatchdogs/cheetah_watchdogs_tank_1.gfx",".gfx","0x11","294","584","584","0","F:\Trials Fusion\datapack\pak_runtime\data_patch_named\461_patch20_vehicles_bikes_pitviperwatchdogs_cheetah_watchdogs_tank_1.gfx"
"ok","462","patch20/vehicles/bikes/rabbitbmx/paper_boy_bmx_back_swing_arm_1.gfx",".gfx","0x11","366","911","911","0","F:\Trials Fusion\datapack\pak_runtime\data_patch_named\462_patch20_vehicles_bikes_rabbitbmx_paper_boy_bmx_back_swing_arm_1.gfx"
"ok","463","patch20/vehicles/bikes/rabbitbmx/paper_boy_bmx_frame_1.gfx",".gfx","0x11","296","592","592","0","F:\Trials Fusion\datapack\pak_runtime\data_patch_named\463_patch20_vehicles_bikes_rabbitbmx_paper_boy_bmx_frame_1.gfx"
"ok","464","patch20/vehicles/bikes/rabbitbmx/paper_boy_bmx_steering_1.gfx",".gfx","0x11","353","752","752","0","F:\Trials Fusion\datapack\pak_runtime\data_patch_named\464_patch20_vehicles_bikes_rabbitbmx_paper_boy_bmx_steering_1.gfx"
"ok","465","patch20/vehicles/bikes/rabbitbmx/paper_boy_bmx_suspension_front_1.gfx",".gfx","0x11","267","444","444","0","F:\Trials Fusion\datapack\pak_runtime\data_patch_named\465_patch20_vehicles_bikes_rabbitbmx_paper_boy_bmx_suspension_front_1.gfx"
"ok","466","patch20/vehicles/bikes/rabbitbmx/paper_boy_bmx_tire_front_1.gfx",".gfx","0x11","300","602","602","0","F:\Trials Fusion\datapack\pak_runtime\data_patch_named\466_patch20_vehicles_bikes_rabbitbmx_paper_boy_bmx_tire_front_1.gfx"
"ok","467","patch20/vehicles/bikes/rabbitbmx/paper_boy_bmx_tire_rear_1.gfx",".gfx","0x11","327","757","757","0","F:\Trials Fusion\datapack\pak_runtime\data_patch_named\467_patch20_vehicles_bikes_rabbitbmx_paper_boy_bmx_tire_rear_1.gfx"
"ok","468","patch20/vehicles/bikes/rabbitwildcat/paper_boy_wildcat_back_swing_arm_1.gfx",".gfx","0x11","364","909","909","0","F:\Trials Fusion\datapack\pak_runtime\data_patch_named\468_patch20_vehicles_bikes_rabbitwildcat_paper_boy_wildcat_back_swing_arm_1.gfx"
"ok","469","patch20/vehicles/bikes/rabbitwildcat/paper_boy_wildcat_frame_1.gfx",".gfx","0x11","294","590","590","0","F:\Trials Fusion\datapack\pak_runtime\data_patch_named\469_patch20_vehicles_bikes_rabbitwildcat_paper_boy_wildcat_frame_1.gfx"
"ok","470","patch20/vehicles/bikes/rabbitwildcat/paper_boy_wildcat_steering_1.gfx",".gfx","0x11","351","750","750","0","F:\Trials Fusion\datapack\pak_runtime\data_patch_named\470_patch20_vehicles_bikes_rabbitwildcat_paper_boy_wildcat_steering_1.gfx"
"ok","471","patch20/vehicles/bikes/rabbitwildcat/paper_boy_wildcat_suspension_front_1.gfx",".gfx","0x11","265","442","442","0","F:\Trials Fusion\datapack\pak_runtime\data_patch_named\471_patch20_vehicles_bikes_rabbitwildcat_paper_boy_wildcat_suspension_front_1.gfx"
"ok","472","patch20/vehicles/bikes/rabbitwildcat/paper_boy_wildcat_tire_front_1.gfx",".gfx","0x11","298","600","600","0","F:\Trials Fusion\datapack\pak_runtime\data_patch_named\472_patch20_vehicles_bikes_rabbitwildcat_paper_boy_wildcat_tire_front_1.gfx"
"ok","473","patch20/vehicles/bikes/rabbitwildcat/paper_boy_wildcat_tire_rear_1.gfx",".gfx","0x11","325","755","755","0","F:\Trials Fusion\datapack\pak_runtime\data_patch_named\473_patch20_vehicles_bikes_rabbitwildcat_paper_boy_wildcat_tire_rear_1.gfx"
"ok","474","patch20/vehicles/bikes/rayman_pitviper/rayman_pitviper_backswing.gfx",".gfx","0x11","443","1243","1243","0","F:\Trials Fusion\datapack\pak_runtime\data_patch_named\474_patch20_vehicles_bikes_rayman_pitviper_rayman_pitviper_backswing.gfx"
"ok","475","patch20/vehicles/bikes/rayman_pitviper/rayman_pitviper_enginefender.gfx",".gfx","0x11","271","446","446","0","F:\Trials Fusion\datapack\pak_runtime\data_patch_named\475_patch20_vehicles_bikes_rayman_pitviper_rayman_pitviper_enginefender.gfx"
"ok","476","patch20/vehicles/bikes/rayman_pitviper/rayman_pitviper_fender_front.gfx",".gfx","0x11","262","438","438","0","F:\Trials Fusion\datapack\pak_runtime\data_patch_named\476_patch20_vehicles_bikes_rayman_pitviper_rayman_pitviper_fender_front.gfx"
"ok","477","patch20/vehicles/bikes/rayman_pitviper/rayman_pitviper_fender_rear.gfx",".gfx","0x11","261","437","437","0","F:\Trials Fusion\datapack\pak_runtime\data_patch_named\477_patch20_vehicles_bikes_rayman_pitviper_rayman_pitviper_fender_rear.gfx"
"ok","478","patch20/vehicles/bikes/rayman_pitviper/rayman_pitviper_headlight.gfx",".gfx","0x11","302","600","600","0","F:\Trials Fusion\datapack\pak_runtime\data_patch_named\478_patch20_vehicles_bikes_rayman_pitviper_rayman_pitviper_headlight.gfx"
"ok","479","patch20/vehicles/bikes/rayman_pitviper/rayman_pitviper_tank.gfx",".gfx","0x11","255","430","430","0","F:\Trials Fusion\datapack\pak_runtime\data_patch_named\479_patch20_vehicles_bikes_rayman_pitviper_rayman_pitviper_tank.gfx"
"ok","480","patch20/vehicles/bikes/rayman_roach/rayman_roach_engine.gfx",".gfx","0x11","260","436","436","0","F:\Trials Fusion\datapack\pak_runtime\data_patch_named\480_patch20_vehicles_bikes_rayman_roach_rayman_roach_engine.gfx"
"ok","481","patch20/vehicles/bikes/rayman_roach/rayman_roach_engine_fender.gfx",".gfx","0x11","267","443","443","0","F:\Trials Fusion\datapack\pak_runtime\data_patch_named\481_patch20_vehicles_bikes_rayman_roach_rayman_roach_engine_fender.gfx"
"ok","482","patch20/vehicles/bikes/rayman_roach/rayman_roach_exhaust.gfx",".gfx","0x11","276","442","442","0","F:\Trials Fusion\datapack\pak_runtime\data_patch_named\482_patch20_vehicles_bikes_rayman_roach_rayman_roach_exhaust.gfx"
"ok","483","patch20/vehicles/bikes/rayman_roach/rayman_roach_frame.gfx",".gfx","0x11","343","743","743","0","F:\Trials Fusion\datapack\pak_runtime\data_patch_named\483_patch20_vehicles_bikes_rayman_roach_rayman_roach_frame.gfx"
"ok","484","patch20/vehicles/bikes/rayman_roach/rayman_roach_front_fender.gfx",".gfx","0x11","212","278","278","0","F:\Trials Fusion\datapack\pak_runtime\data_patch_named\484_patch20_vehicles_bikes_rayman_roach_rayman_roach_front_fender.gfx"
"ok","485","patch20/vehicles/bikes/rayman_roach/rayman_roach_front_suspension.gfx",".gfx","0x11","332","603","603","0","F:\Trials Fusion\datapack\pak_runtime\data_patch_named\485_patch20_vehicles_bikes_rayman_roach_rayman_roach_front_suspension.gfx"
"ok","486","patch20/vehicles/bikes/rayman_roach/rayman_roach_head_light.gfx",".gfx","0x11","441","742","742","0","F:\Trials Fusion\datapack\pak_runtime\data_patch_named\486_patch20_vehicles_bikes_rayman_roach_rayman_roach_head_light.gfx"
"ok","487","patch20/vehicles/bikes/rayman_roach/rayman_roach_rear_fender.gfx",".gfx","0x11","276","442","442","0","F:\Trials Fusion\datapack\pak_runtime\data_patch_named\487_patch20_vehicles_bikes_rayman_roach_rayman_roach_rear_fender.gfx"
"ok","488","patch20/vehicles/bikes/rayman_roach/rayman_roach_steering.gfx",".gfx","0x11","261","438","438","0","F:\Trials Fusion\datapack\pak_runtime\data_patch_named\488_patch20_vehicles_bikes_rayman_roach_rayman_roach_steering.gfx"
"ok","489","patch20/vehicles/bikes/rayman_roach/rayman_roach_swing_arm.gfx",".gfx","0x11","427","1073","1073","0","F:\Trials Fusion\datapack\pak_runtime\data_patch_named\489_patch20_vehicles_bikes_rayman_roach_rayman_roach_swing_arm.gfx"
"ok","490","patch20/vehicles/bikes/roachac/kingcobra_ac_engine_1.gfx",".gfx","0x11","260","436","436","0","F:\Trials Fusion\datapack\pak_runtime\data_patch_named\490_patch20_vehicles_bikes_roachac_kingcobra_ac_engine_1.gfx"
"ok","491","patch20/vehicles/bikes/roachac/kingcobra_ac_engine_fender_1.gfx",".gfx","0x11","268","443","443","0","F:\Trials Fusion\datapack\pak_runtime\data_patch_named\491_patch20_vehicles_bikes_roachac_kingcobra_ac_engine_fender_1.gfx"
"ok","492","patch20/vehicles/bikes/roachac/kingcobra_ac_exhaust_pipe_1.gfx",".gfx","0x11","276","442","442","0","F:\Trials Fusion\datapack\pak_runtime\data_patch_named\492_patch20_vehicles_bikes_roachac_kingcobra_ac_exhaust_pipe_1.gfx"
"ok","493","patch20/vehicles/bikes/roachac/kingcobra_ac_frame_1.gfx",".gfx","0x11","293","591","591","0","F:\Trials Fusion\datapack\pak_runtime\data_patch_named\493_patch20_vehicles_bikes_roachac_kingcobra_ac_frame_1.gfx"
"ok","494","patch20/vehicles/bikes/roachac/kingcobra_ac_front_fender_1.gfx",".gfx","0x11","266","442","442","0","F:\Trials Fusion\datapack\pak_runtime\data_patch_named\494_patch20_vehicles_bikes_roachac_kingcobra_ac_front_fender_1.gfx"
"ok","495","patch20/vehicles/bikes/roachac/kingcobra_ac_front_suspension_1.gfx",".gfx","0x11","270","446","446","0","F:\Trials Fusion\datapack\pak_runtime\data_patch_named\495_patch20_vehicles_bikes_roachac_kingcobra_ac_front_suspension_1.gfx"
"ok","496","patch20/vehicles/bikes/roachac/kingcobra_ac_head_light_1.gfx",".gfx","0x11","414","733","733","0","F:\Trials Fusion\datapack\pak_runtime\data_patch_named\496_patch20_vehicles_bikes_roachac_kingcobra_ac_head_light_1.gfx"
"ok","497","patch20/vehicles/bikes/roachac/kingcobra_ac_rear_fender_1.gfx",".gfx","0x11","309","608","608","0","F:\Trials Fusion\datapack\pak_runtime\data_patch_named\497_patch20_vehicles_bikes_roachac_kingcobra_ac_rear_fender_1.gfx"
"ok","498","patch20/vehicles/bikes/roachac/kingcobra_ac_seat_1.gfx",".gfx","0x11","259","434","434","0","F:\Trials Fusion\datapack\pak_runtime\data_patch_named\498_patch20_vehicles_bikes_roachac_kingcobra_ac_seat_1.gfx"
"ok","499","patch20/vehicles/bikes/roachac/kingcobra_ac_steering_1.gfx",".gfx","0x11","261","438","438","0","F:\Trials Fusion\datapack\pak_runtime\data_patch_named\499_patch20_vehicles_bikes_roachac_kingcobra_ac_steering_1.gfx"
"ok","500","patch20/vehicles/bikes/roachac/kingcobra_ac_swing_arm_1.gfx",".gfx","0x11","379","921","921","0","F:\Trials Fusion\datapack\pak_runtime\data_patch_named\500_patch20_vehicles_bikes_roachac_kingcobra_ac_swing_arm_1.gfx"
"ok","501","patch20/vehicles/bikes/roachhorror/kingcobra_horror_engine_1.gfx",".gfx","0x11","260","436","436","0","F:\Trials Fusion\datapack\pak_runtime\data_patch_named\501_patch20_vehicles_bikes_roachhorror_kingcobra_horror_engine_1.gfx"
"ok","502","patch20/vehicles/bikes/roachhorror/kingcobra_horror_engine_fender_1.gfx",".gfx","0x11","267","443","443","0","F:\Trials Fusion\datapack\pak_runtime\data_patch_named\502_patch20_vehicles_bikes_roachhorror_kingcobra_horror_engine_fender_1.gfx"
"ok","503","patch20/vehicles/bikes/roachhorror/kingcobra_horror_exhaust_pipe_1.gfx",".gfx","0x11","276","442","442","0","F:\Trials Fusion\datapack\pak_runtime\data_patch_named\503_patch20_vehicles_bikes_roachhorror_kingcobra_horror_exhaust_pipe_1.gfx"
"ok","504","patch20/vehicles/bikes/roachhorror/kingcobra_horror_frame_1.gfx",".gfx","0x11","293","591","591","0","F:\Trials Fusion\datapack\pak_runtime\data_patch_named\504_patch20_vehicles_bikes_roachhorror_kingcobra_horror_frame_1.gfx"
"ok","505","patch20/vehicles/bikes/roachhorror/kingcobra_horror_front_fender_1.gfx",".gfx","0x11","266","442","442","0","F:\Trials Fusion\datapack\pak_runtime\data_patch_named\505_patch20_vehicles_bikes_roachhorror_kingcobra_horror_front_fender_1.gfx"
"ok","506","patch20/vehicles/bikes/roachhorror/kingcobra_horror_front_suspension_1.gfx",".gfx","0x11","270","446","446","0","F:\Trials Fusion\datapack\pak_runtime\data_patch_named\506_patch20_vehicles_bikes_roachhorror_kingcobra_horror_front_suspension_1.gfx"
"ok","507","patch20/vehicles/bikes/roachhorror/kingcobra_horror_rear_fender_1.gfx",".gfx","0x11","308","608","608","0","F:\Trials Fusion\datapack\pak_runtime\data_patch_named\507_patch20_vehicles_bikes_roachhorror_kingcobra_horror_rear_fender_1.gfx"
"ok","508","patch20/vehicles/bikes/roachhorror/kingcobra_horror_seat_1.gfx",".gfx","0x11","259","434","434","0","F:\Trials Fusion\datapack\pak_runtime\data_patch_named\508_patch20_vehicles_bikes_roachhorror_kingcobra_horror_seat_1.gfx"
"ok","509","patch20/vehicles/bikes/roachhorror/kingcobra_horror_steering_1.gfx",".gfx","0x11","261","438","438","0","F:\Trials Fusion\datapack\pak_runtime\data_patch_named\509_patch20_vehicles_bikes_roachhorror_kingcobra_horror_steering_1.gfx"
"ok","510","patch20/vehicles/bikes/roachhorror/kingcobra_horror_swing_arm_1.gfx",".gfx","0x11","379","921","921","0","F:\Trials Fusion\datapack\pak_runtime\data_patch_named\510_patch20_vehicles_bikes_roachhorror_kingcobra_horror_swing_arm_1.gfx"
"ok","511","patch20/vehicles/bikes/roach_flame/kingcobra_flame_engine_1.gfx",".gfx","0x11","260","436","436","0","F:\Trials Fusion\datapack\pak_runtime\data_patch_named\511_patch20_vehicles_bikes_roach_flame_kingcobra_flame_engine_1.gfx"
"ok","512","patch20/vehicles/bikes/roach_flame/kingcobra_flame_engine_fender_1.gfx",".gfx","0x11","267","443","443","0","F:\Trials Fusion\datapack\pak_runtime\data_patch_named\512_patch20_vehicles_bikes_roach_flame_kingcobra_flame_engine_fender_1.gfx"
"ok","513","patch20/vehicles/bikes/roach_flame/kingcobra_flame_exhaust_pipe_1.gfx",".gfx","0x11","276","442","442","0","F:\Trials Fusion\datapack\pak_runtime\data_patch_named\513_patch20_vehicles_bikes_roach_flame_kingcobra_flame_exhaust_pipe_1.gfx"
"ok","514","patch20/vehicles/bikes/roach_flame/kingcobra_flame_frame_1.gfx",".gfx","0x11","293","591","591","0","F:\Trials Fusion\datapack\pak_runtime\data_patch_named\514_patch20_vehicles_bikes_roach_flame_kingcobra_flame_frame_1.gfx"
"ok","515","patch20/vehicles/bikes/roach_flame/kingcobra_flame_front_fender_1.gfx",".gfx","0x11","266","442","442","0","F:\Trials Fusion\datapack\pak_runtime\data_patch_named\515_patch20_vehicles_bikes_roach_flame_kingcobra_flame_front_fender_1.gfx"
"ok","516","patch20/vehicles/bikes/roach_flame/kingcobra_flame_front_suspension_1.gfx",".gfx","0x11","270","446","446","0","F:\Trials Fusion\datapack\pak_runtime\data_patch_named\516_patch20_vehicles_bikes_roach_flame_kingcobra_flame_front_suspension_1.gfx"
"ok","517","patch20/vehicles/bikes/roach_flame/kingcobra_flame_head_light_1.gfx",".gfx","0x11","414","733","733","0","F:\Trials Fusion\datapack\pak_runtime\data_patch_named\517_patch20_vehicles_bikes_roach_flame_kingcobra_flame_head_light_1.gfx"
"ok","518","patch20/vehicles/bikes/roach_flame/kingcobra_flame_rear_fender_1.gfx",".gfx","0x11","308","606","606","0","F:\Trials Fusion\datapack\pak_runtime\data_patch_named\518_patch20_vehicles_bikes_roach_flame_kingcobra_flame_rear_fender_1.gfx"
"ok","519","patch20/vehicles/bikes/roach_flame/kingcobra_flame_seat_1.gfx",".gfx","0x11","259","434","434","0","F:\Trials Fusion\datapack\pak_runtime\data_patch_named\519_patch20_vehicles_bikes_roach_flame_kingcobra_flame_seat_1.gfx"
"ok","520","patch20/vehicles/bikes/roach_flame/kingcobra_flame_steering_1.gfx",".gfx","0x11","261","438","438","0","F:\Trials Fusion\datapack\pak_runtime\data_patch_named\520_patch20_vehicles_bikes_roach_flame_kingcobra_flame_steering_1.gfx"
"ok","521","patch20/vehicles/bikes/roach_flame/kingcobra_flame_swing_arm_1.gfx",".gfx","0x11","379","921","921","0","F:\Trials Fusion\datapack\pak_runtime\data_patch_named\521_patch20_vehicles_bikes_roach_flame_kingcobra_flame_swing_arm_1.gfx"
"ok","522","patch20/vehicles/bikes/tkopandacamo/fat_grizzly_camo_body_1.gfx",".gfx","0x11","259","434","434","0","F:\Trials Fusion\datapack\pak_runtime\data_patch_named\522_patch20_vehicles_bikes_tkopandacamo_fat_grizzly_camo_body_1.gfx"
"ok","523","patch20/vehicles/bikes/tkopandacamo/fat_grizzly_camo_chassis_1.gfx",".gfx","0x11","333","762","762","0","F:\Trials Fusion\datapack\pak_runtime\data_patch_named\523_patch20_vehicles_bikes_tkopandacamo_fat_grizzly_camo_chassis_1.gfx"
"ok","524","patch20/vehicles/bikes/tkopandacamo/fat_grizzly_camo_exhaust_1.gfx",".gfx","0x11","261","437","437","0","F:\Trials Fusion\datapack\pak_runtime\data_patch_named\524_patch20_vehicles_bikes_tkopandacamo_fat_grizzly_camo_exhaust_1.gfx"
"ok","525","patch20/vehicles/bikes/tkopandacamo/fat_grizzly_camo_headlight_1.gfx",".gfx","0x11","263","439","439","0","F:\Trials Fusion\datapack\pak_runtime\data_patch_named\525_patch20_vehicles_bikes_tkopandacamo_fat_grizzly_camo_headlight_1.gfx"
"ok","526","patch20/vehicles/bikes/tkopandacamo/fat_grizzly_camo_steering_1.gfx",".gfx","0x11","262","438","438","0","F:\Trials Fusion\datapack\pak_runtime\data_patch_named\526_patch20_vehicles_bikes_tkopandacamo_fat_grizzly_camo_steering_1.gfx"
"ok","527","patch20/vehicles/bikes/tkopandacamo/fat_grizzly_camo_suspension_front_1.gfx",".gfx","0x11","269","446","446","0","F:\Trials Fusion\datapack\pak_runtime\data_patch_named\527_patch20_vehicles_bikes_tkopandacamo_fat_grizzly_camo_suspension_front_1.gfx"
"ok","528","patch20/vehicles/bikes/tkopandacamo/fat_grizzly_camo_suspension_rear_1.gfx",".gfx","0x11","269","445","445","0","F:\Trials Fusion\datapack\pak_runtime\data_patch_named\528_patch20_vehicles_bikes_tkopandacamo_fat_grizzly_camo_suspension_rear_1.gfx"
"ok","529","patch20/vehicles/bikes/tkopandawasp/fat_grizzly_wasp_body_1.gfx",".gfx","0x11","259","434","434","0","F:\Trials Fusion\datapack\pak_runtime\data_patch_named\529_patch20_vehicles_bikes_tkopandawasp_fat_grizzly_wasp_body_1.gfx"
"ok","530","patch20/vehicles/bikes/tkopandawasp/fat_grizzly_wasp_chassis_1.gfx",".gfx","0x11","333","762","762","0","F:\Trials Fusion\datapack\pak_runtime\data_patch_named\530_patch20_vehicles_bikes_tkopandawasp_fat_grizzly_wasp_chassis_1.gfx"
"ok","531","patch20/vehicles/bikes/tkopandawasp/fat_grizzly_wasp_exhaust_1.gfx",".gfx","0x11","261","437","437","0","F:\Trials Fusion\datapack\pak_runtime\data_patch_named\531_patch20_vehicles_bikes_tkopandawasp_fat_grizzly_wasp_exhaust_1.gfx"
"ok","532","patch20/vehicles/bikes/tkopandawasp/fat_grizzly_wasp_headlight_1.gfx",".gfx","0x11","263","439","439","0","F:\Trials Fusion\datapack\pak_runtime\data_patch_named\532_patch20_vehicles_bikes_tkopandawasp_fat_grizzly_wasp_headlight_1.gfx"
"ok","533","patch20/vehicles/bikes/tkopandawasp/fat_grizzly_wasp_steering_1.gfx",".gfx","0x11","262","438","438","0","F:\Trials Fusion\datapack\pak_runtime\data_patch_named\533_patch20_vehicles_bikes_tkopandawasp_fat_grizzly_wasp_steering_1.gfx"
"ok","534","patch20/vehicles/bikes/tkopandawasp/fat_grizzly_wasp_suspension_front_1.gfx",".gfx","0x11","269","446","446","0","F:\Trials Fusion\datapack\pak_runtime\data_patch_named\534_patch20_vehicles_bikes_tkopandawasp_fat_grizzly_wasp_suspension_front_1.gfx"
"ok","535","patch20/vehicles/bikes/tkopandawasp/fat_grizzly_wasp_suspension_rear_1.gfx",".gfx","0x11","269","445","445","0","F:\Trials Fusion\datapack\pak_runtime\data_patch_named\535_patch20_vehicles_bikes_tkopandawasp_fat_grizzly_wasp_suspension_rear_1.gfx"
"ok","536","seedcollection20.xml",".xml","0x10","143","15","15","0","F:\Trials Fusion\datapack\pak_runtime\data_patch_named\536_seedcollection20.xml"
"ok","537","stampcollection20.xml",".xml","0x11","191","87","87","0","F:\Trials Fusion\datapack\pak_runtime\data_patch_named\537_stampcollection20.xml"
"missing","538","tracks/track9101.trk",".trk","0x10","81271","81143","0","81143","F:\Trials Fusion\datapack\pak_runtime\data_patch_named\538_tracks_track9101.trk"
"missing","539","tracks/track_empty20.trk",".trk","0x10","490","362","0","362","F:\Trials Fusion\datapack\pak_runtime\data_patch_named\539_tracks_track_empty20.trk"
"missing","540","visualizationcollection20.xml",".xml","0x11","383","1915","0","1915","F:\Trials Fusion\datapack\pak_runtime\data_patch_named\540_visualizationcollection20.xml"
"ok","541","vtex/vtex_objects0.raw.hdr",".hdr","0x11","3828210","5298364","5298364","0","F:\Trials Fusion\datapack\pak_runtime\data_patch_named\541_vtex_vtex_objects0.raw.hdr"
"missing","542","world20.xml",".xml","0x11","274","213","0","213","F:\Trials Fusion\datapack\pak_runtime\data_patch_named\542_world20.xml"
