"Score","FirstReadIndex","StreamInfoPtr","ModeFlag","StreamBase","StreamSize","MatchReason","EntryIndex","Name","Extension","Hash","StoredSize","ExpandedSize","Flag","EntryOffset","EntryEnd","FirstAsciiSample"
"3","19882","0x630ea14","0x0","0x16a06dc","132","size+offset","309","packinfo/pack.xml",".xml","0x16077750","247","132","0x11","23725788","23726035","<?xml version=""1.0"" encoding=""ut"
"3","19899","0x630e694","0x0","0x13e42","29628","size+offset","22","localization/dlc20_oasis__global.xml",".xml","0x8544C704","2341","29628","0x11","81474","83815","<?xml version=""1.0"" encoding=""ut"
"3","19958","0x630c544","0x0","0x16a0027","32","size+offset","305","pack20/soundproject.xml",".xml","0xD3EB5538","160","32","0x10","23724071","23724231","<soundproject/>..</soundproject>"
"3","19959","0x630b994","0x0","0x16a0202","4403","size+offset","307","pack20/tracks.xml",".xml","0x7311E077","1044","4403","0x11","23724546","23725590","<?xml version=""1.0"" encoding=""ut"
"3","19960","0x630d944","0x0","0x169c48d","1464","size+offset","296","pack20/events.xml",".xml","0xEEF5EA54","377","1464","0x11","23708813","23709190","..<events>..  <!-- DLC1  -->..  "
"3","19961","0x630c4b4","0x0","0x169c8ac","123579","size+offset","299","pack20/items.xml",".xml","0xDB538D30","12273","123579","0x11","23709868","23722141","<gear>..        <riders>..      "
"3","19962","0x630e7f4","0x0","0x169c3c9","77","size+offset","295","pack20/editortips.xml",".xml","0xC79A571C","196","77","0x11","23708617","23708813","<?xml version=""1.0"" encoding=""ut"
"3","19963","0x6214264","0x0","0x169c25d","401","size+offset","294","pack20/bikes.xml",".xml","0x10715816","364","401","0x11","23708253","23708617","<?xml version=""1.0"" encoding=""ut"
"3","19964","0x630cb04","0x0","0x2625","3957","size+offset","2","bikes/bike_donkey.xml",".xml","0xCB240593","1384","3957","0x11","9765","11149","<config>....<rider .....gameSpee"
"3","19965","0x630eea4","0x0","0x2b8d","3579","size+offset","3","bikes/bike_unicorn.xml",".xml","0x17FF978C","1364","3579","0x11","11149","12513","<config>....<rider .....gameSpee"
"3","19971","0x630d314","0x0","0x16a00c7","247","size+offset","306","pack20/squirrels.xml",".xml","0x7B9675FF","315","247","0x11","23724231","23724546","<SquirrelSet>..  <stats string="""
"3","19972","0x630d254","0x0","0x169fd5d","1526","size+offset","304","pack20/prizes.csv",".csv","0x8E6A25F3","714","1526","0x11","23723357","23724071","100;200;300;400;400..105;210;310"
"3","19973","0x630ca04","0x0","0x169c0e0","62","size+offset","292","pack20/awards.xml",".xml","0x3DF47580","190","62","0x10","23707872","23708062","<?xml version=""1.0"" encoding=""ut"
"3","19974","0x630d6fc","0x0","0x169c19e","63","size+offset","293","pack20/awards_metadata.xml",".xml","0xA3F69636","191","63","0x10","23708062","23708253","<?xml version=""1.0"" encoding=""ut"
"3","21816","0x630ead4","0x0","0x198a9d9","5298364","size+offset","541","vtex/vtex_objects0.raw.hdr",".hdr","0x094DAB53","3828210","5298364","0x11","26782169","30610379",".....@......1.@..@......(.A..@.."
"3","21823","0x3049733c","0x0","0x1be3f30","5298364","size+offset","541","vtex/vtex_objects0.raw.hdr",".hdr","0x094DAB53","3828210","5298364","0x11","26782169","30610379",".....@......1.@..@......(.A..@.."
"3","310909","0x630bea4","0x0","0x1c08a","299","size+offset","28","objectcategory20.xml",".xml","0xC54AE0CC","325","299","0x11","114826","115151","<"
"3","311209","0x630cc44","0x0","0x169f93c","33","size+offset","301","pack20/objectgroups.xml",".xml","0x27119DA7","161","33","0x10","23722300","23722461","<"
"3","311245","0x630d584","0x0","0x13560","51","size+offset","15","ingamemusiccollection20.xml",".xml","0x021BE227","171","51","0x11","79200","79371","<"
"3","311299","0x630bc84","0x0","0x19767ab","15","size+offset","536","seedcollection20.xml",".xml","0xAFCBBCAF","143","15","0x10","26699691","26699834","<"
"3","311317","0x630c9c4","0x0","0x32af","52","size+offset","5","constrainscollection20.xml",".xml","0xF264C17D","180","52","0x10","12975","13155","<"
"3","311370","0x630d504","0x0","0x254e","87","size+offset","1","audiocollection20.xml",".xml","0xB951CA25","215","87","0x10","9550","9765","<"
"3","311460","0x630d7a4","0x0","0x197683a","87","size+offset","537","stampcollection20.xml",".xml","0x260C723F","191","87","0x11","26699834","26700025","<"
"3","311554","0x630e9d4","0x0","0x169f9dd","516","size+offset","302","pack20/objectremaps.xml",".xml","0x2FBA9348","401","516","0x11","23722461","23722862","<"
"3","60256","0x6214544","0x0","0x1c1cf","1959059","size+offset","29","objectcollection20.xml",".xml","0xE583A04E","136983","1959059","0x11","115151","252134","..T..h.....9......P.....@......R"
"3","60266","0x630eec4","0x0","0x1968567","462","size+offset","394","patch20/tools/controller/controller_b_1.gfx",".gfx","0x8DF4338E","291","462","0x11","26641767","26642058","GFX2............?..............."
"3","60267","0x61f1914","0x0","0x196868a","461","size+offset","395","patch20/tools/controller/ps4/controller_b_1.gfx",".gfx","0xD8EAD80A","290","461","0x11","26642058","26642348","GFX2............?..............."
"3","60268","0x630cba4","0x0","0x19687ac","462","size+offset","396","patch20/tools/controller/xbox/controller_b_1.gfx",".gfx","0x2E0B859A","291","462","0x11","26642348","26642639","GFX2............?..............."
"3","60269","0x630f4b4","0x0","0x1966782","429","size+offset","379","patch20/patch_error.gfx",".gfx","0xFAA02BE8","254","429","0x11","26634114","26634368","GFX2............................"
"3","60270","0x630b9f4","0x0","0x16aefc3","3456812","size+offset","367","patch20/characters/podium_rider.gfx",".gfx","0x3A94547E","2708482","3456812","0x11","23785411","26493893","GFX2............................"
"3","63646","0x630cc04","0x0","0x196658f","426","size+offset","377","patch20/characters/watch_dogs_aiden/watchdogs_aiden_head.gfx",".gfx","0x192E159F","251","426","0x11","26633615","26633866","GFX2............................"
"3","63647","0x630d114","0x0","0x1966492","428","size+offset","376","patch20/characters/watch_dogs_aiden/watchdogs_aiden_bottom.gfx",".gfx","0xE34431E4","253","428","0x11","26633362","26633615","GFX2............................"
"3","63648","0x630d664","0x0","0x196668a","425","size+offset","378","patch20/characters/watch_dogs_aiden/watchdogs_aiden_top.gfx",".gfx","0x955B8232","248","425","0x11","26633866","26634114","GFX2............................"
"3","63649","0x6214054","0x0","0x19723e1","438","size+offset","476","patch20/vehicles/bikes/rayman_pitviper/rayman_pitviper_fender_front.gfx",".gfx","0x81EBFC66","262","438","0x11","26682337","26682599","GFX2............................"
"3","63650","0x6214524","0x0","0x197271a","430","size+offset","479","patch20/vehicles/bikes/rayman_pitviper/rayman_pitviper_tank.gfx",".gfx","0x34B9A84A","255","430","0x11","26683162","26683417","GFX2............................"
"3","63651","0x630e874","0x0","0x19722d2","446","size+offset","475","patch20/vehicles/bikes/rayman_pitviper/rayman_pitviper_enginefender.gfx",".gfx","0xB753A323","271","446","0x11","26682066","26682337","GFX2............................"
"3","63652","0x630c344","0x0","0x19725ec","600","size+offset","478","patch20/vehicles/bikes/rayman_pitviper/rayman_pitviper_headlight.gfx",".gfx","0x2172B117","302","600","0x11","26682860","26683162","GFX2............................"
"3","63653","0x630c23c","0x0","0x1972117","1243","size+offset","474","patch20/vehicles/bikes/rayman_pitviper/rayman_pitviper_backswing.gfx",".gfx","0x6788E905","443","1243","0x11","26681623","26682066","GFX2............................"
"3","63655","0x630bb04","0x0","0x19724e7","437","size+offset","477","patch20/vehicles/bikes/rayman_pitviper/rayman_pitviper_fender_rear.gfx",".gfx","0x69A70491","261","437","0x11","26682599","26682860","GFX2............................"
"3","63656","0x630e814","0x0","0x1966be9","1998","size+offset","382","patch20/rims/componential_rim_1/componential_rim_front.gfx",".gfx","0xE2D4F71E","499","1998","0x11","26635241","26635740","GFX2............................"
"3","63658","0x630ee24","0x0","0x19669f9","1989","size+offset","381","patch20/rims/componential_rim_1/componential_rim_back.gfx",".gfx","0xDBCDCF84","496","1989","0x11","26634745","26635241","GFX2............................"
"3","63660","0x630cf34","0x0","0x19670ea","1186","size+offset","385","patch20/rims/fusion_rim/fusion_rim.gfx",".gfx","0xB272D1CF","381","1186","0x11","26636522","26636903","GFX2............................"
"3","63662","0x630ba54","0x0","0x1966f66","1197","size+offset","384","patch20/rims/evility_rim/evility_rim.gfx",".gfx","0xB964C483","388","1197","0x11","26636134","26636522","GFX2............................"
"3","63664","0x630dba4","0x0","0x16aeebd","438","size+offset","366","patch20/characters/plague_doctor_helmet/plague_doctor_helmet.gfx",".gfx","0x82808A6E","262","438","0x11","23785149","23785411","GFX2............................"
"3","63665","0x630ca84","0x0","0x16ae515","446","size+offset","357","patch20/characters/male_assassin/m_assassin_head.gfx",".gfx","0x4538C18B","267","446","0x11","23782677","23782944","GFX2............................"
"3","63666","0x630d6bc","0x0","0x16ae744","578","size+offset","359","patch20/characters/male_assassin/m_assassin_torso.gfx",".gfx","0xBDE44635","287","578","0x11","23783236","23783523","GFX2............................"
"3","63667","0x6214384","0x0","0x16ae620","582","size+offset","358","patch20/characters/male_assassin/m_assassin_legs.gfx",".gfx","0x257D6C26","292","582","0x11","23782944","23783236","GFX2............................"
"3","63668","0x630e914","0x0","0x16ae317","429","size+offset","355","patch20/characters/horror_mask/horror_mask.gfx",".gfx","0xD473C333","253","429","0x11","23782167","23782420","GFX2............................"
"3","63669","0x630c37c","0x0","0x16ae414","431","size+offset","356","patch20/characters/kraken_helmet/kraken_helmet.gfx",".gfx","0xFC40E519","257","431","0x11","23782420","23782677","GFX2............................"
"3","63670","0x630eb14","0x0","0x16ae863","434","size+offset","360","patch20/characters/male_punk/male_punk_head.gfx",".gfx","0x9D6AB361","258","434","0x11","23783523","23783781","GFX2............................"
"3","63671","0x630c81c","0x0","0x16aea8a","588","size+offset","362","patch20/characters/male_punk/male_punk_torso.gfx",".gfx","0xA79F696D","303","588","0x11","23784074","23784377","GFX2............................"
"3","63672","0x630e1b4","0x0","0x16ae965","583","size+offset","361","patch20/characters/male_punk/male_punk_legs.gfx",".gfx","0x812EBEBF","293","583","0x11","23783781","23784074","GFX2............................"
"3","63673","0x630c5a4","0x0","0x1955938","431","size+offset","369","patch20/characters/rabbit_helmet/rabbit_helmet.gfx",".gfx","0x4DD71D3D","255","431","0x11","26564920","26565175","GFX2............................"
"3","63674","0x630cf6c","0x0","0x16a2533","590","size+offset","338","patch20/characters/femaleoutfit_1/female_outfit_1_top.gfx",".gfx","0x9D4AE1D0","298","590","0x11","23733555","23733853","GFX2............................"
"3","63675","0x630edbc","0x0","0x16a22fe","594","size+offset","336","patch20/characters/femaleoutfit_1/female_outfit_1_bottom.gfx",".gfx","0x43E97F7E","302","594","0x11","23732990","23733292","GFX2............................"
"3","63676","0x630ef84","0x0","0x16a242c","440","size+offset","337","patch20/characters/femaleoutfit_1/female_outfit_1_helmet.gfx",".gfx","0x75763B9F","263","440","0x11","23733292","23733555","GFX2............................"
"3","63677","0x630dc64","0x0","0x16a1a9f","431","size+offset","328","patch20/characters/cyborg_helmet/cyborg_helmet.gfx",".gfx","0xAF350676","258","431","0x11","23730847","23731105","GFX2............................"
"3","63678","0x630f504","0x0","0x16a1ecb","428","size+offset","332","patch20/characters/dapper_pug/dapper_pug.gfx",".gfx","0x60B457EB","253","428","0x11","23731915","23732168","GFX2............................"
"3","63679","0x630b9ac","0x0","0x16a07d3","433","size+offset","310","patch20/characters/apocalypse_mask/apocalypse_mask.gfx",".gfx","0xC1408077","259","433","0x11","23726035","23726294","GFX2............................"
"3","63680","0x630f164","0x0","0x1955c51","587","size+offset","372","patch20/characters/rayman_outfit_1/rayman_torso.gfx",".gfx","0x6FDBF7BF","301","587","0x11","26565713","26566014","GFX2............................"
"3","63681","0x630e594","0x0","0x1955b34","571","size+offset","371","patch20/characters/rayman_outfit_1/rayman_legs.gfx",".gfx","0x18CED6F4","285","571","0x11","26565428","26565713","GFX2............................"
"3","63682","0x630c394","0x0","0x1955a37","429","size+offset","370","patch20/characters/rayman_outfit_1/rayman_helmet.gfx",".gfx","0xC5A0C919","253","429","0x11","26565175","26565428","GFX2............................"
"3","63683","0x630c57c","0x0","0x16a2f80","595","size+offset","347","patch20/characters/female_indian/female_indian_torso.gfx",".gfx","0xACEB213C","295","595","0x11","23736192","23736487","GFX2............................"
"3","63684","0x630ec54","0x0","0x16a2d4e","439","size+offset","345","patch20/characters/female_indian/female_indian_helmet.gfx",".gfx","0x2CE3EF75","264","439","0x11","23735630","23735894","GFX2............................"
"3","63685","0x630dd24","0x0","0x16a2e56","590","size+offset","346","patch20/characters/female_indian/female_indian_legs.gfx",".gfx","0x6926967E","298","590","0x11","23735894","23736192","GFX2............................"
"3","63686","0x630cee4","0x0","0x16a0ed3","436","size+offset","317","patch20/characters/bounty_hunter/bounty_hunter_helmet.gfx",".gfx","0x76F6A5CE","259","436","0x11","23727827","23728086","GFX2............................"
"3","63687","0x630eda4","0x0","0x16a0fd6","585","size+offset","318","patch20/characters/bounty_hunter/bounty_hunter_legs.gfx",".gfx","0xDB5B2B7E","296","585","0x11","23728086","23728382","GFX2............................"
"3","63688","0x630e66c","0x0","0x16a10fe","594","size+offset","319","patch20/characters/bounty_hunter/bounty_hunter_torso.gfx",".gfx","0xD066C701","305","594","0x11","23728382","23728687","GFX2............................"
"3","63689","0x630c2dc","0x0","0x1972819","436","size+offset","480","patch20/vehicles/bikes/rayman_roach/rayman_roach_engine.gfx",".gfx","0xA4188511","260","436","0x11","26683417","26683677","GFX2............................"
"3","63690","0x630efc4","0x0","0x197291d","443","size+offset","481","patch20/vehicles/bikes/rayman_roach/rayman_roach_engine_fender.gfx",".gfx","0x1C43F7A4","267","443","0x11","26683677","26683944","GFX2............................"
"3","63691","0x630bf7c","0x0","0x1972a28","442","size+offset","482","patch20/vehicles/bikes/rayman_roach/rayman_roach_exhaust.gfx",".gfx","0xB345FCD7","276","442","0x11","26683944","26684220","GFX2............................"
"3","63692","0x630ee5c","0x0","0x1972b3c","743","size+offset","483","patch20/vehicles/bikes/rayman_roach/rayman_roach_frame.gfx",".gfx","0xCE703B88","343","743","0x11","26684220","26684563","GFX2............................"
"3","63693","0x630f394","0x0","0x1972c93","278","size+offset","484","patch20/vehicles/bikes/rayman_roach/rayman_roach_front_fender.gfx",".gfx","0x5F7A17D9","212","278","0x11","26684563","26684775","GFX2............................"
"3","63694","0x630c504","0x0","0x1972d67","603","size+offset","485","patch20/vehicles/bikes/rayman_roach/rayman_roach_front_suspension.gfx",".gfx","0x3F5EA935","332","603","0x11","26684775","26685107","GFX2............................"
"3","63695","0x630ee84","0x0","0x1972eb3","742","size+offset","486","patch20/vehicles/bikes/rayman_roach/rayman_roach_head_light.gfx",".gfx","0xF289178B","441","742","0x11","26685107","26685548","GFX2............................"
"3","63696","0x630c084","0x0","0x1973180","438","size+offset","488","patch20/vehicles/bikes/rayman_roach/rayman_roach_steering.gfx",".gfx","0x588CECE5","261","438","0x11","26685824","26686085","GFX2............................"
"3","63697","0x630dc44","0x0","0x1973285","1073","size+offset","489","patch20/vehicles/bikes/rayman_roach/rayman_roach_swing_arm.gfx",".gfx","0xB64FD675","427","1073","0x11","26686085","26686512","GFX2............................"
"3","63699","0x630eabc","0x0","0x197306c","442","size+offset","487","patch20/vehicles/bikes/rayman_roach/rayman_roach_rear_fender.gfx",".gfx","0x15C53B53","276","442","0x11","26685548","26685824","GFX2............................"
"3","63700","0x630c3b4","0x0","0x16a0bdb","430","size+offset","314","patch20/characters/barbara_outfit/barbara_helmet.gfx",".gfx","0xC463851B","253","430","0x11","23727067","23727320","GFX2............................"
"3","63701","0x630e3dc","0x0","0x16a0cd8","430","size+offset","315","patch20/characters/barbara_outfit/barbara_legs.gfx",".gfx","0xE67DC6DB","253","430","0x11","23727320","23727573","GFX2............................"
"3","63702","0x630cddc","0x0","0x16a0dd5","431","size+offset","316","patch20/characters/barbara_outfit/barbara_torso.gfx",".gfx","0x4DECCDC4","254","431","0x11","23727573","23727827","GFX2............................"
"3","63703","0x621417c","0x0","0x1955e75","434","size+offset","374","patch20/characters/tko_panda_helmet/tko_panda_helmet.gfx",".gfx","0x933EC809","258","434","0x11","26566261","26566519","GFX2............................"
"3","63704","0x630f1bc","0x0","0x1974d02","443","size+offset","512","patch20/vehicles/bikes/roach_flame/kingcobra_flame_engine_fender_1.gfx",".gfx","0x9DD463C2","267","443","0x11","26692866","26693133","GFX2............................"
"3","63705","0x630e2ac","0x0","0x1974bfe","436","size+offset","511","patch20/vehicles/bikes/roach_flame/kingcobra_flame_engine_1.gfx",".gfx","0x3F6266CF","260","436","0x11","26692606","26692866","GFX2............................"
"3","63706","0x630c4cc","0x0","0x1974f21","591","size+offset","514","patch20/vehicles/bikes/roach_flame/kingcobra_flame_frame_1.gfx",".gfx","0xA5CA4130","293","591","0x11","26693409","26693702","GFX2............................"
"3","63707","0x630db04","0x0","0x1975633","438","size+offset","520","patch20/vehicles/bikes/roach_flame/kingcobra_flame_steering_1.gfx",".gfx","0xED290E67","261","438","0x11","26695219","26695480","GFX2............................"
"3","63708","0x630be64","0x0","0x1975738","921","size+offset","521","patch20/vehicles/bikes/roach_flame/kingcobra_flame_swing_arm_1.gfx",".gfx","0x7ECA7CC9","379","921","0x11","26695480","26695859","GFX2............................"
"3","63709","0x630ba74","0x0","0x1974e0d","442","size+offset","513","patch20/vehicles/bikes/roach_flame/kingcobra_flame_exhaust_pipe_1.gfx",".gfx","0xA7980087","276","442","0x11","26693133","26693409","GFX2............................"
"3","63710","0x621435c","0x0","0x19753fc","606","size+offset","518","patch20/vehicles/bikes/roach_flame/kingcobra_flame_rear_fender_1.gfx",".gfx","0x0BA0E825","308","606","0x11","26694652","26694960","GFX2............................"
"3","63711","0x630e174","0x0","0x1975046","442","size+offset","515","patch20/vehicles/bikes/roach_flame/kingcobra_flame_front_fender_1.gfx",".gfx","0x07C432BD","266","442","0x11","26693702","26693968","GFX2............................"
"3","63712","0x630dca4","0x0","0x1975150","446","size+offset","516","patch20/vehicles/bikes/roach_flame/kingcobra_flame_front_suspension_1.gfx",".gfx","0x10F04679","270","446","0x11","26693968","26694238","GFX2............................"
"3","63713","0x630bca4","0x0","0x1975530","434","size+offset","519","patch20/vehicles/bikes/roach_flame/kingcobra_flame_seat_1.gfx",".gfx","0x82CDECB4","259","434","0x11","26694960","26695219","GFX2............................"
"3","63714","0x630e2c4","0x0","0x197525e","733","size+offset","517","patch20/vehicles/bikes/roach_flame/kingcobra_flame_head_light_1.gfx",".gfx","0xD57DBECF","414","733","0x11","26694238","26694652","GFX2............................"
"3","63715","0x630e6f4","0x0","0x19688cf","1071","size+offset","397","patch20/vehicles/bikes/baggie_80s/minx_80s_back_swing_arm_1.gfx",".gfx","0xF45F1F0D","397","1071","0x11","26642639","26643036","GFX2............................"
"3","63717","0x630e5f4","0x0","0x1968a5c","434","size+offset","398","patch20/vehicles/bikes/baggie_80s/minx_80s_engine_1.gfx",".gfx","0xFC3176FE","259","434","0x11","26643036","26643295","GFX2............................"
"3","63718","0x630c664","0x0","0x1968c72","435","size+offset","400","patch20/vehicles/bikes/baggie_80s/minx_80s_exhaust_1.gfx",".gfx","0xA60AD54A","258","435","0x11","26643570","26643828","GFX2............................"
"3","63719","0x630d094","0x0","0x1969392","596","size+offset","407","patch20/vehicles/bikes/baggie_80s/minx_80s_steering_1.gfx",".gfx","0x5B107DDF","300","596","0x11","26645394","26645694","GFX2............................"
"3","63720","0x630d1f4","0x0","0x1968d74","440","size+offset","401","patch20/vehicles/bikes/baggie_80s/minx_80s_fender_front_1.gfx",".gfx","0x30D819EE","264","440","0x11","26643828","26644092","GFX2............................"
"3","63721","0x630bd64","0x0","0x1969083","444","size+offset","404","patch20/vehicles/bikes/baggie_80s/minx_80s_front_suspension_1.gfx",".gfx","0x2D3BF8C1","265","444","0x11","26644611","26644876","GFX2............................"
"3","63722","0x630bae4","0x0","0x1968e7c","439","size+offset","402","patch20/vehicles/bikes/baggie_80s/minx_80s_fender_rear_1.gfx",".gfx","0x6AC3D890","263","439","0x11","26644092","26644355","GFX2............................"
"3","63723","0x630d5c4","0x0","0x1969292","432","size+offset","406","patch20/vehicles/bikes/baggie_80s/minx_80s_seat_1.gfx",".gfx","0x45337A29","256","432","0x11","26645138","26645394","GFX2............................"
"3","63724","0x630d374","0x0","0x1968f83","433","size+offset","403","patch20/vehicles/bikes/baggie_80s/minx_80s_frame_1.gfx",".gfx","0xE48FDE0A","256","433","0x11","26644355","26644611","GFX2............................"
"3","63725","0x630e0b4","0x0","0x19694be","453","size+offset","408","patch20/vehicles/bikes/baggie_80s/minx_80s_tank_1.gfx",".gfx","0x39C87AAE","270","453","0x11","26645694","26645964","GFX2............................"
"3","63726","0x630c44c","0x0","0x1968b5f","462","size+offset","399","patch20/vehicles/bikes/baggie_80s/minx_80s_engine_fender_1.gfx",".gfx","0x05733127","275","462","0x11","26643295","26643570","GFX2............................"
"3","63727","0x630d20c","0x0","0x196918c","438","size+offset","405","patch20/vehicles/bikes/baggie_80s/minx_80s_head_light_1.gfx",".gfx","0x5B0FF1EE","262","438","0x11","26644876","26645138","GFX2............................"
"3","63728","0x630cbe4","0x0","0x1973640","442","size+offset","492","patch20/vehicles/bikes/roachac/kingcobra_ac_exhaust_pipe_1.gfx",".gfx","0x3D81AD9C","276","442","0x11","26687040","26687316","GFX2............................"
"3","63729","0x630d844","0x0","0x1973f6c","921","size+offset","500","patch20/vehicles/bikes/roachac/kingcobra_ac_swing_arm_1.gfx",".gfx","0x0F8BBA46","379","921","0x11","26689388","26689767","GFX2............................"
"3","63730","0x630e8b4","0x0","0x1973a91","733","size+offset","496","patch20/vehicles/bikes/roachac/kingcobra_ac_head_light_1.gfx",".gfx","0x27EB872A","414","733","0x11","26688145","26688559","GFX2............................"
"3","63731","0x630d2f4","0x0","0x1973e67","438","size+offset","499","patch20/vehicles/bikes/roachac/kingcobra_ac_steering_1.gfx",".gfx","0xD7FE8DFA","261","438","0x11","26689127","26689388","GFX2............................"
"3","63732","0x62142dc","0x0","0x1973983","446","size+offset","495","patch20/vehicles/bikes/roachac/kingcobra_ac_front_suspension_1.gfx",".gfx","0x4AB49C21","270","446","0x11","26687875","26688145","GFX2............................"
"3","63733","0x630e774","0x0","0x1973c2f","608","size+offset","497","patch20/vehicles/bikes/roachac/kingcobra_ac_rear_fender_1.gfx",".gfx","0xD0975F14","309","608","0x11","26688559","26688868","GFX2............................"
"3","63734","0x630f4cc","0x0","0x1973879","442","size+offset","494","patch20/vehicles/bikes/roachac/kingcobra_ac_front_fender_1.gfx",".gfx","0xD75693E8","266","442","0x11","26687609","26687875","GFX2............................"
"3","63735","0x630dd9c","0x0","0x1973d64","434","size+offset","498","patch20/vehicles/bikes/roachac/kingcobra_ac_seat_1.gfx",".gfx","0x3E4D9287","259","434","0x11","26688868","26689127","GFX2............................"
"3","63736","0x630e2fc","0x0","0x1973534","443","size+offset","491","patch20/vehicles/bikes/roachac/kingcobra_ac_engine_fender_1.gfx",".gfx","0x3EF762D1","268","443","0x11","26686772","26687040","GFX2............................"
"3","63737","0x630be04","0x0","0x1973430","436","size+offset","490","patch20/vehicles/bikes/roachac/kingcobra_ac_engine_1.gfx",".gfx","0x408F10C6","260","436","0x11","26686512","26686772","GFX2............................"
"3","63738","0x630b8ec","0x0","0x1973754","591","size+offset","493","patch20/vehicles/bikes/roachac/kingcobra_ac_frame_1.gfx",".gfx","0x56D26469","293","591","0x11","26687316","26687609","GFX2............................"
"3","63739","0x630ea84","0x0","0x1975b03","437","size+offset","524","patch20/vehicles/bikes/tkopandacamo/fat_grizzly_camo_exhaust_1.gfx",".gfx","0x8339BB52","261","437","0x11","26696451","26696712","GFX2............................"
"3","63740","0x630cb7c","0x0","0x19759b6","762","size+offset","523","patch20/vehicles/bikes/tkopandacamo/fat_grizzly_camo_chassis_1.gfx",".gfx","0xFC8E6199","333","762","0x11","26696118","26696451","GFX2............................"
"3","63741","0x630c40c","0x0","0x1975c08","439","size+offset","525","patch20/vehicles/bikes/tkopandacamo/fat_grizzly_camo_headlight_1.gfx",".gfx","0x4EA41D25","263","439","0x11","26696712","26696975","GFX2............................"
"3","63742","0x630be7c","0x0","0x1975d0f","438","size+offset","526","patch20/vehicles/bikes/tkopandacamo/fat_grizzly_camo_steering_1.gfx",".gfx","0xAD395CC9","262","438","0x11","26696975","26697237","GFX2............................"
"3","63743","0x630f2c4","0x0","0x19758b3","434","size+offset","522","patch20/vehicles/bikes/tkopandacamo/fat_grizzly_camo_body_1.gfx",".gfx","0xF053C7D0","259","434","0x11","26695859","26696118","GFX2............................"
"3","63744","0x6214404","0x0","0x1975f22","445","size+offset","528","patch20/vehicles/bikes/tkopandacamo/fat_grizzly_camo_suspension_rear_1.gfx",".gfx","0xFCF1E437","269","445","0x11","26697506","26697775","GFX2............................"
"3","63745","0x630dbbc","0x0","0x1975e15","446","size+offset","527","patch20/vehicles/bikes/tkopandacamo/fat_grizzly_camo_suspension_front_1.gfx",".gfx","0x1C92F26E","269","446","0x11","26697237","26697506","GFX2............................"
"3","63746","0x630bf64","0x0","0x16a32d7","591","size+offset","350","patch20/characters/female_officer/female_officer_torso.gfx",".gfx","0x1A7180D7","300","591","0x11","23737047","23737347","GFX2............................"
"3","63747","0x630df34","0x0","0x16a30a7","439","size+offset","348","patch20/characters/female_officer/female_officer_helmet.gfx",".gfx","0xA80EE297","263","439","0x11","23736487","23736750","GFX2............................"
"3","63748","0x630e234","0x0","0x16a31ae","591","size+offset","349","patch20/characters/female_officer/female_officer_legs.gfx",".gfx","0x75F722CB","297","591","0x11","23736750","23737047","GFX2............................"
"3","63749","0x630d59c","0x0","0x16a29e9","440","size+offset","342","patch20/characters/female_assassin/female_assassin_helmet.gfx",".gfx","0x426B8627","262","440","0x11","23734761","23735023","GFX2............................"
"3","63750","0x630df1c","0x0","0x16a2c1a","603","size+offset","344","patch20/characters/female_assassin/female_assassin_torso.gfx",".gfx","0x72A50697","308","603","0x11","23735322","23735630","GFX2............................"
"3","63751","0x630ce1c","0x0","0x16a2aef","593","size+offset","343","patch20/characters/female_assassin/female_assassin_legs.gfx",".gfx","0xBE3CA5C8","299","593","0x11","23735023","23735322","GFX2............................"
"3","63752","0x630bfa4","0x0","0x1970410","430","size+offset","450","patch20/vehicles/bikes/pitvipergold/cheetah_gold_tank_1.gfx",".gfx","0x5585A0D8","255","430","0x11","26674192","26674447","GFX2............................"
"3","63753","0x630dc04","0x0","0x196ff13","442","size+offset","446","patch20/vehicles/bikes/pitvipergold/cheetah_gold_front_suspension_1.gfx",".gfx","0xBA0D5270","264","442","0x11","26672915","26673179","GFX2............................"
"3","63754","0x630ef44","0x0","0x196fced","435","size+offset","444","patch20/vehicles/bikes/pitvipergold/cheetah_gold_fender_rear_1.gfx",".gfx","0x2F022799","260","435","0x11","26672365","26672625","GFX2............................"
"3","63755","0x630da84","0x0","0x197001b","742","size+offset","447","patch20/vehicles/bikes/pitvipergold/cheetah_gold_headlight_1.gfx",".gfx","0x74A60A61","424","742","0x11","26673179","26673603","GFX2............................"
"3","63756","0x630d804","0x0","0x196fdf1","589","size+offset","445","patch20/vehicles/bikes/pitvipergold/cheetah_gold_frame_1.gfx",".gfx","0x311EE242","290","589","0x11","26672625","26672915","GFX2............................"
"3","63757","0x630ec14","0x0","0x19702c1","766","size+offset","449","patch20/vehicles/bikes/pitvipergold/cheetah_gold_steering_1.gfx",".gfx","0xD197A371","335","766","0x11","26673857","26674192","GFX2............................"
"3","63758","0x6214504","0x0","0x196fbbe","438","size+offset","443","patch20/vehicles/bikes/pitvipergold/cheetah_gold_fender_front_1.gfx",".gfx","0xD886E847","303","438","0x11","26672062","26672365","GFX2.........................S?v"
"3","63759","0x630f324","0x0","0x196f8b5","432","size+offset","440","patch20/vehicles/bikes/pitvipergold/cheetah_gold_engine_1.gfx",".gfx","0xFE3A47D2","257","432","0x11","26671285","26671542","GFX2............................"
"3","63760","0x630bec4","0x0","0x19701c3","430","size+offset","448","patch20/vehicles/bikes/pitvipergold/cheetah_gold_seat_1.gfx",".gfx","0xBB8348CD","254","430","0x11","26673603","26673857","GFX2............................"
"3","63761","0x630c474","0x0","0x196f724","1070","size+offset","439","patch20/vehicles/bikes/pitvipergold/cheetah_gold_backswing_1.gfx",".gfx","0x4390392D","401","1070","0x11","26670884","26671285","GFX2............................"
"3","63763","0x630bce4","0x0","0x196fabe","433","size+offset","442","patch20/vehicles/bikes/pitvipergold/cheetah_gold_exhaust_1.gfx",".gfx","0x58DBB4B8","256","433","0x11","26671806","26672062","GFX2............................"
"3","63764","0x630e514","0x0","0x196f9b6","439","size+offset","441","patch20/vehicles/bikes/pitvipergold/cheetah_gold_engine_fender_1.gfx",".gfx","0x76B126E8","264","439","0x11","26671542","26671806","GFX2............................"
"3","63765","0x630ec34","0x0","0x1971fd2","755","size+offset","473","patch20/vehicles/bikes/rabbitwildcat/paper_boy_wildcat_tire_rear_1.gfx",".gfx","0xE1A65774","325","755","0x11","26681298","26681623","GFX2............................"
"3","63766","0x630bf44","0x0","0x1971d9f","442","size+offset","471","patch20/vehicles/bikes/rabbitwildcat/paper_boy_wildcat_suspension_front_1.gfx",".gfx","0x1E1284D6","265","442","0x11","26680735","26681000","GFX2............................"
"3","63767","0x630d924","0x0","0x1971c40","750","size+offset","470","patch20/vehicles/bikes/rabbitwildcat/paper_boy_wildcat_steering_1.gfx",".gfx","0xAADC8E53","351","750","0x11","26680384","26680735","GFX2............................"
"3","63768","0x630e454","0x0","0x1971ea8","600","size+offset","472","patch20/vehicles/bikes/rabbitwildcat/paper_boy_wildcat_tire_front_1.gfx",".gfx","0x8D2296E0","298","600","0x11","26681000","26681298","GFX2............................"
"3","63769","0x630bd7c","0x0","0x1971b1a","590","size+offset","469","patch20/vehicles/bikes/rabbitwildcat/paper_boy_wildcat_frame_1.gfx",".gfx","0x9B04D4C1","294","590","0x11","26680090","26680384","GFX2............................"
"3","63770","0x630d4bc","0x0","0x19719ae","909","size+offset","468","patch20/vehicles/bikes/rabbitwildcat/paper_boy_wildcat_back_swing_arm_1.gfx",".gfx","0x846B7A1E","364","909","0x11","26679726","26680090","GFX2............................"
"3","63771","0x630cff4","0x0","0x197050f","1072","size+offset","451","patch20/vehicles/bikes/pitviperwatchdogs/cheetah_watchdogs_backswing_1.gfx",".gfx","0x922E09DA","402","1072","0x11","26674447","26674849","GFX2............................"
"3","63773","0x630e254","0x0","0x19706a1","432","size+offset","452","patch20/vehicles/bikes/pitviperwatchdogs/cheetah_watchdogs_engine_1.gfx",".gfx","0x6C60D2CC","257","432","0x11","26674849","26675106","GFX2............................"
"3","63774","0x630d06c","0x0","0x19708a2","438","size+offset","454","patch20/vehicles/bikes/pitviperwatchdogs/cheetah_watchdogs_fender_front_1.gfx",".gfx","0xF34409DD","301","438","0x11","26675362","26675663","GFX2.........................S?v"
"3","63775","0x630cae4","0x0","0x19709cf","595","size+offset","455","patch20/vehicles/bikes/pitviperwatchdogs/cheetah_watchdogs_fender_rear_1.gfx",".gfx","0xBF2E6D8F","294","595","0x11","26675663","26675957","GFX2............................"
"3","63776","0x630d8fc","0x0","0x1970c16","442","size+offset","457","patch20/vehicles/bikes/pitviperwatchdogs/cheetah_watchdogs_front_suspension_1.gfx",".gfx","0x45D8964F","264","442","0x11","26676246","26676510","GFX2............................"
"3","63777","0x630d034","0x0","0x1970d1e","742","size+offset","458","patch20/vehicles/bikes/pitviperwatchdogs/cheetah_watchdogs_headlight_1.gfx",".gfx","0x3AFCD1DB","424","742","0x11","26676510","26676934","GFX2............................"
"3","63778","0x630e62c","0x0","0x1971113","584","size+offset","461","patch20/vehicles/bikes/pitviperwatchdogs/cheetah_watchdogs_tank_1.gfx",".gfx","0x8452B2FF","294","584","0x11","26677523","26677817","GFX2............................"
"3","63779","0x630ece4","0x0","0x19707a2","433","size+offset","453","patch20/vehicles/bikes/pitviperwatchdogs/cheetah_watchdogs_exhaust_1.gfx",".gfx","0x0EBBEB78","256","433","0x11","26675106","26675362","GFX2............................"
"3","63780","0x6214224","0x0","0x1970fc4","766","size+offset","460","patch20/vehicles/bikes/pitviperwatchdogs/cheetah_watchdogs_steering_1.gfx",".gfx","0x2B02A412","335","766","0x11","26677188","26677523","GFX2............................"
"3","63781","0x630bd1c","0x0","0x1970af5","587","size+offset","456","patch20/vehicles/bikes/pitviperwatchdogs/cheetah_watchdogs_frame_1.gfx",".gfx","0x759B78BD","289","587","0x11","26675957","26676246","GFX2............................"
"3","63782","0x630d26c","0x0","0x1970ec6","430","size+offset","459","patch20/vehicles/bikes/pitviperwatchdogs/cheetah_watchdogs_seat_1.gfx",".gfx","0xE50D85F3","254","430","0x11","26676934","26677188","GFX2............................"
"3","63783","0x630da24","0x0","0x1971630","444","size+offset","465","patch20/vehicles/bikes/rabbitbmx/paper_boy_bmx_suspension_front_1.gfx",".gfx","0xD9AE2E5E","267","444","0x11","26678832","26679099","GFX2............................"
"3","63784","0x630c6c4","0x0","0x197173b","602","size+offset","466","patch20/vehicles/bikes/rabbitbmx/paper_boy_bmx_tire_front_1.gfx",".gfx","0x807BD15D","300","602","0x11","26679099","26679399","GFX2............................"
"3","63785","0x630dc24","0x0","0x1971867","757","size+offset","467","patch20/vehicles/bikes/rabbitbmx/paper_boy_bmx_tire_rear_1.gfx",".gfx","0x1A20BA71","327","757","0x11","26679399","26679726","GFX2............................"
"3","63786","0x630f454","0x0","0x1971239","911","size+offset","462","patch20/vehicles/bikes/rabbitbmx/paper_boy_bmx_back_swing_arm_1.gfx",".gfx","0x9E56E3E5","366","911","0x11","26677817","26678183","GFX2............................"
"3","63787","0x630dc84","0x0","0x19713a7","592","size+offset","463","patch20/vehicles/bikes/rabbitbmx/paper_boy_bmx_frame_1.gfx",".gfx","0x2EDEC677","296","592","0x11","26678183","26678479","GFX2............................"
"3","63788","0x630e794","0x0","0x19714cf","752","size+offset","464","patch20/vehicles/bikes/rabbitbmx/paper_boy_bmx_steering_1.gfx",".gfx","0x69942B15","353","752","0x11","26678479","26678832","GFX2............................"
"3","63789","0x630e08c","0x0","0x1967581","1194","size+offset","388","patch20/rims/spittingout_rim/spittingout_rims.gfx",".gfx","0x377A22AA","391","1194","0x11","26637697","26638088","GFX2............................"
"3","63791","0x62143a4","0x0","0x1966880","1185","size+offset","380","patch20/rims/clockwork_rim/clockwork_rims.gfx",".gfx","0x7080142E","377","1185","0x11","26634368","26634745","GFX2............................"
"3","63793","0x630c604","0x0","0x196e13d","605","size+offset","421","patch20/vehicles/bikes/pitvipercomicbook/cheetah_comicbook_engine_fender_1.gfx",".gfx","0x2CCD2146","306","605","0x11","26665277","26665583","GFX2............................"
"3","63794","0x630d0ec","0x0","0x196e7ec","742","size+offset","427","patch20/vehicles/bikes/pitvipercomicbook/cheetah_comicbook_headlight_1.gfx",".gfx","0xE48C05E0","424","742","0x11","26666988","26667412","GFX2............................"
"3","63795","0x630eb94","0x0","0x196e36f","438","size+offset","423","patch20/vehicles/bikes/pitvipercomicbook/cheetah_comicbook_fender_front_1.gfx",".gfx","0x5507F76B","302","438","0x11","26665839","26666141","GFX2.........................S?v"
"3","63796","0x630f124","0x0","0x196e994","766","size+offset","428","patch20/vehicles/bikes/pitvipercomicbook/cheetah_comicbook_steering_1.gfx",".gfx","0x274AEFBA","335","766","0x11","26667412","26667747","GFX2............................"
"3","63797","0x630c7e4","0x0","0x196e03c","432","size+offset","420","patch20/vehicles/bikes/pitvipercomicbook/cheetah_comicbook_engine_1.gfx",".gfx","0x7A7B4D6C","257","432","0x11","26665020","26665277","GFX2............................"
"3","63798","0x630d0ac","0x0","0x196deab","1070","size+offset","419","patch20/vehicles/bikes/pitvipercomicbook/cheetah_comicbook_backswing_1.gfx",".gfx","0x3BBD3DDF","401","1070","0x11","26664619","26665020","GFX2............................"
"3","63800","0x630dedc","0x0","0x196e26f","433","size+offset","422","patch20/vehicles/bikes/pitvipercomicbook/cheetah_comicbook_exhaust_1.gfx",".gfx","0xB9CD4E96","256","433","0x11","26665583","26665839","GFX2............................"
"3","63801","0x630cfb4","0x0","0x196e6e4","442","size+offset","426","patch20/vehicles/bikes/pitvipercomicbook/cheetah_comicbook_front_suspension_1.gfx",".gfx","0xEE6825D2","264","442","0x11","26666724","26666988","GFX2............................"
"3","63802","0x630e0d4","0x0","0x196e49d","595","size+offset","424","patch20/vehicles/bikes/pitvipercomicbook/cheetah_comicbook_fender_rear_1.gfx",".gfx","0x925B72B1","294","595","0x11","26666141","26666435","GFX2............................"
"3","63803","0x630e404","0x0","0x196e5c3","587","size+offset","425","patch20/vehicles/bikes/pitvipercomicbook/cheetah_comicbook_frame_1.gfx",".gfx","0x2D0F0ADE","289","587","0x11","26666435","26666724","GFX2............................"
"3","63804","0x630d1ac","0x0","0x196cca0","422","size+offset","411","patch20/vehicles/bikes/donkey_bike/donkey_frame_1.gfx",".gfx","0xF7B8B1EA","245","422","0x11","26660000","26660245","GFX2............................"
"3","63805","0x6214124","0x0","0x196cf90","433","size+offset","414","patch20/vehicles/bikes/donkey_bike/donkey_rear_suspension_1.gfx",".gfx","0x486FBC03","253","433","0x11","26660752","26661005","GFX2............................"
"3","63806","0x62141dc","0x0","0x196cd95","434","size+offset","412","patch20/vehicles/bikes/donkey_bike/donkey_front_suspension_1.gfx",".gfx","0x0A7AF40C","255","434","0x11","26660245","26660500","GFX2............................"
"3","63807","0x630e9b4","0x0","0x196d186","426","size+offset","416","patch20/vehicles/bikes/donkey_bike/donkey_steering_1.gfx",".gfx","0xE17B0B45","251","426","0x11","26661254","26661505","GFX2............................"
"3","63808","0x630f144","0x0","0x196d08d","427","size+offset","415","patch20/vehicles/bikes/donkey_bike/donkey_rear_tire_1.gfx",".gfx","0xE0113FBB","249","427","0x11","26661005","26661254","GFX2............................"
"3","63809","0x630e1d4","0x0","0x196ce94","428","size+offset","413","patch20/vehicles/bikes/donkey_bike/donkey_front_tire_1.gfx",".gfx","0x1B415EC7","252","428","0x11","26660500","26660752","GFX2............................"
"3","63810","0x4c8dd5c","0x0","0x16a3403","590","size+offset","351","patch20/characters/female_tech/female_tech_bottom.gfx",".gfx","0xDFE7D860","298","590","0x11","23737347","23737645","GFX2............................"
"3","63811","0x630e214","0x0","0x16a352d","436","size+offset","352","patch20/characters/female_tech/female_tech_helmet.gfx",".gfx","0x9CB762CA","263","436","0x11","23737645","23737908","GFX2............................"
"3","63812","0x630c364","0x0","0x16a3634","586","size+offset","353","patch20/characters/female_tech/female_tech_top.gfx",".gfx","0x4FD52D19","290","586","0x11","23737908","23738198","GFX2............................"
"3","63813","0x630bd04","0x0","0x196d281","5586","size+offset","417","patch20/vehicles/bikes/garage_donkey_1.gfx",".gfx","0x2D504CBD","1769","5586","0x11","26661505","26663274","GFX2............................"
"3","63819","0x630c904","0x0","0x19695cc","22121","size+offset","409","patch20/vehicles/bikes/bike_donkey_1.gfx",".gfx","0x955BED76","6564","22121","0x11","26645964","26652528","GFX2............................"
"3","63841","0x630d00c","0x0","0x197452f","442","size+offset","505","patch20/vehicles/bikes/roachhorror/kingcobra_horror_front_fender_1.gfx",".gfx","0xFCA691DA","266","442","0x11","26690863","26691129","GFX2............................"
"3","63842","0x630f544","0x0","0x19742f6","442","size+offset","503","patch20/vehicles/bikes/roachhorror/kingcobra_horror_exhaust_pipe_1.gfx",".gfx","0xB2C403F0","276","442","0x11","26690294","26690570","GFX2............................"
"3","63843","0x630f2fc","0x0","0x1974639","446","size+offset","506","patch20/vehicles/bikes/roachhorror/kingcobra_horror_front_suspension_1.gfx",".gfx","0x167B97D1","270","446","0x11","26691129","26691399","GFX2............................"
"3","63844","0x630e854","0x0","0x197487b","434","size+offset","508","patch20/vehicles/bikes/roachhorror/kingcobra_horror_seat_1.gfx",".gfx","0x60DB8F22","259","434","0x11","26691707","26691966","GFX2............................"
"3","63845","0x630ba14","0x0","0x19741eb","443","size+offset","502","patch20/vehicles/bikes/roachhorror/kingcobra_horror_engine_fender_1.gfx",".gfx","0x34E5C881","267","443","0x11","26690027","26690294","GFX2............................"
"3","63846","0x630d7e4","0x0","0x1974a83","921","size+offset","510","patch20/vehicles/bikes/roachhorror/kingcobra_horror_swing_arm_1.gfx",".gfx","0x694CD641","379","921","0x11","26692227","26692606","GFX2............................"
"3","63847","0x630d174","0x0","0x197497e","438","size+offset","509","patch20/vehicles/bikes/roachhorror/kingcobra_horror_steering_1.gfx",".gfx","0x07326DE8","261","438","0x11","26691966","26692227","GFX2............................"
"3","63848","0x630c704","0x0","0x197440a","591","size+offset","504","patch20/vehicles/bikes/roachhorror/kingcobra_horror_frame_1.gfx",".gfx","0x8E5C3560","293","591","0x11","26690570","26690863","GFX2............................"
"3","63849","0x630d7c4","0x0","0x1974747","608","size+offset","507","patch20/vehicles/bikes/roachhorror/kingcobra_horror_rear_fender_1.gfx",".gfx","0xC3CB1A40","308","608","0x11","26691399","26691707","GFX2............................"
"3","63850","0x630e35c","0x0","0x19740e7","436","size+offset","501","patch20/vehicles/bikes/roachhorror/kingcobra_horror_engine_1.gfx",".gfx","0x20B196D6","260","436","0x11","26689767","26690027","GFX2............................"
"3","63851","0x4c8dd44","0x0","0x16a1ba1","431","size+offset","329","patch20/characters/dapper/dapper_helmet.gfx",".gfx","0xEC0DE860","255","431","0x11","23731105","23731360","GFX2............................"
"3","63852","0x630f03c","0x0","0x16a1ca0","427","size+offset","330","patch20/characters/dapper/dapper_legs.gfx",".gfx","0x0AB1EFAB","253","427","0x11","23731360","23731613","GFX2............................"
"3","63853","0x630ea34","0x0","0x16a1d9d","589","size+offset","331","patch20/characters/dapper/dapper_torso.gfx",".gfx","0x5E20F351","302","589","0x11","23731613","23731915","GFX2............................"
"3","63854","0x630dd84","0x0","0x16a3756","63334","size+offset","354","patch20/characters/garage_rider_female.gfx",".gfx","0x5C89CA87","43969","63334","0x11","23738198","23782167","GFX2............................"
"3","63916","0x630f23c","0x0","0x16aedb0","445","size+offset","365","patch20/characters/pit_viper_tournament_helmet/pit_viper_tournament_helmet.gfx",".gfx","0x6AEEAFC7","269","445","0x11","23784880","23785149","GFX2............................"
"3","63917","0x630c024","0x0","0x16a265d","441","size+offset","339","patch20/characters/female_apocalypse_rider/female_apocalypse_rider_helmet.gfx",".gfx","0x88F08CE1","264","441","0x11","23733853","23734117","GFX2............................"
"3","63918","0x630e384","0x0","0x16a2765","751","size+offset","340","patch20/characters/female_apocalypse_rider/female_apocalypse_rider_legs.gfx",".gfx","0x4EAC56D7","339","751","0x11","23734117","23734456","GFX2............................"
"3","63919","0x630c964","0x0","0x16a28b8","593","size+offset","341","patch20/characters/female_apocalypse_rider/female_apocalypse_rider_torso.gfx",".gfx","0xEDD33978","305","593","0x11","23734456","23734761","GFX2............................"
"3","63920","0x630de3c","0x0","0x1967a15","1185","size+offset","391","patch20/rims/uzumaki_rim/uzumaki_rim.gfx",".gfx","0xC5BDFA90","374","1185","0x11","26638869","26639243","GFX2............................"
"3","63922","0x630c3f4","0x0","0x16a13ff","427","size+offset","321","patch20/characters/cat_rider/cat_rider.gfx",".gfx","0xAFE4C925","254","427","0x11","23729151","23729405","GFX2............................"
"3","63923","0x630efe4","0x0","0x16a16d3","278","size+offset","324","patch20/characters/cat_rider/cat_rider_empty_2.gfx",".gfx","0x92444BA6","213","278","0x11","23729875","23730088","GFX2............................"
"3","63924","0x630de7c","0x0","0x16a15fe","278","size+offset","323","patch20/characters/cat_rider/cat_rider_empty_1.gfx",".gfx","0x5A6C6693","213","278","0x11","23729662","23729875","GFX2............................"
"3","63925","0x630c99c","0x0","0x16a14fd","429","size+offset","322","patch20/characters/cat_rider/cat_rider_2.gfx",".gfx","0x348B8D7A","257","429","0x11","23729405","23729662","GFX2............................"
"3","63926","0x630caa4","0x0","0x16a08d6","427","size+offset","311","patch20/characters/arno/arno_head.gfx",".gfx","0xE071018C","250","427","0x11","23726294","23726544","GFX2............................"
"3","63927","0x62145bc","0x0","0x16a0ada","433","size+offset","313","patch20/characters/arno/arno_torso.gfx",".gfx","0x1B275455","257","433","0x11","23726810","23727067","GFX2............................"
"3","63928","0x630e274","0x0","0x16a09d0","427","size+offset","312","patch20/characters/arno/arno_legs.gfx",".gfx","0x72C616CD","266","427","0x11","23726544","23726810","GFX2............................"
"3","63929","0x630c89c","0x0","0x16a17a8","428","size+offset","325","patch20/characters/clara/clara_head.gfx",".gfx","0x9806A972","253","428","0x11","23730088","23730341","GFX2............................"
"3","63930","0x630c844","0x0","0x16a18a5","428","size+offset","326","patch20/characters/clara/clara_legs.gfx",".gfx","0x2CEAF96F","253","428","0x11","23730341","23730594","GFX2............................"
"3","63931","0x630e534","0x0","0x16a19a2","429","size+offset","327","patch20/characters/clara/clara_torso.gfx",".gfx","0xDFFF6EED","253","429","0x11","23730594","23730847","GFX2............................"
"3","63932","0x630e574","0x0","0x16aecb3","428","size+offset","364","patch20/characters/pit_baggie/pit_baggie.gfx",".gfx","0xADBECEF3","253","428","0x11","23784627","23784880","GFX2............................"
"3","63933","0x630c4e4","0x0","0x1976384","439","size+offset","532","patch20/vehicles/bikes/tkopandawasp/fat_grizzly_wasp_headlight_1.gfx",".gfx","0x9D424530","263","439","0x11","26698628","26698891","GFX2............................"
"3","63934","0x630b9d4","0x0","0x197648b","438","size+offset","533","patch20/vehicles/bikes/tkopandawasp/fat_grizzly_wasp_steering_1.gfx",".gfx","0x7998407B","262","438","0x11","26698891","26699153","GFX2............................"
"3","63935","0x630c0a4","0x0","0x1976132","762","size+offset","530","patch20/vehicles/bikes/tkopandawasp/fat_grizzly_wasp_chassis_1.gfx",".gfx","0x926E00E6","333","762","0x11","26698034","26698367","GFX2............................"
"3","63936","0x630d334","0x0","0x197602f","434","size+offset","529","patch20/vehicles/bikes/tkopandawasp/fat_grizzly_wasp_body_1.gfx",".gfx","0x91859A05","259","434","0x11","26697775","26698034","GFX2............................"
"3","63937","0x630dfd4","0x0","0x197627f","437","size+offset","531","patch20/vehicles/bikes/tkopandawasp/fat_grizzly_wasp_exhaust_1.gfx",".gfx","0x19195A9F","261","437","0x11","26698367","26698628","GFX2............................"
"3","63938","0x630daa4","0x0","0x197669e","445","size+offset","535","patch20/vehicles/bikes/tkopandawasp/fat_grizzly_wasp_suspension_rear_1.gfx",".gfx","0x539BA663","269","445","0x11","26699422","26699691","GFX2............................"
"3","63939","0x630c124","0x0","0x1976591","446","size+offset","534","patch20/vehicles/bikes/tkopandawasp/fat_grizzly_wasp_suspension_front_1.gfx",".gfx","0x9B5BF8ED","269","446","0x11","26699153","26699422","GFX2............................"
"3","63940","0x630cabc","0x0","0x1967b8b","5429","size+offset","392","patch20/sfx/bike/unicorn_fire.gfx",".gfx","0x91EB598C","1733","5429","0x11","26639243","26640976","GFX2............................"
"3","63946","0x630f0bc","0x0","0x1955f77","121369","size+offset","375","patch20/characters/unicorn.gfx",".gfx","0x08BA4BAF","66843","121369","0x11","26566519","26633362","GFX2............................"
"3","64065","0x630d4e4","0x0","0x196af70","26161","size+offset","410","patch20/vehicles/bikes/bike_unicorn.gfx",".gfx","0x0DE6F222","7472","26161","0x11","26652528","26660000","GFX2............................"
"3","64068","0x630d434","0x0","0x1968250","1686","size+offset","393","patch20/sfx/bike/unicorn_rainbow.gfx",".gfx","0x8CB47215","791","1686","0x11","26640976","26641767","GFX2.....................8\....."
"3","64093","0x630e894","0x0","0x196efab","438","size+offset","433","patch20/vehicles/bikes/pitviperevo/cheetah_evo_fender_front_1.gfx",".gfx","0x43D3CB28","308","438","0x11","26668971","26669279","GFX2.........................S?v"
"3","64094","0x630c064","0x0","0x196f0df","595","size+offset","434","patch20/vehicles/bikes/pitviperevo/cheetah_evo_fender_rear_1.gfx",".gfx","0xE74930E4","294","595","0x11","26669279","26669573","GFX2............................"
"3","64095","0x630c044","0x0","0x196eae3","1072","size+offset","429","patch20/vehicles/bikes/pitviperevo/cheetah_evo_backswing_1.gfx",".gfx","0x061DBCE3","402","1072","0x11","26667747","26668149","GFX2............................"
"3","64097","0x630d1d4","0x0","0x196f325","442","size+offset","436","patch20/vehicles/bikes/pitviperevo/cheetah_evo_front_suspension_1.gfx",".gfx","0xF80465EC","264","442","0x11","26669861","26670125","GFX2............................"
"3","64098","0x630c864","0x0","0x196eeab","433","size+offset","432","patch20/vehicles/bikes/pitviperevo/cheetah_evo_exhaust_1.gfx",".gfx","0x0DAC7570","256","433","0x11","26668715","26668971","GFX2............................"
"3","64099","0x630c8c4","0x0","0x196f42d","742","size+offset","437","patch20/vehicles/bikes/pitviperevo/cheetah_evo_headlight_1.gfx",".gfx","0x063EC573","424","742","0x11","26670125","26670549","GFX2............................"
"3","64100","0x630f084","0x0","0x196ed76","605","size+offset","431","patch20/vehicles/bikes/pitviperevo/cheetah_evo_engine_fender_1.gfx",".gfx","0x9B7D7FAE","309","605","0x11","26668406","26668715","GFX2............................"
"3","64101","0x630bc04","0x0","0x196f5d5","766","size+offset","438","patch20/vehicles/bikes/pitviperevo/cheetah_evo_steering_1.gfx",".gfx","0x4B8C1CA9","335","766","0x11","26670549","26670884","GFX2............................"
"3","64102","0x630c15c","0x0","0x196f205","587","size+offset","435","patch20/vehicles/bikes/pitviperevo/cheetah_evo_frame_1.gfx",".gfx","0x0669BCF0","288","587","0x11","26669573","26669861","GFX2............................"
"3","64103","0x630d3f4","0x0","0x196ec75","432","size+offset","430","patch20/vehicles/bikes/pitviperevo/cheetah_evo_engine_1.gfx",".gfx","0x141B0A12","257","432","0x11","26668149","26668406","GFX2............................"
"3","64104","0x630f42c","0x0","0x19673f2","1184","size+offset","387","patch20/rims/rimsgrinder/rimsgrinder.gfx",".gfx","0x3C9207E3","399","1184","0x11","26637298","26637697","GFX2............................"
"3","64106","0x630b954","0x0","0x1966ddc","1197","size+offset","383","patch20/rims/componential_rim_2/componential_rim_2.gfx",".gfx","0x08136473","394","1197","0x11","26635740","26636134","GFX2............................"
"3","64108","0x630ec6c","0x0","0x1967267","1185","size+offset","386","patch20/rims/holograph_rim/holograph_rim.gfx",".gfx","0x429CBF75","395","1185","0x11","26636903","26637298","GFX2............................"
"3","64110","0x630f1e4","0x0","0x1967708","1169","size+offset","389","patch20/rims/sumie_rim/sumie_rim.gfx",".gfx","0x4C92B7C3","384","1169","0x11","26638088","26638472","GFX2............................"
"3","64112","0x630c31c","0x0","0x1967888","1184","size+offset","390","patch20/rims/themindscrew_rim/themindscrew_rim.gfx",".gfx","0x3C0F4112","397","1184","0x11","26638472","26638869","GFX2............................"
"3","64114","0x630f064","0x0","0x1955d7e","423","size+offset","373","patch20/characters/roach/roach.gfx",".gfx","0x9B2F6BAC","247","423","0x11","26566014","26566261","GFX2............................"
"3","64115","0x630e7d4","0x0","0x196d96a","4535","size+offset","418","patch20/vehicles/bikes/garage_unicorn.gfx",".gfx","0x835E2719","1345","4535","0x11","26663274","26664619","GFX2............................"
"3","64120","0x630ef24","0x0","0x16a122f","1177","size+offset","320","patch20/characters/cat_rider/catrider_still.gfx",".gfx","0xA2B67B93","464","1177","0x11","23728687","23729151","GFX2............................"
"3","64122","0x630ebf4","0x0","0x16a1fc8","727","size+offset","333","patch20/characters/elise/elise_head.gfx",".gfx","0xADF4FB6F","317","727","0x11","23732168","23732485","GFX2............................"
"3","64123","0x630ebcc","0x0","0x16a2105","428","size+offset","334","patch20/characters/elise/elise_legs.gfx",".gfx","0x42D94B6C","252","428","0x11","23732485","23732737","GFX2............................"
"3","64124","0x630ea6c","0x0","0x16a2201","429","size+offset","335","patch20/characters/elise/elise_torso.gfx",".gfx","0x5A04AF52","253","429","0x11","23732737","23732990","GFX2............................"
"3","64125","0x630c494","0x0","0x19443c5","101035","size+offset","368","patch20/characters/podium_unicorncat.gfx",".gfx","0x1082452F","71027","101035","0x11","26493893","26564920","GFX2............................"
"3","64224","0x630e324","0x0","0x16aebb9","426","size+offset","363","patch20/characters/partyhat/partyhat.gfx",".gfx","0x0A9026D2","250","426","0x11","23784377","23784627","GFX2............................"
"2","104670","0x6222314","0x0","0x231c6","185478","offset","29","objectcollection20.xml",".xml","0xE583A04E","136983","1959059","0x11","115151","252134","<"
"2","112","0x63e4ff4","0x0","0x16b4e4e","2073630","offset","367","patch20/characters/podium_rider.gfx",".gfx","0x3A94547E","2708482","3456812","0x11","23785411","26493893","T5X"
"2","18375","0x63d87d4","0x0","0x1b4eeaa","65566","offset","541","vtex/vtex_objects0.raw.hdr",".hdr","0x094DAB53","3828210","5298364","0x11","26782169","30610379","T5X"
"2","19883","0x31767f44","0x0","0x2d57","222","offset","3","bikes/bike_unicorn.xml",".xml","0x17FF978C","1364","3579","0x11","11149","12513","<?xml version=""1.0"" encoding=""ut"
"2","19884","0x2c179504","0x0","0x2468","189","offset","0","areavolumes20.xml",".xml","0x3A20CDAA","290","300","0x11","9260","9550","<?xml version=""1.0"" encoding=""ut"
"2","19885","0x34f53b24","0x0","0x2955","185","offset","2","bikes/bike_donkey.xml",".xml","0xCB240593","1384","3957","0x11","9765","11149","<?xml version=""1.0"" encoding=""ut"
"2","19886","0x32bea044","0x0","0x2f15","155","offset","3","bikes/bike_unicorn.xml",".xml","0x17FF978C","1364","3579","0x11","11149","12513","<?xml version=""1.0"" encoding=""ut"
"2","19887","0x32619e84","0x0","0x2be5","153","offset","3","bikes/bike_unicorn.xml",".xml","0x17FF978C","1364","3579","0x11","11149","12513","<?xml version=""1.0"" encoding=""ut"
"2","19888","0x32778094","0x0","0x30d2","153","offset","3","bikes/bike_unicorn.xml",".xml","0x17FF978C","1364","3579","0x11","11149","12513","<?xml version=""1.0"" encoding=""ut"
"2","19889","0x3200ffe4","0x0","0x301e","153","offset","3","bikes/bike_unicorn.xml",".xml","0x17FF978C","1364","3579","0x11","11149","12513","<?xml version=""1.0"" encoding=""ut"
"2","19975","0x30433664","0x0","0x591e","80490","offset","8","images/garage/rider/Female_2.png.tex",".tex","0xC3BE3B07","31329","286750","0x11","14641","45970","<?xml version=""1.0"" encoding=""ut"
"2","20132","0x304f4324","0x1","0x2699","61","offset","2","bikes/bike_donkey.xml",".xml","0xCB240593","1384","3957","0x11","9765","11149","<soundproject file=""TrialsFusion"
"2","20133","0x658a224","0x0","0x2791","8282","offset","2","bikes/bike_donkey.xml",".xml","0xCB240593","1384","3957","0x11","9765","11149","<?xml version=""1.0"" encoding=""ut"
"2","20138","0x31e5e124","0x0","0x26d6","245","offset","2","bikes/bike_donkey.xml",".xml","0xCB240593","1384","3957","0x11","9765","11149","<SquirrelSet>..  <stats string="""
"2","20139","0x31f8fd94","0x0","0x2447","1533","offset","0","areavolumes20.xml",".xml","0x3A20CDAA","290","300","0x11","9260","9550","200;300;500;1000;1000..300;450;7"
"2","20142","0x302926c4","0x0","0x4547","65015","offset","8","images/garage/rider/Female_2.png.tex",".tex","0xC3BE3B07","31329","286750","0x11","14641","45970","<?xml version=""1.0"" encoding=""ut"
"2","21021","0x32bea264","0x0","0x8181","87301","offset","8","images/garage/rider/Female_2.png.tex",".tex","0xC3BE3B07","31329","286750","0x11","14641","45970","<?xml version=""1.0"" encoding=""ut"
"2","21202","0x3173c3c4","0x0","0x7910","85698","offset","8","images/garage/rider/Female_2.png.tex",".tex","0xC3BE3B07","31329","286750","0x11","14641","45970","<?xml version=""1.0"" encoding=""ut"
"2","21374","0x32beaf24","0x1","0x2826","61","offset","2","bikes/bike_donkey.xml",".xml","0xCB240593","1384","3957","0x11","9765","11149","<soundproject file=""TrialsFusion"
"2","21375","0x32beb004","0x0","0x291f","9148","offset","2","bikes/bike_donkey.xml",".xml","0xCB240593","1384","3957","0x11","9765","11149","<?xml version=""1.0"" encoding=""ut"
"2","21380","0x32bea9d4","0x0","0x2863","245","offset","2","bikes/bike_donkey.xml",".xml","0xCB240593","1384","3957","0x11","9765","11149","<SquirrelSet>..  <stats string="""
"2","21381","0x32bea0e4","0x0","0x25dc","1526","offset","1","audiocollection20.xml",".xml","0xB951CA25","215","87","0x10","9550","9765","100;200;300;400;400..105;210;310"
"2","21384","0x330c6f44","0x0","0x503c","78866","offset","8","images/garage/rider/Female_2.png.tex",".tex","0xC3BE3B07","31329","286750","0x11","14641","45970","<?xml version=""1.0"" encoding=""ut"
"2","21535","0x32619dc4","0x1","0x250b","61","offset","0","areavolumes20.xml",".xml","0x3A20CDAA","290","300","0x11","9260","9550","<soundproject file=""TrialsFusion"
"2","21536","0x32619cc4","0x0","0x2604","8304","offset","1","audiocollection20.xml",".xml","0xB951CA25","215","87","0x10","9550","9765","<?xml version=""1.0"" encoding=""ut"
"2","21541","0x325e027c","0x0","0x2548","245","offset","0","areavolumes20.xml",".xml","0x3A20CDAA","290","300","0x11","9260","9550","<SquirrelSet>..  <stats string="""
"2","21545","0x3220d4b4","0x0","0x9a7a","91686","offset","8","images/garage/rider/Female_2.png.tex",".tex","0xC3BE3B07","31329","286750","0x11","14641","45970","<?xml version=""1.0"" encoding=""ut"
"2","21728","0x329a58b4","0x1","0x29e9","61","offset","2","bikes/bike_donkey.xml",".xml","0xCB240593","1384","3957","0x11","9765","11149","<soundproject file=""TrialsFusion"
"2","21729","0x32032814","0x0","0x2ae2","8744","offset","2","bikes/bike_donkey.xml",".xml","0xCB240593","1384","3957","0x11","9765","11149","<?xml version=""1.0"" encoding=""ut"
"2","21734","0x33c987d4","0x0","0x2a26","245","offset","2","bikes/bike_donkey.xml",".xml","0xCB240593","1384","3957","0x11","9765","11149","<SquirrelSet>..  <stats string="""
"2","21735","0x329a58d4","0x0","0x279f","1526","offset","2","bikes/bike_donkey.xml",".xml","0xCB240593","1384","3957","0x11","9765","11149","100;200;300;400;400..105;210;310"
"2","21795","0x3200fe64","0x1","0x26c0","61","offset","2","bikes/bike_donkey.xml",".xml","0xCB240593","1384","3957","0x11","9765","11149","<soundproject file=""TrialsFusion"
"2","21796","0x32010084","0x0","0x27b9","21543","offset","2","bikes/bike_donkey.xml",".xml","0xCB240593","1384","3957","0x11","9765","11149","<?xml version=""1.0"" encoding=""ut"
"2","21803","0x3200fe04","0x0","0x26fd","245","offset","2","bikes/bike_donkey.xml",".xml","0xCB240593","1384","3957","0x11","9765","11149","<SquirrelSet>..  <stats string="""
"2","21804","0x3200fec4","0x0","0x2476","1526","offset","0","areavolumes20.xml",".xml","0x3A20CDAA","290","300","0x11","9260","9550","100;200;300;400;400..105;210;310"
"2","21812","0x30b23154","0x0","0x18b971b","68854","offset","367","patch20/characters/podium_rider.gfx",".gfx","0x3A94547E","2708482","3456812","0x11","23785411","26493893","RIFF....FEV FMT ......E.LIST...."
"2","313382","0x334939e4","0x0","0x2ea9","3991","offset","3","bikes/bike_unicorn.xml",".xml","0x17FF978C","1364","3579","0x11","11149","12513","<"
"2","32171","0x3376a8e4","0x0","0x56e4c","2196136","offset","30","objects/pack20/aiden_bottom_1669118754.mdl",".mdl","0xC8711195","141013","140885","0x10","252134","393147","..T..h.....9......P.....@......R"
"2","32297","0x31c16824","0x0","0x56d5a","1024","offset","30","objects/pack20/aiden_bottom_1669118754.mdl",".mdl","0xC8711195","141013","140885","0x10","252134","393147","GFX2............................"
"2","32699","0x30070954","0x0","0x1e132","1923","offset","29","objectcollection20.xml",".xml","0xE583A04E","136983","1959059","0x11","115151","252134","GFX2............................"
"2","32701","0x30070914","0x0","0x1e27c","1923","offset","29","objectcollection20.xml",".xml","0xE583A04E","136983","1959059","0x11","115151","252134","GFX2............................"
"2","32703","0x30070704","0x0","0x1e3b5","1923","offset","29","objectcollection20.xml",".xml","0xE583A04E","136983","1959059","0x11","115151","252134","GFX2............................"
"2","32705","0x3045dd34","0x0","0x47da","1053","offset","8","images/garage/rider/Female_2.png.tex",".tex","0xC3BE3B07","31329","286750","0x11","14641","45970","GFX2............................"
"2","32707","0x3045d8d4","0x0","0x2cc2","1053","offset","3","bikes/bike_unicorn.xml",".xml","0x17FF978C","1364","3579","0x11","11149","12513","GFX2............................"
"2","32709","0x30b06704","0x0","0x2de6","1344","offset","3","bikes/bike_unicorn.xml",".xml","0x17FF978C","1364","3579","0x11","11149","12513","GFX2............................"
"2","32711","0x31c16b14","0x0","0x2f3e","1646","offset","3","bikes/bike_unicorn.xml",".xml","0x17FF978C","1364","3579","0x11","11149","12513","GFX2............................"
"2","32713","0x33950d14","0x0","0x30b2","4637","offset","3","bikes/bike_unicorn.xml",".xml","0x17FF978C","1364","3579","0x11","11149","12513","GFX2............................"
"2","32718","0x31c16004","0x0","0x3389","4689","offset","6","editorcamera20.xml",".xml","0x64617DCF","288","277","0x11","13155","13443","GFX2............................"
"2","32724","0x31c167c4","0x0","0x35be","17085","offset","7","environment_presets20.xml",".xml","0x09215BF2","1198","10085","0x11","13443","14641","GFX2............................"
"2","32741","0x32518f24","0x0","0x3b98","3809","offset","8","images/garage/rider/Female_2.png.tex",".tex","0xC3BE3B07","31329","286750","0x11","14641","45970","GFX2............................"
"2","32745","0x31c16954","0x0","0x3d8d","9668","offset","8","images/garage/rider/Female_2.png.tex",".tex","0xC3BE3B07","31329","286750","0x11","14641","45970","GFX2............................"
"2","32755","0x3376aa14","0x0","0x42a6","14789","offset","8","images/garage/rider/Female_2.png.tex",".tex","0xC3BE3B07","31329","286750","0x11","14641","45970","GFX2............................"
"2","32770","0x30071094","0x0","0x53bc4","40954","offset","30","objects/pack20/aiden_bottom_1669118754.mdl",".mdl","0xC8711195","141013","140885","0x10","252134","393147","GFX2............................"
"2","32810","0x31c15eb4","0x0","0x1df1b","2881","offset","29","objectcollection20.xml",".xml","0xE583A04E","136983","1959059","0x11","115151","252134","GFX2............................"
"2","32813","0x300714d4","0x0","0x1cc15","49806","offset","29","objectcollection20.xml",".xml","0xE583A04E","136983","1959059","0x11","115151","252134","GFX2............................"
"2","32862","0x31862254","0x0","0x104b7","1053","offset","11","images/garage/rider/Female_2_Pants.png.tex",".tex","0x914E3454","8075","102430","0x11","65143","73218","GFX2............................"
"2","32864","0x31c16624","0x0","0x21124","24764","offset","29","objectcollection20.xml",".xml","0xE583A04E","136983","1959059","0x11","115151","252134","GFX2............................"
"2","32889","0x32aae484","0x0","0x105e2","11626","offset","11","images/garage/rider/Female_2_Pants.png.tex",".tex","0x914E3454","8075","102430","0x11","65143","73218","GFX2............................"
"2","32901","0x3376a944","0x0","0x203c2","24808","offset","29","objectcollection20.xml",".xml","0xE583A04E","136983","1959059","0x11","115151","252134","GFX2............................"
"2","32926","0x320abf2c","0x0","0x10b30","49685","offset","11","images/garage/rider/Female_2_Pants.png.tex",".tex","0x914E3454","8075","102430","0x11","65143","73218","GFX2............................"
"2","32975","0x3023be5c","0x0","0x55b7a","25562","offset","30","objects/pack20/aiden_bottom_1669118754.mdl",".mdl","0xC8711195","141013","140885","0x10","252134","393147","GFX2.....................$94=$9."
"2","33000","0x3045d854","0x0","0x18d27","2221","offset","27","manmade/buildings/garage/garage_background_1.gfx",".gfx","0x7403FAA2","29595","246120","0x11","85231","114826","GFX2............................"
"2","33003","0x35caded4","0x0","0x18853","7866","offset","27","manmade/buildings/garage/garage_background_1.gfx",".gfx","0x7403FAA2","29595","246120","0x11","85231","114826","GFX2............................"
"2","33011","0x31e6f6c4","0x0","0x18fda","3761","offset","27","manmade/buildings/garage/garage_background_1.gfx",".gfx","0x7403FAA2","29595","246120","0x11","85231","114826","GFX2............................"
"2","33015","0x3007126c","0x0","0x4bc61","87695","offset","30","objects/pack20/aiden_bottom_1669118754.mdl",".mdl","0xC8711195","141013","140885","0x10","252134","393147","GFX2......................$.;.$."
"2","33101","0x268992e4","0x0","0x1aad1","2495","offset","27","manmade/buildings/garage/garage_background_1.gfx",".gfx","0x7403FAA2","29595","246120","0x11","85231","114826","GFX2............................"
"2","33104","0x31c168a4","0x0","0x191e2","1958","offset","27","manmade/buildings/garage/garage_background_1.gfx",".gfx","0x7403FAA2","29595","246120","0x11","85231","114826","GFX2............................"
"2","33106","0x31e73704","0x0","0x1acc4","2803","offset","27","manmade/buildings/garage/garage_background_1.gfx",".gfx","0x7403FAA2","29595","246120","0x11","85231","114826","GFX2............................"
"2","33109","0x32841744","0x0","0x1aec8","5166","offset","27","manmade/buildings/garage/garage_background_1.gfx",".gfx","0x7403FAA2","29595","246120","0x11","85231","114826","GFX2............................"
"2","33115","0x31c15ca4","0x0","0xcb91","32930","offset","9","images/garage/rider/Female_2_Body.png.tex",".tex","0x45034C6D","9393","102430","0x11","45970","55363","GFX2............................"
"2","33148","0x300708a4","0x0","0x9ba4","57394","offset","8","images/garage/rider/Female_2.png.tex",".tex","0xC3BE3B07","31329","286750","0x11","14641","45970","GFX2............................"
"2","33206","0x3023c044","0x0","0xb5d1","32445","offset","9","images/garage/rider/Female_2_Body.png.tex",".tex","0x45034C6D","9393","102430","0x11","45970","55363","GFX2............................"
"2","33238","0x31e73f64","0x0","0x1a3c1","18730","offset","27","manmade/buildings/garage/garage_background_1.gfx",".gfx","0x7403FAA2","29595","246120","0x11","85231","114826","GFX2............................"
"2","33257","0x3023b504","0x0","0x11dcf","1932","offset","11","images/garage/rider/Female_2_Pants.png.tex",".tex","0x914E3454","8075","102430","0x11","65143","73218","GFX2............................"
"2","33259","0x3023be44","0x0","0x19bb5","21297","offset","27","manmade/buildings/garage/garage_background_1.gfx",".gfx","0x7403FAA2","29595","246120","0x11","85231","114826","GFX2............................"
"2","33280","0x30071114","0x0","0xb337","165","offset","8","images/garage/rider/Female_2.png.tex",".tex","0xC3BE3B07","31329","286750","0x11","14641","45970","GFX2............................"
"2","33281","0x300708bc","0x0","0x19637","9362","offset","27","manmade/buildings/garage/garage_background_1.gfx",".gfx","0x7403FAA2","29595","246120","0x11","85231","114826","GFX2............................"
"2","33291","0x32aadbb4","0x0","0xd855","58908","offset","10","images/garage/rider/Female_2_Head.png.tex",".tex","0xE4313D47","9780","102430","0x11","55363","65143","GFX2............................"
"2","33349","0x31c15f34","0x0","0xb46d","2087","offset","9","images/garage/rider/Female_2_Body.png.tex",".tex","0x45034C6D","9393","102430","0x11","45970","55363","GFX2............................"
"2","33352","0x31c15b94","0x0","0x8685","36473","offset","8","images/garage/rider/Female_2.png.tex",".tex","0xC3BE3B07","31329","286750","0x11","14641","45970","GFX2............................"
"2","33388","0x320ac614","0x0","0x72d4","19780","offset","8","images/garage/rider/Female_2.png.tex",".tex","0xC3BE3B07","31329","286750","0x11","14641","45970","GFX2............................"
"2","33408","0x319519b4","0x0","0x7eab","6389","offset","8","images/garage/rider/Female_2.png.tex",".tex","0xC3BE3B07","31329","286750","0x11","14641","45970","GFX2............................"
"2","33415","0x30070ff4","0x0","0x9a68","1195","offset","8","images/garage/rider/Female_2.png.tex",".tex","0xC3BE3B07","31329","286750","0x11","14641","45970","GFX2............................"
"2","33417","0x337e1c14","0x0","0xbfcf","58908","offset","9","images/garage/rider/Female_2_Body.png.tex",".tex","0x45034C6D","9393","102430","0x11","45970","55363","GFX2............................"
"2","33475","0x31c164a4","0x0","0x2cd07","78297","offset","29","objectcollection20.xml",".xml","0xE583A04E","136983","1959059","0x11","115151","252134","GFX2............................"
"2","33552","0x31c15bd4","0x0","0x1c0c7","30584","offset","28","objectcategory20.xml",".xml","0xC54AE0CC","325","299","0x11","114826","115151","GFX2............................"
"2","33582","0x31c16884","0x0","0xb2de","165","offset","8","images/garage/rider/Female_2.png.tex",".tex","0xC3BE3B07","31329","286750","0x11","14641","45970","GFX2............................"
"2","33583","0x31d13c54","0x0","0xb1c9","165","offset","8","images/garage/rider/Female_2.png.tex",".tex","0xC3BE3B07","31329","286750","0x11","14641","45970","GFX2........................A..."
"2","33584","0x329b26d4","0x0","0xb166","165","offset","8","images/garage/rider/Female_2.png.tex",".tex","0xC3BE3B07","31329","286750","0x11","14641","45970","GFX2............................"
"2","33585","0x3045dbf4","0x0","0x47353","2112","offset","30","objects/pack20/aiden_bottom_1669118754.mdl",".mdl","0xC8711195","141013","140885","0x10","252134","393147","GFX2............................"
"2","33588","0x30070e54","0x0","0x47695","2832","offset","30","objects/pack20/aiden_bottom_1669118754.mdl",".mdl","0xC8711195","141013","140885","0x10","252134","393147","GFX2............................"
"2","33591","0x31c16354","0x0","0x47a15","3993","offset","30","objects/pack20/aiden_bottom_1669118754.mdl",".mdl","0xC8711195","141013","140885","0x10","252134","393147","GFX2............................"
"2","33595","0x3023bb74","0x0","0x47f76","1048","offset","30","objects/pack20/aiden_bottom_1669118754.mdl",".mdl","0xC8711195","141013","140885","0x10","252134","393147","GFX2............................"
"2","33597","0x3376a704","0x0","0x4804c","1336","offset","30","objects/pack20/aiden_bottom_1669118754.mdl",".mdl","0xC8711195","141013","140885","0x10","252134","393147","GFX2............................"
"2","33599","0x3284137c","0x0","0x48247","1336","offset","30","objects/pack20/aiden_bottom_1669118754.mdl",".mdl","0xC8711195","141013","140885","0x10","252134","393147","GFX2............................"
"2","33601","0x30070c34","0x0","0x48445","1336","offset","30","objects/pack20/aiden_bottom_1669118754.mdl",".mdl","0xC8711195","141013","140885","0x10","252134","393147","GFX2............................"
"2","33603","0x31c15f84","0x0","0x48645","1033","offset","30","objects/pack20/aiden_bottom_1669118754.mdl",".mdl","0xC8711195","141013","140885","0x10","252134","393147","GFX2............................"
"2","33605","0x30070bf4","0x0","0xb22a","166","offset","8","images/garage/rider/Female_2.png.tex",".tex","0xC3BE3B07","31329","286750","0x11","14641","45970","GFX2............................"
"2","33606","0x3045d5d4","0x0","0xb285","165","offset","8","images/garage/rider/Female_2.png.tex",".tex","0xC3BE3B07","31329","286750","0x11","14641","45970","GFX2............................"
"2","33607","0x31c16084","0x0","0xb106","171","offset","8","images/garage/rider/Female_2.png.tex",".tex","0xC3BE3B07","31329","286750","0x11","14641","45970","GFX2............................"
"2","33608","0x33760ce4","0x0","0xd72e","170","offset","9","images/garage/rider/Female_2_Body.png.tex",".tex","0x45034C6D","9393","102430","0x11","45970","55363","GFX2........................A..."
"2","33609","0x320913e4","0x0","0xd6c5","170","offset","9","images/garage/rider/Female_2_Body.png.tex",".tex","0x45034C6D","9393","102430","0x11","45970","55363","GFX2............................"
"2","33610","0x30070624","0x0","0xbf70","170","offset","9","images/garage/rider/Female_2_Body.png.tex",".tex","0x45034C6D","9393","102430","0x11","45970","55363","GFX2............................"
"2","33611","0x31c16164","0x0","0xd794","170","offset","9","images/garage/rider/Female_2_Body.png.tex",".tex","0x45034C6D","9393","102430","0x11","45970","55363","GFX2............................"
"2","33612","0x3376a684","0x0","0xd7f2","170","offset","9","images/garage/rider/Female_2_Body.png.tex",".tex","0x45034C6D","9393","102430","0x11","45970","55363","GFX2............................"
"2","33613","0x329e1784","0x0","0x5651","5547","offset","8","images/garage/rider/Female_2.png.tex",".tex","0xC3BE3B07","31329","286750","0x11","14641","45970","GFX2............................"
"2","33619","0x31c16274","0x0","0x2f70d","69720","offset","29","objectcollection20.xml",".xml","0xE583A04E","136983","1959059","0x11","115151","252134","GFX2............................"
"2","33689","0x32032414","0x0","0x31c38","8623","offset","29","objectcollection20.xml",".xml","0xE583A04E","136983","1959059","0x11","115151","252134","GFX2............................"
"2","33698","0x3349b014","0x0","0x327ad","35362","offset","29","objectcollection20.xml",".xml","0xE583A04E","136983","1959059","0x11","115151","252134","GFX2............................"
"2","33733","0x32aadc94","0x0","0x321ea","9136","offset","29","objectcollection20.xml",".xml","0xE583A04E","136983","1959059","0x11","115151","252134","GFX2............................"
"2","33742","0x31c15e44","0x0","0x43631","3644","offset","30","objects/pack20/aiden_bottom_1669118754.mdl",".mdl","0xC8711195","141013","140885","0x10","252134","393147","GFX2............................"
"2","33746","0x300711d4","0x0","0x43bb3","5731","offset","30","objects/pack20/aiden_bottom_1669118754.mdl",".mdl","0xC8711195","141013","140885","0x10","252134","393147","GFX2............................"
"2","33752","0x30070c74","0x0","0x442af","5618","offset","30","objects/pack20/aiden_bottom_1669118754.mdl",".mdl","0xC8711195","141013","140885","0x10","252134","393147","GFX2............................"
"2","33758","0x3045d574","0x0","0x449ae","1003","offset","30","objects/pack20/aiden_bottom_1669118754.mdl",".mdl","0xC8711195","141013","140885","0x10","252134","393147","GFX2............................"
"2","33759","0x3045de44","0x0","0x44a73","4871","offset","30","objects/pack20/aiden_bottom_1669118754.mdl",".mdl","0xC8711195","141013","140885","0x10","252134","393147","GFX2............................"
"2","33764","0x300712a4","0x0","0x44e03","3089","offset","30","objects/pack20/aiden_bottom_1669118754.mdl",".mdl","0xC8711195","141013","140885","0x10","252134","393147","GFX2............................"
"2","33768","0x31c16914","0x0","0x4507b","4871","offset","30","objects/pack20/aiden_bottom_1669118754.mdl",".mdl","0xC8711195","141013","140885","0x10","252134","393147","GFX2............................"
"2","33773","0x31c16844","0x0","0x454ce","3666","offset","30","objects/pack20/aiden_bottom_1669118754.mdl",".mdl","0xC8711195","141013","140885","0x10","252134","393147","GFX2............................"
"2","33777","0x31c167e4","0x0","0x45805","3666","offset","30","objects/pack20/aiden_bottom_1669118754.mdl",".mdl","0xC8711195","141013","140885","0x10","252134","393147","GFX2............................"
"2","33781","0x31c16764","0x0","0x45b3b","3666","offset","30","objects/pack20/aiden_bottom_1669118754.mdl",".mdl","0xC8711195","141013","140885","0x10","252134","393147","GFX2............................"
"2","33785","0x300709b4","0x0","0x45400","1039","offset","30","objects/pack20/aiden_bottom_1669118754.mdl",".mdl","0xC8711195","141013","140885","0x10","252134","393147","GFX2............................"
"2","33787","0x3045d9f4","0x0","0x45e75","1036","offset","30","objects/pack20/aiden_bottom_1669118754.mdl",".mdl","0xC8711195","141013","140885","0x10","252134","393147","GFX2............................"
"2","33789","0x31c15d24","0x0","0x4f6e6","87650","offset","30","objects/pack20/aiden_bottom_1669118754.mdl",".mdl","0xC8711195","141013","140885","0x10","252134","393147","GFX2............................"
"2","33875","0x3045daf4","0x0","0x5a07","26757","offset","8","images/garage/rider/Female_2.png.tex",".tex","0xC3BE3B07","31329","286750","0x11","14641","45970","GFX2............................"
"2","338954","0x32b90f34","0x0","0x3180","87","offset","4","config20.xml",".xml","0x118AA6E7","462","714","0x11","12513","12975","<"
"2","33902","0x3023b264","0x0","0x702b","3046","offset","8","images/garage/rider/Female_2.png.tex",".tex","0xC3BE3B07","31329","286750","0x11","14641","45970","GFX2............................"
"2","33905","0x30071054","0x0","0x68e9","11828","offset","8","images/garage/rider/Female_2.png.tex",".tex","0xC3BE3B07","31329","286750","0x11","14641","45970","GFX2............................"
"2","33917","0x3045d734","0x0","0x663d","3058","offset","8","images/garage/rider/Female_2.png.tex",".tex","0xC3BE3B07","31329","286750","0x11","14641","45970","GFX2............................"
"2","33920","0x31c166c4","0x0","0x45f49","3335","offset","30","objects/pack20/aiden_bottom_1669118754.mdl",".mdl","0xC8711195","141013","140885","0x10","252134","393147","GFX2............................"
"2","33924","0x301c4424","0x0","0x462fa","4814","offset","30","objects/pack20/aiden_bottom_1669118754.mdl",".mdl","0xC8711195","141013","140885","0x10","252134","393147","GFX2............................"
"2","33929","0x300710f4","0x0","0x4689e","7277","offset","30","objects/pack20/aiden_bottom_1669118754.mdl",".mdl","0xC8711195","141013","140885","0x10","252134","393147","GFX2............................"
"2","33937","0x31c1673c","0x0","0x4727d","1027","offset","30","objects/pack20/aiden_bottom_1669118754.mdl",".mdl","0xC8711195","141013","140885","0x10","252134","393147","GFX2............................"
"2","33939","0x32091234","0x0","0x4903","13067","offset","8","images/garage/rider/Female_2.png.tex",".tex","0xC3BE3B07","31329","286750","0x11","14641","45970","GFX2............................"
"2","33952","0x31c168f4","0x0","0x5163","7339","offset","8","images/garage/rider/Female_2.png.tex",".tex","0xC3BE3B07","31329","286750","0x11","14641","45970","GFX2............................"
"2","33960","0x31c16394","0x0","0x55320","11776","offset","30","objects/pack20/aiden_bottom_1669118754.mdl",".mdl","0xC8711195","141013","140885","0x10","252134","393147","GFX2............................"
"2","33972","0x31c16234","0x0","0x13939","4279","offset","18","localization/dlc20_french.xml",".xml","0x1C0BC009","350","348","0x11","80074","80424","GFX2............................"
"2","33977","0x31e735d4","0x0","0x1e4e7","7551","offset","29","objectcollection20.xml",".xml","0xE583A04E","136983","1959059","0x11","115151","252134","GFX2............................"
"2","33985","0x3376a874","0x0","0x15b83","85317","offset","27","manmade/buildings/garage/garage_background_1.gfx",".gfx","0x7403FAA2","29595","246120","0x11","85231","114826","GFX2............................"
"2","340296","0x30433e84","0x0","0x25a6","476","offset","1","audiocollection20.xml",".xml","0xB951CA25","215","87","0x10","9550","9765","<"
"2","34069","0x3045d414","0x0","0x12fa1","11122","offset","14","images/garage/rider/small/Female_2_Pants.png.tex",".tex","0x7DA63911","1748","4126","0x11","77452","79200","GFX2............................"
"2","34080","0x31c161a4","0x0","0x1e8cc","12686","offset","29","objectcollection20.xml",".xml","0xE583A04E","136983","1959059","0x11","115151","252134","GFX2............................"
"2","34093","0x32841364","0x0","0x1f1c4","3146","offset","29","objectcollection20.xml",".xml","0xE583A04E","136983","1959059","0x11","115151","252134","GFX2............................"
"2","34097","0x31e73d14","0x0","0x1f478","25805","offset","29","objectcollection20.xml",".xml","0xE583A04E","136983","1959059","0x11","115151","252134","GFX2............................"
"2","34123","0x329e1c34","0x0","0x13c39","62295","offset","20","localization/dlc20_italian.xml",".xml","0xA163580A","350","349","0x11","80774","81124","GFX2............................"
"2","34184","0x31c16724","0x0","0x1b1f5","1032","offset","27","manmade/buildings/garage/garage_background_1.gfx",".gfx","0x7403FAA2","29595","246120","0x11","85231","114826","GFX2............................"
"2","34186","0x3045d494","0x0","0xe41c","18690","offset","10","images/garage/rider/Female_2_Head.png.tex",".tex","0xE4313D47","9780","102430","0x11","55363","65143","GFX2............................"
"2","34205","0x3023b5d4","0x0","0xef59","7653","offset","10","images/garage/rider/Female_2_Head.png.tex",".tex","0xE4313D47","9780","102430","0x11","55363","65143","GFX2............................"
"2","34213","0x320abf14","0x0","0xf599","5802","offset","10","images/garage/rider/Female_2_Head.png.tex",".tex","0xE4313D47","9780","102430","0x11","55363","65143","GFX2............................"
"2","34219","0x3045dd94","0x0","0xfa04","5554","offset","10","images/garage/rider/Female_2_Head.png.tex",".tex","0xE4313D47","9780","102430","0x11","55363","65143","GFX2............................"
"2","34225","0x3045ddf4","0x0","0xfebd","7656","offset","11","images/garage/rider/Female_2_Pants.png.tex",".tex","0x914E3454","8075","102430","0x11","65143","73218","GFX2............................"
"2","34233","0x32518eb4","0x0","0x274f1","27970","offset","29","objectcollection20.xml",".xml","0xE583A04E","136983","1959059","0x11","115151","252134","GFX2............................"
"2","34261","0x31c1663c","0x0","0x2857e","27889","offset","29","objectcollection20.xml",".xml","0xE583A04E","136983","1959059","0x11","115151","252134","GFX2............................"
"2","34289","0x300709d4","0x0","0x294a4","28532","offset","29","objectcollection20.xml",".xml","0xE583A04E","136983","1959059","0x11","115151","252134","GFX2.....................E...E.."
"2","34317","0x2c163d84","0x0","0x2a4be","22606","offset","29","objectcollection20.xml",".xml","0xE583A04E","136983","1959059","0x11","115151","252134","GFX2............................"
"2","34340","0x31e6f204","0x0","0x2b16f","28243","offset","29","objectcollection20.xml",".xml","0xE583A04E","136983","1959059","0x11","115151","252134","GFX2............................"
"2","34368","0x3045d3b4","0x0","0x2c4b6","9420","offset","29","objectcollection20.xml",".xml","0xE583A04E","136983","1959059","0x11","115151","252134","GFX2............................"
"2","34378","0x3045d6d4","0x0","0x18181","5761","offset","27","manmade/buildings/garage/garage_background_1.gfx",".gfx","0x7403FAA2","29595","246120","0x11","85231","114826","GFX2............................"
"2","34384","0x31c16564","0x0","0x21c78","27975","offset","29","objectcollection20.xml",".xml","0xE583A04E","136983","1959059","0x11","115151","252134","GFX2............................"
"2","34412","0x30071214","0x0","0x22d1f","27896","offset","29","objectcollection20.xml",".xml","0xE583A04E","136983","1959059","0x11","115151","252134","GFX2............................"
"2","34440","0x30070f54","0x0","0x23c4c","28541","offset","29","objectcollection20.xml",".xml","0xE583A04E","136983","1959059","0x11","115151","252134","GFX2.....................E...E.."
"2","34468","0x3376a604","0x0","0x24c7f","22613","offset","29","objectcollection20.xml",".xml","0xE583A04E","136983","1959059","0x11","115151","252134","GFX2............................"
"2","34491","0x3349ae64","0x0","0x25941","28248","offset","29","objectcollection20.xml",".xml","0xE583A04E","136983","1959059","0x11","115151","252134","GFX2......................).>..."
"2","34519","0x32091054","0x0","0x26c99","9424","offset","29","objectcollection20.xml",".xml","0xE583A04E","136983","1959059","0x11","115151","252134","GFX2............................"
"2","34529","0x3045d454","0x0","0x2715b","5917","offset","29","objectcollection20.xml",".xml","0xE583A04E","136983","1959059","0x11","115151","252134","GFX2............................"
"2","34535","0x30a43644","0x0","0x2c975","5912","offset","29","objectcollection20.xml",".xml","0xE583A04E","136983","1959059","0x11","115151","252134","GFX2............................"
"2","34541","0x31e73d94","0x0","0x1bef2","2844","offset","27","manmade/buildings/garage/garage_background_1.gfx",".gfx","0x7403FAA2","29595","246120","0x11","85231","114826","GFX2............................"
"2","34544","0x31c16124","0x0","0xb395","995","offset","9","images/garage/rider/Female_2_Body.png.tex",".tex","0x45034C6D","9393","102430","0x11","45970","55363","GFX2............................"
"2","34545","0x320ac664","0x0","0x831e","1637","offset","8","images/garage/rider/Female_2.png.tex",".tex","0xC3BE3B07","31329","286750","0x11","14641","45970","GFX2............................"
"2","34547","0x3045dd54","0x0","0x84b3","1637","offset","8","images/garage/rider/Female_2.png.tex",".tex","0xC3BE3B07","31329","286750","0x11","14641","45970","GFX2............................"
"2","34549","0x3023b1f4","0x0","0x4aff7","2075","offset","30","objects/pack20/aiden_bottom_1669118754.mdl",".mdl","0xC8711195","141013","140885","0x10","252134","393147","GFX2............................"
"2","34552","0x3045dee4","0x0","0x4b993","1297","offset","30","objects/pack20/aiden_bottom_1669118754.mdl",".mdl","0xC8711195","141013","140885","0x10","252134","393147","GFX2............................"
"2","34554","0x30070a34","0x0","0x4b795","1297","offset","30","objects/pack20/aiden_bottom_1669118754.mdl",".mdl","0xC8711195","141013","140885","0x10","252134","393147","GFX2............................"
"2","34556","0x30070a54","0x0","0x4b24c","2075","offset","30","objects/pack20/aiden_bottom_1669118754.mdl",".mdl","0xC8711195","141013","140885","0x10","252134","393147","GFX2............................"
"2","34559","0x30071134","0x0","0x4b58d","1297","offset","30","objects/pack20/aiden_bottom_1669118754.mdl",".mdl","0xC8711195","141013","140885","0x10","252134","393147","GFX2............................"
"2","34561","0x329857b4","0x0","0x49012","1581","offset","30","objects/pack20/aiden_bottom_1669118754.mdl",".mdl","0xC8711195","141013","140885","0x10","252134","393147","GFX2............................"
"2","34563","0x3045ddb4","0x0","0x4927e","1581","offset","30","objects/pack20/aiden_bottom_1669118754.mdl",".mdl","0xC8711195","141013","140885","0x10","252134","393147","GFX2............................"
"2","34565","0x30070ef4","0x0","0x494f5","1594","offset","30","objects/pack20/aiden_bottom_1669118754.mdl",".mdl","0xC8711195","141013","140885","0x10","252134","393147","GFX2............................"
"2","34567","0x30b75814","0x0","0x49776","1009","offset","30","objects/pack20/aiden_bottom_1669118754.mdl",".mdl","0xC8711195","141013","140885","0x10","252134","393147","GFX2............................"
"2","34568","0x2689e8ac","0x0","0x4b4c8","1009","offset","30","objects/pack20/aiden_bottom_1669118754.mdl",".mdl","0xC8711195","141013","140885","0x10","252134","393147","GFX2............................"
"2","34569","0x31e6f5c4","0x0","0x4bb9d","1012","offset","30","objects/pack20/aiden_bottom_1669118754.mdl",".mdl","0xC8711195","141013","140885","0x10","252134","393147","GFX2............................"
"2","34570","0x30070c8c","0x0","0x4f5bc","1042","offset","30","objects/pack20/aiden_bottom_1669118754.mdl",".mdl","0xC8711195","141013","140885","0x10","252134","393147","GFX2............................"
"2","34572","0x300705e4","0x0","0x1b70b","6697","offset","27","manmade/buildings/garage/garage_background_1.gfx",".gfx","0x7403FAA2","29595","246120","0x11","85231","114826","GFX2............................"
"2","34579","0x31c16864","0x0","0x184c3","5801","offset","27","manmade/buildings/garage/garage_background_1.gfx",".gfx","0x7403FAA2","29595","246120","0x11","85231","114826","GFX2............................"
"2","34585","0x3045d654","0x0","0x19341","4025","offset","27","manmade/buildings/garage/garage_background_1.gfx",".gfx","0x7403FAA2","29595","246120","0x11","85231","114826","GFX2............................"
"2","34589","0x30c8dcd4","0x0","0x1b2f8","6707","offset","27","manmade/buildings/garage/garage_background_1.gfx",".gfx","0x7403FAA2","29595","246120","0x11","85231","114826","GFX2............................"
"2","34596","0x32e54564","0x0","0x1baf6","6708","offset","27","manmade/buildings/garage/garage_background_1.gfx",".gfx","0x7403FAA2","29595","246120","0x11","85231","114826","GFX2............................"
"2","34603","0x3045d514","0x0","0x12158","6087","offset","12","images/garage/rider/small/Female_2_Body.png.tex",".tex","0x7D99EAA8","2284","4126","0x11","73218","75502","GFX2............................"
"2","34609","0x30590d24","0x0","0x418fb","34021","offset","30","objects/pack20/aiden_bottom_1669118754.mdl",".mdl","0xC8711195","141013","140885","0x10","252134","393147","GFX2............................"
"2","34643","0x3007143c","0x0","0x417d7","1039","offset","30","objects/pack20/aiden_bottom_1669118754.mdl",".mdl","0xC8711195","141013","140885","0x10","252134","393147","GFX2............................"
"2","34645","0x31e73d54","0x0","0x42651","30738","offset","30","objects/pack20/aiden_bottom_1669118754.mdl",".mdl","0xC8711195","141013","140885","0x10","252134","393147","GFX2............................"
"2","34676","0x3045df84","0x0","0x551fe","1037","offset","30","objects/pack20/aiden_bottom_1669118754.mdl",".mdl","0xC8711195","141013","140885","0x10","252134","393147","GFX2............................"
"2","34678","0x30071254","0x0","0x18eb3","1036","offset","27","manmade/buildings/garage/garage_background_1.gfx",".gfx","0x7403FAA2","29595","246120","0x11","85231","114826","GFX2............................"
"2","34680","0x30070e94","0x0","0x33a87","438283","offset","29","objectcollection20.xml",".xml","0xE583A04E","136983","1959059","0x11","115151","252134","GFX2............................"
"2","350333","0x31ad3d34","0x0","0x269f","87","offset","2","bikes/bike_donkey.xml",".xml","0xCB240593","1384","3957","0x11","9765","11149","<"
"2","35109","0x30070864","0x0","0x12d5e","4019","offset","13","images/garage/rider/small/Female_2_Head.png.tex",".tex","0x52FE2908","1950","4126","0x11","75502","77452","GFX2............................"
"2","35113","0x30070d14","0x0","0x12542","11609","offset","12","images/garage/rider/small/Female_2_Body.png.tex",".tex","0x7D99EAA8","2284","4126","0x11","73218","75502","GFX2............................"
"2","35125","0x31c15c84","0x0","0x5207e","1950","offset","30","objects/pack20/aiden_bottom_1669118754.mdl",".mdl","0xC8711195","141013","140885","0x10","252134","393147","GFX2............................"
"2","35127","0x3376a764","0x0","0x517bd","14855","offset","30","objects/pack20/aiden_bottom_1669118754.mdl",".mdl","0xC8711195","141013","140885","0x10","252134","393147","GFX2............................"
"2","35142","0x31d13c34","0x0","0x49c02","35542","offset","30","objects/pack20/aiden_bottom_1669118754.mdl",".mdl","0xC8711195","141013","140885","0x10","252134","393147","GFX2............................"
"2","35177","0x32091324","0x0","0x4983b","3538","offset","30","objects/pack20/aiden_bottom_1669118754.mdl",".mdl","0xC8711195","141013","140885","0x10","252134","393147","GFX2............................"
"2","35181","0x30070974","0x0","0x4ab1a","4144","offset","30","objects/pack20/aiden_bottom_1669118754.mdl",".mdl","0xC8711195","141013","140885","0x10","252134","393147","GFX2............................"
"2","35186","0x3376a61c","0x0","0x4a751","3525","offset","30","objects/pack20/aiden_bottom_1669118754.mdl",".mdl","0xC8711195","141013","140885","0x10","252134","393147","GFX2............................"
"2","35190","0x329857cc","0x0","0x4a377","3499","offset","30","objects/pack20/aiden_bottom_1669118754.mdl",".mdl","0xC8711195","141013","140885","0x10","252134","393147","GFX2............................"
"2","35194","0x31c15c34","0x0","0x4af39","1003","offset","30","objects/pack20/aiden_bottom_1669118754.mdl",".mdl","0xC8711195","141013","140885","0x10","252134","393147","GFX2............................"
"2","35195","0x2689e894","0x0","0x48e46","1204","offset","30","objects/pack20/aiden_bottom_1669118754.mdl",".mdl","0xC8711195","141013","140885","0x10","252134","393147","GFX2............................"
"2","35197","0x3349b7b4","0x0","0x4870f","5388","offset","30","objects/pack20/aiden_bottom_1669118754.mdl",".mdl","0xC8711195","141013","140885","0x10","252134","393147","GFX2............................"
"2","35203","0x31c15d3c","0x0","0x52231","23362","offset","30","objects/pack20/aiden_bottom_1669118754.mdl",".mdl","0xC8711195","141013","140885","0x10","252134","393147","GFX2............................"
"2","352053","0x34f53a04","0x0","0x2a8d","476","offset","2","bikes/bike_donkey.xml",".xml","0xCB240593","1384","3957","0x11","9765","11149","<"
"2","35226","0x622e054","0x1","0x4f51cc","2268","offset","60","objects/pack20/bounty_hunter_legs_3054725473.mdl",".mdl","0xE6203256","285989","285861","0x10","4945570","5231559","..Y...x^u.m.Te.......@P....B...."
"2","35227","0x30461c54","0x0","0x425fb","1257295","offset","30","objects/pack20/aiden_bottom_1669118754.mdl",".mdl","0xC8711195","141013","140885","0x10","252134","393147","..T..h.....9......P.....@......R"
"2","35228","0x320f5ff4","0x0","0x802b","48343","offset","8","images/garage/rider/Female_2.png.tex",".tex","0xC3BE3B07","31329","286750","0x11","14641","45970","GFX2............................"
"2","35276","0x326e9e44","0x0","0x6ce9","34809","offset","8","images/garage/rider/Female_2.png.tex",".tex","0xC3BE3B07","31329","286750","0x11","14641","45970","GFX2............................"
"2","35310","0x3054c8d4","0x0","0x18a02","8247","offset","27","manmade/buildings/garage/garage_background_1.gfx",".gfx","0x7403FAA2","29595","246120","0x11","85231","114826","GFX2............................"
"2","35319","0x30263b94","0x0","0x1aada","58062","offset","27","manmade/buildings/garage/garage_background_1.gfx",".gfx","0x7403FAA2","29595","246120","0x11","85231","114826","GFX2............................"
"2","35376","0x3054cb14","0x0","0x5885","3106","offset","8","images/garage/rider/Female_2.png.tex",".tex","0xC3BE3B07","31329","286750","0x11","14641","45970","GFX2............................"
"2","35380","0x3054ca34","0x0","0x5e59","6305","offset","8","images/garage/rider/Female_2.png.tex",".tex","0xC3BE3B07","31329","286750","0x11","14641","45970","GFX2............................"
"2","35387","0x3054c86c","0x0","0x5aef","5196","offset","8","images/garage/rider/Female_2.png.tex",".tex","0xC3BE3B07","31329","286750","0x11","14641","45970","GFX2............................"
"2","35393","0x326d2ed4","0x0","0x17f4a","20083","offset","27","manmade/buildings/garage/garage_background_1.gfx",".gfx","0x7403FAA2","29595","246120","0x11","85231","114826","GFX2............................"
"2","35413","0x31afe5f4","0x0","0x11de2","4665","offset","11","images/garage/rider/Female_2_Pants.png.tex",".tex","0x914E3454","8075","102430","0x11","65143","73218","GFX2............................"
"2","35418","0x302638d4","0x0","0x119de","6099","offset","11","images/garage/rider/Female_2_Pants.png.tex",".tex","0x914E3454","8075","102430","0x11","65143","73218","GFX2............................"
"2","35424","0x326d3664","0x0","0x1209c","1042","offset","12","images/garage/rider/small/Female_2_Body.png.tex",".tex","0x7D99EAA8","2284","4126","0x11","73218","75502","GFX2............................"
"2","35427","0x302639b4","0x0","0x1ca22","78207","offset","29","objectcollection20.xml",".xml","0xE583A04E","136983","1959059","0x11","115151","252134","GFX2............................"
"2","35504","0x3054d274","0x0","0x17ded","1945","offset","27","manmade/buildings/garage/garage_background_1.gfx",".gfx","0x7403FAA2","29595","246120","0x11","85231","114826","GFX2............................"
"2","35506","0x326d3604","0x0","0x1f7fc","107635","offset","29","objectcollection20.xml",".xml","0xE583A04E","136983","1959059","0x11","115151","252134","GFX2.....................%.E?..."
"2","35612","0x31afedd4","0x0","0x6ab8","4347","offset","8","images/garage/rider/Female_2.png.tex",".tex","0xC3BE3B07","31329","286750","0x11","14641","45970","GFX2............................"
"2","35617","0x31afea34","0x0","0x121bf","10856","offset","12","images/garage/rider/small/Female_2_Body.png.tex",".tex","0x7D99EAA8","2284","4126","0x11","73218","75502","GFX2............................"
"2","35629","0x3054d5b4","0x0","0x4f1a","3139","offset","8","images/garage/rider/Female_2.png.tex",".tex","0xC3BE3B07","31329","286750","0x11","14641","45970","GFX2............................"
"2","35633","0x326d2ff4","0x0","0x5719","1939","offset","8","images/garage/rider/Female_2.png.tex",".tex","0xC3BE3B07","31329","286750","0x11","14641","45970","GFX2............................"
"2","35635","0x31afe8b4","0x0","0x4c78","3115","offset","8","images/garage/rider/Female_2.png.tex",".tex","0xC3BE3B07","31329","286750","0x11","14641","45970","GFX2............................"
"2","35639","0x3054c914","0x0","0x51ef","13242","offset","8","images/garage/rider/Female_2.png.tex",".tex","0xC3BE3B07","31329","286750","0x11","14641","45970","GFX2............................"
"2","35652","0x3054d084","0x0","0x3e2ac","2592","offset","30","objects/pack20/aiden_bottom_1669118754.mdl",".mdl","0xC8711195","141013","140885","0x10","252134","393147","GFX2............................"
"2","35655","0x3054c954","0x0","0x3ed34","3983","offset","30","objects/pack20/aiden_bottom_1669118754.mdl",".mdl","0xC8711195","141013","140885","0x10","252134","393147","GFX2............................"
"2","35659","0x30461b04","0x0","0x3e913","2605","offset","30","objects/pack20/aiden_bottom_1669118754.mdl",".mdl","0xC8711195","141013","140885","0x10","252134","393147","GFX2............................"
"2","35662","0x326d30b4","0x0","0x3e5ce","2605","offset","30","objects/pack20/aiden_bottom_1669118754.mdl",".mdl","0xC8711195","141013","140885","0x10","252134","393147","GFX2............................"
"2","35665","0x326d29b4","0x0","0x3f1a0","3856","offset","30","objects/pack20/aiden_bottom_1669118754.mdl",".mdl","0xC8711195","141013","140885","0x10","252134","393147","GFX2............................"
"2","35669","0x31afe9f4","0x0","0x3f5c6","3983","offset","30","objects/pack20/aiden_bottom_1669118754.mdl",".mdl","0xC8711195","141013","140885","0x10","252134","393147","GFX2............................"
"2","35673","0x31afe3d4","0x0","0x3fd83","1868","offset","30","objects/pack20/aiden_bottom_1669118754.mdl",".mdl","0xC8711195","141013","140885","0x10","252134","393147","GFX2............................"
"2","35675","0x3054d354","0x0","0x41931","15455","offset","30","objects/pack20/aiden_bottom_1669118754.mdl",".mdl","0xC8711195","141013","140885","0x10","252134","393147","GFX2............................"
"2","35691","0x3054d00c","0x0","0x3fb08","1868","offset","30","objects/pack20/aiden_bottom_1669118754.mdl",".mdl","0xC8711195","141013","140885","0x10","252134","393147","GFX2............................"
"2","35693","0x30263c64","0x0","0x4033e","12216","offset","30","objects/pack20/aiden_bottom_1669118754.mdl",".mdl","0xC8711195","141013","140885","0x10","252134","393147","GFX2............................"
"2","35705","0x326d3414","0x0","0x40e57","12216","offset","30","objects/pack20/aiden_bottom_1669118754.mdl",".mdl","0xC8711195","141013","140885","0x10","252134","393147","GFX2............................"
"2","35717","0x31afecd4","0x0","0x40003","1868","offset","30","objects/pack20/aiden_bottom_1669118754.mdl",".mdl","0xC8711195","141013","140885","0x10","252134","393147","GFX2............................"
"2","35719","0x3054ceec","0x0","0x3ec62","1024","offset","30","objects/pack20/aiden_bottom_1669118754.mdl",".mdl","0xC8711195","141013","140885","0x10","252134","393147","GFX2............................"
"2","35720","0x30461a44","0x0","0x3fa37","1024","offset","30","objects/pack20/aiden_bottom_1669118754.mdl",".mdl","0xC8711195","141013","140885","0x10","252134","393147","GFX2............................"
"2","35721","0x3054d0c4","0x0","0x40278","1009","offset","30","objects/pack20/aiden_bottom_1669118754.mdl",".mdl","0xC8711195","141013","140885","0x10","252134","393147","GFX2............................"
"2","35722","0x31afe394","0x0","0x4252e","1012","offset","30","objects/pack20/aiden_bottom_1669118754.mdl",".mdl","0xC8711195","141013","140885","0x10","252134","393147","GFX2............................"
"2","35723","0x3054cbb4","0x0","0xb661","20034","offset","9","images/garage/rider/Female_2_Body.png.tex",".tex","0x45034C6D","9393","102430","0x11","45970","55363","GFX2............................"
"2","35743","0x31afe4ec","0x0","0x1a0bf","17413","offset","27","manmade/buildings/garage/garage_background_1.gfx",".gfx","0x7403FAA2","29595","246120","0x11","85231","114826","GFX2............................"
"2","35761","0x31afe474","0x0","0xc320","17267","offset","9","images/garage/rider/Female_2_Body.png.tex",".tex","0x45034C6D","9393","102430","0x11","45970","55363","GFX2............................"
"2","35778","0x31afe874","0x0","0x6176","5831","offset","8","images/garage/rider/Female_2.png.tex",".tex","0xC3BE3B07","31329","286750","0x11","14641","45970","GFX2............................"
"2","35784","0x30262e14","0x0","0x67a1","5830","offset","8","images/garage/rider/Female_2.png.tex",".tex","0xC3BE3B07","31329","286750","0x11","14641","45970","GFX2............................"
"2","35790","0x31afe144","0x0","0x6480","5866","offset","8","images/garage/rider/Female_2.png.tex",".tex","0xC3BE3B07","31329","286750","0x11","14641","45970","GFX2............................"
"2","35796","0x31afe084","0x0","0x32b87","138595","offset","29","objectcollection20.xml",".xml","0xE583A04E","136983","1959059","0x11","115151","252134","GFX2............................"
"2","35932","0x31afe244","0x0","0x18e3d","21366","offset","27","manmade/buildings/garage/garage_background_1.gfx",".gfx","0x7403FAA2","29595","246120","0x11","85231","114826","GFX2............................"
"2","35953","0x30263af4","0x0","0x19991","10313","offset","27","manmade/buildings/garage/garage_background_1.gfx",".gfx","0x7403FAA2","29595","246120","0x11","85231","114826","GFX2............................"
"2","35965","0x326d2e94","0x0","0x2eb7f","17589","offset","29","objectcollection20.xml",".xml","0xE583A04E","136983","1959059","0x11","115151","252134","GFX2............................"
"2","35983","0x3054cff4","0x0","0x2f4b1","21962","offset","29","objectcollection20.xml",".xml","0xE583A04E","136983","1959059","0x11","115151","252134","GFX2............................"
"2","36005","0x31afeb74","0x0","0x30045","33221","offset","29","objectcollection20.xml",".xml","0xE583A04E","136983","1959059","0x11","115151","252134","GFX2............................"
"2","36039","0x326d2d14","0x0","0x30f1d","51565","offset","29","objectcollection20.xml",".xml","0xE583A04E","136983","1959059","0x11","115151","252134","GFX2............................"
"2","36090","0x326d3294","0x0","0x19e2c","4046","offset","27","manmade/buildings/garage/garage_background_1.gfx",".gfx","0x7403FAA2","29595","246120","0x11","85231","114826","GFX2............................"
"2","36124","0x302636b4","0x0","0x370ff","2837","offset","29","objectcollection20.xml",".xml","0xE583A04E","136983","1959059","0x11","115151","252134","GFX2............................"
"2","36127","0x326d2a54","0x0","0x42bf","1058","offset","8","images/garage/rider/Female_2.png.tex",".tex","0xC3BE3B07","31329","286750","0x11","14641","45970","GFX2............................"
"2","36129","0x326d3824","0x0","0x497e","4991","offset","8","images/garage/rider/Female_2.png.tex",".tex","0xC3BE3B07","31329","286750","0x11","14641","45970","GFX2............................"
"2","36134","0x31afef64","0x0","0x28a6d","28891","offset","29","objectcollection20.xml",".xml","0xE583A04E","136983","1959059","0x11","115151","252134","GFX2............................"
"2","36164","0x3054ced4","0x0","0x27cdf","28875","offset","29","objectcollection20.xml",".xml","0xE583A04E","136983","1959059","0x11","115151","252134","GFX2............................"
"2","36194","0x30461c74","0x0","0x232b4","28887","offset","29","objectcollection20.xml",".xml","0xE583A04E","136983","1959059","0x11","115151","252134","GFX2............................"
"2","36224","0x3054d124","0x0","0x22543","29019","offset","29","objectcollection20.xml",".xml","0xE583A04E","136983","1959059","0x11","115151","252134","GFX2............................"
"2","36254","0x30461a84","0x0","0x2404b","117337","offset","29","objectcollection20.xml",".xml","0xE583A04E","136983","1959059","0x11","115151","252134","GFX2.......................Z...."
"2","36369","0x3054cb34","0x0","0x16ea2","4773","offset","27","manmade/buildings/garage/garage_background_1.gfx",".gfx","0x7403FAA2","29595","246120","0x11","85231","114826","GFX2............................"
"2","36374","0x326d34b4","0x0","0x174e0","4313","offset","27","manmade/buildings/garage/garage_background_1.gfx",".gfx","0x7403FAA2","29595","246120","0x11","85231","114826","GFX2............................"
"2","36379","0x31afe204","0x0","0x3732d","2951","offset","29","objectcollection20.xml",".xml","0xE583A04E","136983","1959059","0x11","115151","252134","GFX2............................"
"2","36382","0x326d2f14","0x0","0x37bc8","2922","offset","29","objectcollection20.xml",".xml","0xE583A04E","136983","1959059","0x11","115151","252134","GFX2............................"
"2","36385","0x30461ac4","0x0","0x37786","2951","offset","29","objectcollection20.xml",".xml","0xE583A04E","136983","1959059","0x11","115151","252134","GFX2............................"
"2","36388","0x326e9e84","0x0","0x37ff1","1015","offset","29","objectcollection20.xml",".xml","0xE583A04E","136983","1959059","0x11","115151","252134","GFX2............................"
"2","36389","0x31afe25c","0x0","0x39b34","6291","offset","29","objectcollection20.xml",".xml","0xE583A04E","136983","1959059","0x11","115151","252134","GFX2............................"
"2","36396","0x31afe434","0x0","0x3ab3e","11225","offset","29","objectcollection20.xml",".xml","0xE583A04E","136983","1959059","0x11","115151","252134","GFX2............................"
"2","36407","0x326d2e54","0x0","0x3a31c","6325","offset","29","objectcollection20.xml",".xml","0xE583A04E","136983","1959059","0x11","115151","252134","GFX2............................"
"2","36414","0x3054cd14","0x0","0x3b6cc","1024","offset","29","objectcollection20.xml",".xml","0xE583A04E","136983","1959059","0x11","115151","252134","GFX2............................"
"2","36415","0x30263ab4","0x0","0x3b791","4199","offset","29","objectcollection20.xml",".xml","0xE583A04E","136983","1959059","0x11","115151","252134","GFX2............................"
"2","36420","0x3054d314","0x0","0x23b9a","13995","offset","29","objectcollection20.xml",".xml","0xE583A04E","136983","1959059","0x11","115151","252134","GFX2............................"
"2","36434","0x326d3584","0x0","0x285bd","14007","offset","29","objectcollection20.xml",".xml","0xE583A04E","136983","1959059","0x11","115151","252134","GFX2............................"
"2","36448","0x302638b4","0x0","0x22092","13995","offset","29","objectcollection20.xml",".xml","0xE583A04E","136983","1959059","0x11","115151","252134","GFX2............................"
"2","36462","0x3054d714","0x0","0x22e04","14007","offset","29","objectcollection20.xml",".xml","0xE583A04E","136983","1959059","0x11","115151","252134","GFX2............................"
"2","36476","0x31afe834","0x0","0x43e9","2238","offset","8","images/garage/rider/Female_2.png.tex",".tex","0xC3BE3B07","31329","286750","0x11","14641","45970","GFX2............................"
"2","36479","0x31afe674","0x0","0x17793","7587","offset","27","manmade/buildings/garage/garage_background_1.gfx",".gfx","0x7403FAA2","29595","246120","0x11","85231","114826","GFX2............................"
"2","36487","0x326d2f94","0x0","0x17c56","1633","offset","27","manmade/buildings/garage/garage_background_1.gfx",".gfx","0x7403FAA2","29595","246120","0x11","85231","114826","GFX2............................"
"2","36489","0x31afe7d4","0x0","0x171a4","5223","offset","27","manmade/buildings/garage/garage_background_1.gfx",".gfx","0x7403FAA2","29595","246120","0x11","85231","114826","GFX2............................"
"2","36495","0x326d2b54","0x0","0x12704","6659","offset","13","images/garage/rider/small/Female_2_Head.png.tex",".tex","0x52FE2908","1950","4126","0x11","75502","77452","GFX2............................"
"2","36502","0x3054d554","0x0","0xe7f1","39950","offset","10","images/garage/rider/Female_2_Head.png.tex",".tex","0xE4313D47","9780","102430","0x11","55363","65143","GFX2............................"
"2","36542","0x31afe1c4","0x0","0x12a34","39741","offset","13","images/garage/rider/small/Female_2_Head.png.tex",".tex","0x52FE2908","1950","4126","0x11","75502","77452","GFX2............................"
"2","36581","0x3054c7e4","0x0","0xceda","20476","offset","9","images/garage/rider/Female_2_Body.png.tex",".tex","0x45034C6D","9393","102430","0x11","45970","55363","GFX2............................"
"2","36601","0x30263914","0x0","0xdbed","17709","offset","10","images/garage/rider/Female_2_Head.png.tex",".tex","0xE4313D47","9780","102430","0x11","55363","65143","GFX2............................"
"2","36619","0x31afea74","0x0","0x15827","33625","offset","27","manmade/buildings/garage/garage_background_1.gfx",".gfx","0x7403FAA2","29595","246120","0x11","85231","114826","GFX2............................"
"2","36652","0x326d3234","0x0","0x13ecc","58081","offset","22","localization/dlc20_oasis__global.xml",".xml","0x8544C704","2341","29628","0x11","81474","83815","GFX2............................"
"2","36709","0x31aff004","0x0","0x3c1e4","4199","offset","29","objectcollection20.xml",".xml","0xE583A04E","136983","1959059","0x11","115151","252134","GFX2............................"
"2","36714","0x3054ccb4","0x0","0x3bc9c","4212","offset","29","objectcollection20.xml",".xml","0xE583A04E","136983","1959059","0x11","115151","252134","GFX2............................"
"2","36719","0x3054d194","0x0","0x3cca0","1295","offset","29","objectcollection20.xml",".xml","0xE583A04E","136983","1959059","0x11","115151","252134","GFX2............................"
"2","36721","0x326d3864","0x0","0x3c727","4228","offset","29","objectcollection20.xml",".xml","0xE583A04E","136983","1959059","0x11","115151","252134","GFX2............................"
"2","36726","0x30461cd4","0x0","0xfc95","29054","offset","10","images/garage/rider/Female_2_Head.png.tex",".tex","0xE4313D47","9780","102430","0x11","55363","65143","GFX2............................"
"2","36755","0x326d2f54","0x0","0x1687d","9310","offset","27","manmade/buildings/garage/garage_background_1.gfx",".gfx","0x7403FAA2","29595","246120","0x11","85231","114826","GFX2............................"
"2","36765","0x30263bd4","0x0","0x3847c","2664","offset","29","objectcollection20.xml",".xml","0xE583A04E","136983","1959059","0x11","115151","252134","GFX2............................"
"2","36768","0x326d2a94","0x0","0x380b5","2637","offset","29","objectcollection20.xml",".xml","0xE583A04E","136983","1959059","0x11","115151","252134","GFX2............................"
"2","36771","0x31aff044","0x0","0x3885c","2624","offset","29","objectcollection20.xml",".xml","0xE583A04E","136983","1959059","0x11","115151","252134","GFX2............................"
"2","36774","0x326d2d74","0x0","0x38c1a","1018","offset","29","objectcollection20.xml",".xml","0xE583A04E","136983","1959059","0x11","115151","252134","GFX2............................"
"2","36775","0x30263a74","0x0","0x292c3","14061","offset","29","objectcollection20.xml",".xml","0xE583A04E","136983","1959059","0x11","115151","252134","GFX2............................"
"2","36789","0x326d3194","0x0","0x29786","24497","offset","29","objectcollection20.xml",".xml","0xE583A04E","136983","1959059","0x11","115151","252134","GFX2............................"
"2","36814","0x31afe934","0x0","0x11765","7211","offset","11","images/garage/rider/Female_2_Pants.png.tex",".tex","0x914E3454","8075","102430","0x11","65143","73218","GFX2............................"
"2","36822","0x3054cc74","0x0","0x10b82","23149","offset","11","images/garage/rider/Female_2_Pants.png.tex",".tex","0x914E3454","8075","102430","0x11","65143","73218","GFX2............................"
"2","36845","0x30461c24","0x0","0x112db","3691","offset","11","images/garage/rider/Female_2_Pants.png.tex",".tex","0x914E3454","8075","102430","0x11","65143","73218","GFX2............................"
"2","36849","0x326d2b94","0x0","0x111ae","1905","offset","11","images/garage/rider/Female_2_Pants.png.tex",".tex","0x914E3454","8075","102430","0x11","65143","73218","GFX2............................"
"2","36851","0x31afe064","0x0","0x1147a","8979","offset","11","images/garage/rider/Female_2_Pants.png.tex",".tex","0x914E3454","8075","102430","0x11","65143","73218","GFX2............................"
"2","36860","0x30263b74","0x0","0x4606","9995","offset","8","images/garage/rider/Female_2.png.tex",".tex","0xC3BE3B07","31329","286750","0x11","14641","45970","GFX2............................"
"2","36870","0x326d3784","0x0","0x31a7","6241","offset","4","config20.xml",".xml","0x118AA6E7","462","714","0x11","12513","12975","GFX2............................"
"2","36877","0x31afe314","0x0","0x3bef","12073","offset","8","images/garage/rider/Female_2.png.tex",".tex","0xC3BE3B07","31329","286750","0x11","14641","45970","GFX2............................"
"2","36889","0x3054c854","0x0","0x3545","11772","offset","7","environment_presets20.xml",".xml","0x09215BF2","1198","10085","0x11","13443","14641","GFX2............................"
"2","36901","0x3054cbd4","0x0","0x3cd89","3214","offset","29","objectcollection20.xml",".xml","0xE583A04E","136983","1959059","0x11","115151","252134","GFX2............................"
"2","36905","0x31afef44","0x0","0x3d08e","3192","offset","29","objectcollection20.xml",".xml","0xE583A04E","136983","1959059","0x11","115151","252134","GFX2............................"
"2","36909","0x326d3804","0x0","0x3d3ae","3192","offset","29","objectcollection20.xml",".xml","0xE583A04E","136983","1959059","0x11","115151","252134","GFX2............................"
"2","36913","0x3054d494","0x0","0x9a3f","4019","offset","8","images/garage/rider/Female_2.png.tex",".tex","0xC3BE3B07","31329","286750","0x11","14641","45970","GFX2............................"
"2","36917","0x31afee34","0x0","0x9930","1028","offset","8","images/garage/rider/Female_2.png.tex",".tex","0xC3BE3B07","31329","286750","0x11","14641","45970","GFX2............................"
"2","36919","0x326d3524","0x0","0xa2a4","21305","offset","8","images/garage/rider/Female_2.png.tex",".tex","0xC3BE3B07","31329","286750","0x11","14641","45970","GFX2............................"
"2","36940","0x31afe4d4","0x0","0xaf5e","18742","offset","8","images/garage/rider/Female_2.png.tex",".tex","0xC3BE3B07","31329","286750","0x11","14641","45970","GFX2............................"
"2","36960","0x31afe634","0x0","0x9d2e","9366","offset","8","images/garage/rider/Female_2.png.tex",".tex","0xC3BE3B07","31329","286750","0x11","14641","45970","GFX2............................"
"2","36970","0x31afe184","0x0","0x16d9d","1019","offset","27","manmade/buildings/garage/garage_background_1.gfx",".gfx","0x7403FAA2","29595","246120","0x11","85231","114826","GFX2............................"
"2","36971","0x30461b64","0x0","0x3d7a8","2991","offset","29","objectcollection20.xml",".xml","0xE583A04E","136983","1959059","0x11","115151","252134","GFX2............................"
"2","36974","0x31afec94","0x0","0x3dec7","2913","offset","30","objects/pack20/aiden_bottom_1669118754.mdl",".mdl","0xC8711195","141013","140885","0x10","252134","393147","GFX2............................"
"2","36977","0x3054c8b4","0x0","0x3db0b","3576","offset","30","objects/pack20/aiden_bottom_1669118754.mdl",".mdl","0xC8711195","141013","140885","0x10","252134","393147","GFX2............................"
"2","36981","0x3054d3b4","0x0","0x3e1e4","1006","offset","30","objects/pack20/aiden_bottom_1669118754.mdl",".mdl","0xC8711195","141013","140885","0x10","252134","393147","GFX2............................"
"2","36982","0x31afe794","0x0","0x3d6e0","1006","offset","29","objectcollection20.xml",".xml","0xE583A04E","136983","1959059","0x11","115151","252134","GFX2............................"
"2","36983","0x31afe0e4","0x0","0x391dc","5485","offset","29","objectcollection20.xml",".xml","0xE583A04E","136983","1959059","0x11","115151","252134","GFX2............................"
"2","36989","0x31afedf4","0x0","0x3995e","1208","offset","29","objectcollection20.xml",".xml","0xE583A04E","136983","1959059","0x11","115151","252134","GFX2............................"
"2","36991","0x3054ceac","0x0","0x38ce5","1394","offset","29","objectcollection20.xml",".xml","0xE583A04E","136983","1959059","0x11","115151","252134","GFX2............................"
"2","36993","0x30461c94","0x0","0x38e5b","1394","offset","29","objectcollection20.xml",".xml","0xE583A04E","136983","1959059","0x11","115151","252134","GFX2.......................u...u"
"2","36995","0x3054cad4","0x0","0x38fda","950","offset","29","objectcollection20.xml",".xml","0xE583A04E","136983","1959059","0x11","115151","252134","GFX2.......................u...u"
"2","36996","0x3054cc54","0x0","0x39123","994","offset","29","objectcollection20.xml",".xml","0xE583A04E","136983","1959059","0x11","115151","252134","GFX2............................"
"2","36997","0x32ae3d34","0x0","0x2f22b","1139968","offset","29","objectcollection20.xml",".xml","0xE583A04E","136983","1959059","0x11","115151","252134","..T..h.....9......P.....@......R"
"2","36998","0x3375c824","0x0","0x17750","87407","offset","27","manmade/buildings/garage/garage_background_1.gfx",".gfx","0x7403FAA2","29595","246120","0x11","85231","114826","T8X"
"2","37075","0x31f25304","0x0","0x22174","2851","offset","29","objectcollection20.xml",".xml","0xE583A04E","136983","1959059","0x11","115151","252134","GFX2............................"
"2","37121","0x63eded4","0x0","0x3d1ea4","312230","offset","44","objects/pack20/bike_minx_chain_cover_2982199886.mdl",".mdl","0xECA8B68A","14603","14475","0x10","4001904","4016507","FWS............*0..<..D.....C.33"
"2","378059","0x326eaa74","0x0","0x2b86","87","offset","2","bikes/bike_donkey.xml",".xml","0xCB240593","1384","3957","0x11","9765","11149","<"
"2","379222","0x32beaf84","0x1","0x244a","33","offset","0","areavolumes20.xml",".xml","0x3A20CDAA","290","300","0x11","9260","9550","<"
"2","379874","0x32beaf44","0x0","0x3021","476","offset","3","bikes/bike_unicorn.xml",".xml","0x17FF978C","1364","3579","0x11","11149","12513","<"
"2","38054","0x31f2522c","0x0","0x21bd8","2195","offset","29","objectcollection20.xml",".xml","0xE583A04E","136983","1959059","0x11","115151","252134","GFX2............................"
"2","38057","0x31f252a4","0x0","0x21e9c","2114","offset","29","objectcollection20.xml",".xml","0xE583A04E","136983","1959059","0x11","115151","252134","GFX2............................"
"2","38060","0x32ae3824","0x0","0x31ee","16729","offset","4","config20.xml",".xml","0x118AA6E7","462","714","0x11","12513","12975","GFX2............................"
"2","38077","0x3375c654","0x0","0x3b2c","44374","offset","8","images/garage/rider/Female_2.png.tex",".tex","0xC3BE3B07","31329","286750","0x11","14641","45970","GFX2............................"
"2","38078","0x63eb3f4","0x0","0x1a0eff9","6175","offset","541","vtex/vtex_objects0.raw.hdr",".hdr","0x094DAB53","3828210","5298364","0x11","26782169","30610379","T8X"
"2","38100","0x63e1c2c","0x0","0x1a02487","6175","offset","541","vtex/vtex_objects0.raw.hdr",".hdr","0x094DAB53","3828210","5298364","0x11","26782169","30610379","T8X"
"2","38207","0x63e9734","0x0","0x1a0ea76","6175","offset","541","vtex/vtex_objects0.raw.hdr",".hdr","0x094DAB53","3828210","5298364","0x11","26782169","30610379","T8X"
"2","38251","0x63e7364","0x0","0x1a0586a","4127","offset","541","vtex/vtex_objects0.raw.hdr",".hdr","0x094DAB53","3828210","5298364","0x11","26782169","30610379","T8X"
"2","38481","0x31f24a34","0x0","0x2f9b","4009","offset","3","bikes/bike_unicorn.xml",".xml","0x17FF978C","1364","3579","0x11","11149","12513","GFX2............................"
"2","38486","0x31f253e4","0x0","0x2752c","2320","offset","29","objectcollection20.xml",".xml","0xE583A04E","136983","1959059","0x11","115151","252134","GFX2............................"
"2","38489","0x32ae3a34","0x0","0x26e98","2320","offset","29","objectcollection20.xml",".xml","0xE583A04E","136983","1959059","0x11","115151","252134","GFX2............................"
"2","38492","0x32ae3534","0x0","0x271e1","2320","offset","29","objectcollection20.xml",".xml","0xE583A04E","136983","1959059","0x11","115151","252134","GFX2............................"
"2","38496","0x318641e4","0x0","0x2280b","2161","offset","29","objectcollection20.xml",".xml","0xE583A04E","136983","1959059","0x11","115151","252134","GFX2............................"
"2","38499","0x304a1e6c","0x0","0x22acb","3550","offset","29","objectcollection20.xml",".xml","0xE583A04E","136983","1959059","0x11","115151","252134","GFX2............................"
"2","38503","0x304a2234","0x0","0x22dd3","6352","offset","29","objectcollection20.xml",".xml","0xE583A04E","136983","1959059","0x11","115151","252134","GFX2............................"
"2","38512","0x318640e4","0x0","0x24366","2163","offset","29","objectcollection20.xml",".xml","0xE583A04E","136983","1959059","0x11","115151","252134","GFX2............................"
"2","38515","0x31864204","0x0","0x24953","2176","offset","29","objectcollection20.xml",".xml","0xE583A04E","136983","1959059","0x11","115151","252134","GFX2............................"
"2","38518","0x31f248d4","0x0","0x24d49","2373","offset","29","objectcollection20.xml",".xml","0xE583A04E","136983","1959059","0x11","115151","252134","GFX2............................"
"2","38521","0x32ae3b94","0x0","0x25359","2373","offset","29","objectcollection20.xml",".xml","0xE583A04E","136983","1959059","0x11","115151","252134","GFX2............................"
"2","38524","0x31864164","0x0","0x24627","2176","offset","29","objectcollection20.xml",".xml","0xE583A04E","136983","1959059","0x11","115151","252134","GFX2............................"
"2","38527","0x304a1f74","0x0","0x2505c","2373","offset","29","objectcollection20.xml",".xml","0xE583A04E","136983","1959059","0x11","115151","252134","GFX2............................"
"2","38531","0x304a2524","0x0","0x2787d","1012","offset","29","objectcollection20.xml",".xml","0xE583A04E","136983","1959059","0x11","115151","252134","GFX2............................"
"2","38532","0x304a22d4","0x0","0x23620","1303","offset","29","objectcollection20.xml",".xml","0xE583A04E","136983","1959059","0x11","115151","252134","GFX2............................"
"2","38534","0x31863b44","0x0","0x23528","1322","offset","29","objectcollection20.xml",".xml","0xE583A04E","136983","1959059","0x11","115151","252134","GFX2............................"
"2","38536","0x32ae3bf4","0x0","0x24c82","1012","offset","29","objectcollection20.xml",".xml","0xE583A04E","136983","1959059","0x11","115151","252134","GFX2............................"
"2","38537","0x31f25644","0x0","0x25655","1006","offset","29","objectcollection20.xml",".xml","0xE583A04E","136983","1959059","0x11","115151","252134","GFX2............................"
"2","38538","0x31f24c44","0x1","0x33d2fa","2111","offset","40","objects/pack20/barbara_head_278374187.mdl",".mdl","0x3E0EE22C","283386","283258","0x10","3295374","3578760","OBJ.VER01.....LRS01.....LR005..."
"2","38539","0x31863d04","0x1","0x345b23","2267","offset","40","objects/pack20/barbara_head_278374187.mdl",".mdl","0x3E0EE22C","283386","283258","0x10","3295374","3578760","OBJ.VER01.....LRS01.....LR005..."
"2","38540","0x31863e34","0x0","0x2711","7383","offset","2","bikes/bike_donkey.xml",".xml","0xCB240593","1384","3957","0x11","9765","11149","GFX2............................"
"2","38543","0x304a1df4","0x1","0x4a81d0","560","offset","59","objects/pack20/bounty_hunter_head_2400506055.mdl",".mdl","0x677B6A09","63738","63610","0x10","4881832","4945570","OBJ.VER01.....LRS01.....LR005..."
"2","38545","0x31f25384","0x1","0x4ad5b5","486","offset","59","objects/pack20/bounty_hunter_head_2400506055.mdl",".mdl","0x677B6A09","63738","63610","0x10","4881832","4945570","OBJ.VER01.....LRS01.....LR005..."
"2","38547","0x31863e94","0x1","0x4b0ae1","4399","offset","59","objects/pack20/bounty_hunter_head_2400506055.mdl",".mdl","0x677B6A09","63738","63610","0x10","4881832","4945570","OBJ.VER01.....LRS01.....LR005..."
"2","38549","0x31863ac4","0x1","0x503097","1805","offset","61","objects/pack20/bounty_hunter_torso_3552621367.mdl",".mdl","0x4C58FBB2","248588","248460","0x10","5231559","5480147","OBJ.VER01.....LRS01.....LR005..."
"2","38551","0x31f256dc","0x1","0x50af7d","2517","offset","61","objects/pack20/bounty_hunter_torso_3552621367.mdl",".mdl","0x4C58FBB2","248588","248460","0x10","5231559","5480147","OBJ.VER01.....LRS01.....LR005..."
"2","38553","0x3375c3d4","0x1","0x266cb8","5992","offset","39","objects/pack20/arno_upper_body_3445539938.mdl",".mdl","0xA63945BF","794391","794263","0x10","2500983","3295374","OBJ.VER01.....LRS01.....LR005..."
"2","38554","0x304a2734","0x0","0x28363","1016","offset","29","objectcollection20.xml",".xml","0xE583A04E","136983","1959059","0x11","115151","252134","GFX2............................"
"2","38557","0x32ae3864","0x0","0x284d5","1016","offset","29","objectcollection20.xml",".xml","0xE583A04E","136983","1959059","0x11","115151","252134","GFX2............................"
"2","40012","0x31f24de4","0x0","0x2a284","1699","offset","29","objectcollection20.xml",".xml","0xE583A04E","136983","1959059","0x11","115151","252134","GFX2............................"
"2","410046","0x32bea994","0x0","0x311a","87","offset","4","config20.xml",".xml","0x118AA6E7","462","714","0x11","12513","12975","<"
"2","411696","0x32619d04","0x0","0x2cf1","476","offset","3","bikes/bike_unicorn.xml",".xml","0x17FF978C","1364","3579","0x11","11149","12513","<"
"2","42578","0x304a1eb4","0x0","0x2a456","1677","offset","29","objectcollection20.xml",".xml","0xE583A04E","136983","1959059","0x11","115151","252134","GFX2............................"
"2","434092","0x32619f64","0x0","0x2dea","87","offset","3","bikes/bike_unicorn.xml",".xml","0x17FF978C","1364","3579","0x11","11149","12513","<"
"2","435030","0x33811034","0x1","0x260d","33","offset","1","audiocollection20.xml",".xml","0xB951CA25","215","87","0x10","9550","9765","<"
"2","435538","0x31ef6944","0x0","0x31de","476","offset","4","config20.xml",".xml","0x118AA6E7","462","714","0x11","12513","12975","<"
"2","43686","0x304a21f4","0x0","0x29ecb","1699","offset","29","objectcollection20.xml",".xml","0xE583A04E","136983","1959059","0x11","115151","252134","GFX2............................"
"2","44157","0x304a23ec","0x0","0x28651","1545","offset","29","objectcollection20.xml",".xml","0xE583A04E","136983","1959059","0x11","115151","252134","GFX2............................"
"2","44244","0x304a2194","0x0","0x2a631","1677","offset","29","objectcollection20.xml",".xml","0xE583A04E","136983","1959059","0x11","115151","252134","GFX2............................"
"2","46022","0x304a2404","0x0","0x2a80d","6096","offset","29","objectcollection20.xml",".xml","0xE583A04E","136983","1959059","0x11","115151","252134","GFX2............................"
"2","47038","0x304a29d4","0x0","0x2a0a7","1699","offset","29","objectcollection20.xml",".xml","0xE583A04E","136983","1959059","0x11","115151","252134","GFX2............................"
"2","47055","0x304a2564","0x0","0xcc63","28933","offset","9","images/garage/rider/Female_2_Body.png.tex",".tex","0x45034C6D","9393","102430","0x11","45970","55363","GFX2............................"
"2","47084","0x3375c694","0x0","0x5cf7","10242","offset","8","images/garage/rider/Female_2.png.tex",".tex","0xC3BE3B07","31329","286750","0x11","14641","45970","GFX2............................"
"2","47095","0x31f25484","0x0","0x15f05","22176","offset","27","manmade/buildings/garage/garage_background_1.gfx",".gfx","0x7403FAA2","29595","246120","0x11","85231","114826","GFX2............................"
"2","47117","0x31863d94","0x0","0x16b6b","3733","offset","27","manmade/buildings/garage/garage_background_1.gfx",".gfx","0x7403FAA2","29595","246120","0x11","85231","114826","GFX2............................"
"2","47121","0x31f24d44","0x0","0x17db9","17212","offset","27","manmade/buildings/garage/garage_background_1.gfx",".gfx","0x7403FAA2","29595","246120","0x11","85231","114826","GFX2............................"
"2","47138","0x32e4ec34","0x0","0x171c4","20813","offset","27","manmade/buildings/garage/garage_background_1.gfx",".gfx","0x7403FAA2","29595","246120","0x11","85231","114826","GFX2............................"
"2","47159","0x31863e74","0x0","0x186af","3697","offset","27","manmade/buildings/garage/garage_background_1.gfx",".gfx","0x7403FAA2","29595","246120","0x11","85231","114826","GFX2............................"
"2","47164","0x304a1d94","0x0","0x16f61","4674","offset","27","manmade/buildings/garage/garage_background_1.gfx",".gfx","0x7403FAA2","29595","246120","0x11","85231","114826","GFX2............................"
"2","47169","0x31f24d24","0x0","0x16df4","1936","offset","27","manmade/buildings/garage/garage_background_1.gfx",".gfx","0x7403FAA2","29595","246120","0x11","85231","114826","GFX2............................"
"2","47171","0x32ae3b74","0x0","0x1f689","4844","offset","29","objectcollection20.xml",".xml","0xE583A04E","136983","1959059","0x11","115151","252134","GFX2............................"
"2","47176","0x304a1dd4","0x0","0x1f988","7007","offset","29","objectcollection20.xml",".xml","0xE583A04E","136983","1959059","0x11","115151","252134","GFX2............................"
"2","47183","0x304a2a54","0x0","0x1fcd1","9170","offset","29","objectcollection20.xml",".xml","0xE583A04E","136983","1959059","0x11","115151","252134","GFX2............................"
"2","47192","0x31f24e24","0x0","0x2053e","13964","offset","29","objectcollection20.xml",".xml","0xE583A04E","136983","1959059","0x11","115151","252134","GFX2............................"
"2","47206","0x304a24c4","0x0","0x2013a","7884","offset","29","objectcollection20.xml",".xml","0xE583A04E","136983","1959059","0x11","115151","252134","GFX2............................"
"2","47214","0x32ae3994","0x0","0x20a21","20687","offset","29","objectcollection20.xml",".xml","0xE583A04E","136983","1959059","0x11","115151","252134","GFX2............................"
"2","47235","0x31f253a4","0x0","0x20075","1012","offset","29","objectcollection20.xml",".xml","0xE583A04E","136983","1959059","0x11","115151","252134","GFX2............................"
"2","47236","0x304a2994","0x0","0x20ff8","1012","offset","29","objectcollection20.xml",".xml","0xE583A04E","136983","1959059","0x11","115151","252134","GFX2............................"
"2","47237","0x31f25504","0x0","0x28809","988","offset","29","objectcollection20.xml",".xml","0xE583A04E","136983","1959059","0x11","115151","252134","GFX2............................"
"2","47238","0x31863814","0x0","0x2aabd","1018","offset","29","objectcollection20.xml",".xml","0xE583A04E","136983","1959059","0x11","115151","252134","GFX2............................"
"2","47239","0x32e4ec94","0x0","0x2ab89","1006","offset","29","objectcollection20.xml",".xml","0xE583A04E","136983","1959059","0x11","115151","252134","GFX2............................"
"2","47240","0x31f25094","0x0","0x1a45e","41128","offset","27","manmade/buildings/garage/garage_background_1.gfx",".gfx","0x7403FAA2","29595","246120","0x11","85231","114826","GFX2............................"
"2","47281","0x32ae3ad4","0x0","0x19ee3","9972","offset","27","manmade/buildings/garage/garage_background_1.gfx",".gfx","0x7403FAA2","29595","246120","0x11","85231","114826","GFX2............................"
"2","47291","0x31f2487c","0x0","0x1b595","84077","offset","27","manmade/buildings/garage/garage_background_1.gfx",".gfx","0x7403FAA2","29595","246120","0x11","85231","114826","GFX2............................"
"2","47374","0x304a26d4","0x0","0x1155a","9435","offset","11","images/garage/rider/Female_2_Pants.png.tex",".tex","0x914E3454","8075","102430","0x11","65143","73218","GFX2............................"
"2","47384","0x31f25074","0x0","0xdd14","23648","offset","10","images/garage/rider/Female_2_Head.png.tex",".tex","0xE4313D47","9780","102430","0x11","55363","65143","GFX2............................"
"2","47408","0x304a2644","0x0","0xe972","45892","offset","10","images/garage/rider/Female_2_Head.png.tex",".tex","0xE4313D47","9780","102430","0x11","55363","65143","GFX2............................"
"2","47453","0x32ae3944","0x0","0xfe70","16852","offset","10","images/garage/rider/Female_2_Head.png.tex",".tex","0xE4313D47","9780","102430","0x11","55363","65143","GFX2............................"
"2","47470","0x31f25664","0x0","0x12bf3","1939","offset","13","images/garage/rider/small/Female_2_Head.png.tex",".tex","0x52FE2908","1950","4126","0x11","75502","77452","GFX2............................"
"2","47472","0x32ae3454","0x0","0x6255","12552","offset","8","images/garage/rider/Female_2.png.tex",".tex","0xC3BE3B07","31329","286750","0x11","14641","45970","GFX2............................"
"2","47485","0x31f25214","0x0","0x6762","24547","offset","8","images/garage/rider/Female_2.png.tex",".tex","0xC3BE3B07","31329","286750","0x11","14641","45970","GFX2............................"
"2","47509","0x304a2694","0x0","0x109e5","21847","offset","11","images/garage/rider/Female_2_Pants.png.tex",".tex","0x914E3454","8075","102430","0x11","65143","73218","GFX2............................"
"2","47531","0x32ae3a54","0x0","0x71e3","14134","offset","8","images/garage/rider/Female_2.png.tex",".tex","0xC3BE3B07","31329","286750","0x11","14641","45970","GFX2............................"
"2","47545","0x304a2274","0x0","0x10709","5253","offset","11","images/garage/rider/Female_2_Pants.png.tex",".tex","0x914E3454","8075","102430","0x11","65143","73218","GFX2............................"
"2","47551","0x304a1d14","0x0","0x12d81","49038","offset","13","images/garage/rider/small/Female_2_Head.png.tex",".tex","0x52FE2908","1950","4126","0x11","75502","77452","GFX2............................"
"2","475877","0x33811074","0x0","0x32d7","87","offset","5","constrainscollection20.xml",".xml","0xF264C17D","180","52","0x10","12975","13155","<"
"2","47599","0x31f24d84","0x0","0x9a43","12023","offset","8","images/garage/rider/Female_2.png.tex",".tex","0xC3BE3B07","31329","286750","0x11","14641","45970","GFX2............................"
"2","47611","0x304a2aec","0x0","0x2ac4c","10577","offset","29","objectcollection20.xml",".xml","0xE583A04E","136983","1959059","0x11","115151","252134","GFX2............................"
"2","47622","0x3375c66c","0x0","0xa14d","15292","offset","8","images/garage/rider/Female_2.png.tex",".tex","0xC3BE3B07","31329","286750","0x11","14641","45970","GFX2............................"
"2","47637","0x31f256a4","0x0","0x1d8c4","4533","offset","29","objectcollection20.xml",".xml","0xE583A04E","136983","1959059","0x11","115151","252134","GFX2............................"
"2","47642","0x304a2464","0x0","0x2b26a","17404","offset","29","objectcollection20.xml",".xml","0xE583A04E","136983","1959059","0x11","115151","252134","GFX2............................"
"2","47659","0x31f24b94","0x0","0x2bc2b","14185","offset","29","objectcollection20.xml",".xml","0xE583A04E","136983","1959059","0x11","115151","252134","GFX2............................"
"2","47673","0x32ae3b14","0x0","0x2cdb7","68497","offset","29","objectcollection20.xml",".xml","0xE583A04E","136983","1959059","0x11","115151","252134","GFX2............................"
"2","476955","0x3200ffa4","0x0","0x312a","476","offset","4","config20.xml",".xml","0x118AA6E7","462","714","0x11","12513","12975","<"
"2","47741","0x304a2a14","0x0","0xaaaf","10270","offset","8","images/garage/rider/Female_2.png.tex",".tex","0xC3BE3B07","31329","286750","0x11","14641","45970","GFX2............................"
"2","47752","0x31f24c84","0x0","0x1dc77","3168","offset","29","objectcollection20.xml",".xml","0xE583A04E","136983","1959059","0x11","115151","252134","GFX2............................"
"2","47756","0x304a270c","0x0","0x1dee7","5584","offset","29","objectcollection20.xml",".xml","0xE583A04E","136983","1959059","0x11","115151","252134","GFX2............................"
"2","47762","0x32ae36ac","0x0","0x2c9c4","6076","offset","29","objectcollection20.xml",".xml","0xE583A04E","136983","1959059","0x11","115151","252134","GFX2............................"
"2","47768","0x318641a4","0x0","0xc084","11464","offset","9","images/garage/rider/Female_2_Body.png.tex",".tex","0x45034C6D","9393","102430","0x11","45970","55363","GFX2............................"
"2","47780","0x304a1f54","0x0","0x1e316","2728","offset","29","objectcollection20.xml",".xml","0xE583A04E","136983","1959059","0x11","115151","252134","GFX2............................"
"2","47783","0x3375c434","0x0","0xc607","5236","offset","9","images/garage/rider/Female_2_Body.png.tex",".tex","0x45034C6D","9393","102430","0x11","45970","55363","GFX2............................"
"2","47789","0x31f24bb4","0x0","0x2c722","4051","offset","29","objectcollection20.xml",".xml","0xE583A04E","136983","1959059","0x11","115151","252134","GFX2............................"
"2","47793","0x32ae3a14","0x0","0x2c3c8","4909","offset","29","objectcollection20.xml",".xml","0xE583A04E","136983","1959059","0x11","115151","252134","GFX2............................"
"2","47798","0x31f24864","0x0","0xc8a9","6792","offset","9","images/garage/rider/Female_2_Body.png.tex",".tex","0x45034C6D","9393","102430","0x11","45970","55363","GFX2............................"
"2","47805","0x31f24ce4","0x0","0xba2b","11657","offset","9","images/garage/rider/Female_2_Body.png.tex",".tex","0x45034C6D","9393","102430","0x11","45970","55363","GFX2............................"
"2","47817","0x31f25424","0x0","0x14600","35685","offset","22","localization/dlc20_oasis__global.xml",".xml","0x8544C704","2341","29628","0x11","81474","83815","GFX2......................&A=.&A"
"2","47852","0x31863d54","0x0","0x1e548","2855","offset","29","objectcollection20.xml",".xml","0xE583A04E","136983","1959059","0x11","115151","252134","GFX2............................"
"2","47855","0x32ae36f4","0x0","0x1e807","11582","offset","29","objectcollection20.xml",".xml","0xE583A04E","136983","1959059","0x11","115151","252134","GFX2............................"
"2","47867","0x32ae34d4","0x0","0x159fc","1939","offset","27","manmade/buildings/garage/garage_background_1.gfx",".gfx","0x7403FAA2","29595","246120","0x11","85231","114826","GFX2............................"
"2","47869","0x31f24954","0x0","0xb0be","20052","offset","8","images/garage/rider/Female_2.png.tex",".tex","0xC3BE3B07","31329","286750","0x11","14641","45970","GFX2............................"
"2","47889","0x304a22f4","0x0","0x7de3","7617","offset","8","images/garage/rider/Female_2.png.tex",".tex","0xC3BE3B07","31329","286750","0x11","14641","45970","GFX2............................"
"2","47897","0x304a1cc4","0x0","0x85a3","4679","offset","8","images/garage/rider/Female_2.png.tex",".tex","0xC3BE3B07","31329","286750","0x11","14641","45970","GFX2............................"
"2","47902","0x31f24f64","0x0","0x7b0c","3157","offset","8","images/garage/rider/Female_2.png.tex",".tex","0xC3BE3B07","31329","286750","0x11","14641","45970","GFX2............................"
"2","47906","0x31f25684","0x0","0x82e0","1945","offset","8","images/garage/rider/Female_2.png.tex",".tex","0xC3BE3B07","31329","286750","0x11","14641","45970","GFX2............................"
"2","47909","0x31863dd4","0x0","0x15b81","5521","offset","27","manmade/buildings/garage/garage_background_1.gfx",".gfx","0x7403FAA2","29595","246120","0x11","85231","114826","GFX2............................"
"2","47915","0x304a26f4","0x0","0x127c8","6717","offset","13","images/garage/rider/small/Female_2_Head.png.tex",".tex","0x52FE2908","1950","4126","0x11","75502","77452","GFX2............................"
"2","47922","0x32ae3694","0x0","0x50b1","8770","offset","8","images/garage/rider/Female_2.png.tex",".tex","0xC3BE3B07","31329","286750","0x11","14641","45970","GFX2............................"
"2","47931","0x304a1e54","0x0","0x56e1","8764","offset","8","images/garage/rider/Female_2.png.tex",".tex","0xC3BE3B07","31329","286750","0x11","14641","45970","GFX2............................"
"2","47940","0x304a1f94","0x0","0x5ba6","1924","offset","8","images/garage/rider/Female_2.png.tex",".tex","0xC3BE3B07","31329","286750","0x11","14641","45970","GFX2............................"
"2","47942","0x304a2ad4","0x0","0x5585","1928","offset","8","images/garage/rider/Female_2.png.tex",".tex","0xC3BE3B07","31329","286750","0x11","14641","45970","GFX2............................"
"2","47944","0x31f24b34","0x0","0x4be1","8205","offset","8","images/garage/rider/Female_2.png.tex",".tex","0xC3BE3B07","31329","286750","0x11","14641","45970","GFX2............................"
"2","47953","0x32ae39f4","0x0","0x12582","1914","offset","12","images/garage/rider/small/Female_2_Body.png.tex",".tex","0x7D99EAA8","2284","4126","0x11","73218","75502","GFX2............................"
"2","47955","0x31f24e84","0x0","0x124b0","742","offset","12","images/garage/rider/small/Female_2_Body.png.tex",".tex","0x7D99EAA8","2284","4126","0x11","73218","75502","GFX2..........@.F..............."
"2","47956","0x304a24e4","0x0","0x126e1","741","offset","12","images/garage/rider/small/Female_2_Body.png.tex",".tex","0x7D99EAA8","2284","4126","0x11","73218","75502","GFX2..........@.F..............."
"2","47957","0x31f25344","0x0","0x224da","2824","offset","29","objectcollection20.xml",".xml","0xE583A04E","136983","1959059","0x11","115151","252134","GFX2............................"
"2","47960","0x304a2604","0x0","0x23171","6352","offset","29","objectcollection20.xml",".xml","0xE583A04E","136983","1959059","0x11","115151","252134","GFX2............................"
"2","47967","0x31f24994","0x0","0x119a8","3800","offset","11","images/garage/rider/Female_2_Pants.png.tex",".tex","0x914E3454","8075","102430","0x11","65143","73218","GFX2............................"
"2","47971","0x304a2774","0x0","0x11f32","3788","offset","12","images/garage/rider/small/Female_2_Body.png.tex",".tex","0x7D99EAA8","2284","4126","0x11","73218","75502","GFX2............................"
"2","47975","0x31f24b74","0x0","0x8484","1054","offset","8","images/garage/rider/Female_2.png.tex",".tex","0xC3BE3B07","31329","286750","0x11","14641","45970","GFX2............................"
"2","47977","0x304a2254","0x0","0x25720","6080","offset","29","objectcollection20.xml",".xml","0xE583A04E","136983","1959059","0x11","115151","252134","GFX2............................"
"2","47983","0x304a25e4","0x0","0x26621","6086","offset","29","objectcollection20.xml",".xml","0xE583A04E","136983","1959059","0x11","115151","252134","GFX2............................"
"2","47989","0x304a23d4","0x0","0x25e9f","6081","offset","29","objectcollection20.xml",".xml","0xE583A04E","136983","1959059","0x11","115151","252134","GFX2............................"
"2","47995","0x32ae3884","0x0","0x26dce","1036","offset","29","objectcollection20.xml",".xml","0xE583A04E","136983","1959059","0x11","115151","252134","GFX2............................"
"2","47997","0x32ae3594","0x0","0x2a87","7618","offset","2","bikes/bike_donkey.xml",".xml","0xCB240593","1384","3957","0x11","9765","11149","GFX2............................"
"2","48005","0x31864064","0x0","0x188b1","35481","offset","27","manmade/buildings/garage/garage_background_1.gfx",".gfx","0x7403FAA2","29595","246120","0x11","85231","114826","GFX2............................"
"2","48040","0x304a2bb4","0x0","0x11b78","3818","offset","11","images/garage/rider/Female_2_Pants.png.tex",".tex","0x914E3454","8075","102430","0x11","65143","73218","GFX2............................"
"2","48044","0x31f24ec4","0x0","0x120fe","3808","offset","12","images/garage/rider/small/Female_2_Body.png.tex",".tex","0x7D99EAA8","2284","4126","0x11","73218","75502","GFX2............................"
"2","48048","0x304a2394","0x0","0x11d55","3820","offset","11","images/garage/rider/Female_2_Pants.png.tex",".tex","0x914E3454","8075","102430","0x11","65143","73218","GFX2............................"
"2","48052","0x304a2bd4","0x0","0x122d6","3808","offset","12","images/garage/rider/small/Female_2_Body.png.tex",".tex","0x7D99EAA8","2284","4126","0x11","73218","75502","GFX2............................"
"2","48056","0x304a22b4","0x0","0x8908","30934","offset","8","images/garage/rider/Female_2.png.tex",".tex","0xC3BE3B07","31329","286750","0x11","14641","45970","GFX2............................"
"2","48088","0x304a2794","0x0","0x23ab7","2644","offset","29","objectcollection20.xml",".xml","0xE583A04E","136983","1959059","0x11","115151","252134","GFX2............................"
"2","48091","0x304a27d4","0x0","0x23705","2661","offset","29","objectcollection20.xml",".xml","0xE583A04E","136983","1959059","0x11","115151","252134","GFX2............................"
"2","48094","0x304a2754","0x0","0x23e63","2923","offset","29","objectcollection20.xml",".xml","0xE583A04E","136983","1959059","0x11","115151","252134","GFX2............................"
"2","48097","0x31f248f4","0x0","0x242a0","1015","offset","29","objectcollection20.xml",".xml","0xE583A04E","136983","1959059","0x11","115151","252134","GFX2............................"
"2","48098","0x304a2214","0x0","0x1edc8","2405","offset","29","objectcollection20.xml",".xml","0xE583A04E","136983","1959059","0x11","115151","252134","GFX2............................"
"2","48101","0x32ae3c94","0x0","0x1f328","2389","offset","29","objectcollection20.xml",".xml","0xE583A04E","136983","1959059","0x11","115151","252134","GFX2............................"
"2","48104","0x31f24d64","0x0","0x1f079","2405","offset","29","objectcollection20.xml",".xml","0xE583A04E","136983","1959059","0x11","115151","252134","GFX2............................"
"2","48107","0x31863f94","0x0","0x1f5c2","1018","offset","29","objectcollection20.xml",".xml","0xE583A04E","136983","1959059","0x11","115151","252134","GFX2............................"
"2","48108","0x31f2551c","0x0","0x288c5","1698","offset","29","objectcollection20.xml",".xml","0xE583A04E","136983","1959059","0x11","115151","252134","GFX2............................"
"2","48110","0x31863eb4","0x0","0x28c75","5277","offset","29","objectcollection20.xml",".xml","0xE583A04E","136983","1959059","0x11","115151","252134","GFX2............................"
"2","48116","0x31f25364","0x0","0x28eeb","19593","offset","29","objectcollection20.xml",".xml","0xE583A04E","136983","1959059","0x11","115151","252134","GFX2............................"
"2","48136","0x304a26b4","0x0","0x28aa2","1698","offset","29","objectcollection20.xml",".xml","0xE583A04E","136983","1959059","0x11","115151","252134","GFX2............................"
"2","48138","0x31864224","0x0","0x293bc","1335","offset","29","objectcollection20.xml",".xml","0xE583A04E","136983","1959059","0x11","115151","252134","GFX2............................"
"2","48140","0x31f24d04","0x0","0x210bc","2382","offset","29","objectcollection20.xml",".xml","0xE583A04E","136983","1959059","0x11","115151","252134","GFX2............................"
"2","48143","0x304a20f4","0x0","0x21433","2382","offset","29","objectcollection20.xml",".xml","0xE583A04E","136983","1959059","0x11","115151","252134","GFX2............................"
"2","48146","0x32ae3b34","0x0","0x217a2","2382","offset","29","objectcollection20.xml",".xml","0xE583A04E","136983","1959059","0x11","115151","252134","GFX2............................"
"2","48149","0x32ae38a4","0x0","0x21b14","1009","offset","29","objectcollection20.xml",".xml","0xE583A04E","136983","1959059","0x11","115151","252134","GFX2............................"
"2","48150","0x3375c414","0x0","0x27bd0","5797","offset","29","objectcollection20.xml",".xml","0xE583A04E","136983","1959059","0x11","115151","252134","GFX2............................"
"2","48156","0x32ae35f4","0x0","0x27942","3275","offset","29","objectcollection20.xml",".xml","0xE583A04E","136983","1959059","0x11","115151","252134","GFX2............................"
"2","48160","0x304a2b94","0x0","0x27ec1","10858","offset","29","objectcollection20.xml",".xml","0xE583A04E","136983","1959059","0x11","115151","252134","GFX2............................"
"2","48171","0x304a2544","0x0","0x28295","1015","offset","29","objectcollection20.xml",".xml","0xE583A04E","136983","1959059","0x11","115151","252134","GFX2............................"
"2","48172","0x318640a4","0x0","0x294b0","3573","offset","29","objectcollection20.xml",".xml","0xE583A04E","136983","1959059","0x11","115151","252134","GFX2............................"
"2","48176","0x32ae3494","0x0","0x297cc","3573","offset","29","objectcollection20.xml",".xml","0xE583A04E","136983","1959059","0x11","115151","252134","GFX2............................"
"2","48180","0x31f24844","0x0","0x29ae8","3573","offset","29","objectcollection20.xml",".xml","0xE583A04E","136983","1959059","0x11","115151","252134","GFX2............................"
"2","48184","0x304a2334","0x0","0x29e03","1021","offset","29","objectcollection20.xml",".xml","0xE583A04E","136983","1959059","0x11","115151","252134","GFX2............................"
"2","48193","0x324786b4","0x0","0x4594a","983174","offset","30","objects/pack20/aiden_bottom_1669118754.mdl",".mdl","0xC8711195","141013","140885","0x10","252134","393147","..T..h.....9......P.....@......R"
"2","48195","0x31e291c4","0x0","0x5dca8","87407","offset","30","objects/pack20/aiden_bottom_1669118754.mdl",".mdl","0xC8711195","141013","140885","0x10","252134","393147","T8X"
"2","48196","0x31e29104","0x0","0x4a939","87407","offset","30","objects/pack20/aiden_bottom_1669118754.mdl",".mdl","0xC8711195","141013","140885","0x10","252134","393147","T8X"
"2","48201","0x31e291a4","0x0","0x1d202","87407","offset","29","objectcollection20.xml",".xml","0xE583A04E","136983","1959059","0x11","115151","252134","T8X"
"2","48213","0x3191f8b4","0x0","0xbf8b","90400","offset","9","images/garage/rider/Female_2_Body.png.tex",".tex","0x45034C6D","9393","102430","0x11","45970","55363","DXBC.r....9.z5.WQ....... a......"
"2","48299","0x3191f94c","0x0","0x13f90","36555","offset","22","localization/dlc20_oasis__global.xml",".xml","0x8544C704","2341","29628","0x11","81474","83815","DXBC.......V..i.VO.............."
"2","48817","0x3191f934","0x0","0x4d0d","97744","offset","8","images/garage/rider/Female_2.png.tex",".tex","0xC3BE3B07","31329","286750","0x11","14641","45970","DXBC.d\f.._...u.+........}......"
"2","49415","0x3191f7f4","0x0","0x10ee8","36555","offset","11","images/garage/rider/Female_2_Pants.png.tex",".tex","0x914E3454","8075","102430","0x11","65143","73218","DXBC.......V..i.VO.............."
"2","494293","0x3200fd44","0x0","0x3223","87","offset","4","config20.xml",".xml","0x118AA6E7","462","714","0x11","12513","12975","<"
"2","494395","0x6351954","0x0","0x106f293","21871","offset","189","objects/pack20/horror_mask_4050851301.mdl",".mdl","0x3D1B0F8F","211932","211804","0x10","17027822","17239754","T8X"
"2","494396","0x634fc64","0x0","0xa13ee5","21871","offset","129","objects/pack20/dapper_head_722249001.mdl",".mdl","0x69FD0444","133070","132942","0x10","10542331","10675401","T8X"
"2","494407","0x6350a0c","0x0","0x16e7dff","21871","offset","367","patch20/characters/podium_rider.gfx",".gfx","0x3A94547E","2708482","3456812","0x11","23785411","26493893","T8X"
"2","494415","0x6352724","0x0","0x106ba71","21871","offset","189","objects/pack20/horror_mask_4050851301.mdl",".mdl","0x3D1B0F8F","211932","211804","0x10","17027822","17239754","T8X"
"2","494432","0x6355704","0x0","0x1cc5982","21871","offset","541","vtex/vtex_objects0.raw.hdr",".hdr","0x094DAB53","3828210","5298364","0x11","26782169","30610379","T8X"
"2","494459","0x6353844","0x0","0x10b9d94","87407","offset","192","objects/pack20/kingcobra_engine_1_2701716106.mdl",".mdl","0x2827A6B2","135581","135453","0x10","17510906","17646487","T8X"
"2","49496","0x30bfef94","0x0","0x3ad3","44393","offset","8","images/garage/rider/Female_2.png.tex",".tex","0xC3BE3B07","31329","286750","0x11","14641","45970","GFX2............................"
"2","495172","0x63547a4","0x0","0x18f9224","87407","offset","367","patch20/characters/podium_rider.gfx",".gfx","0x3A94547E","2708482","3456812","0x11","23785411","26493893","T8X"
"2","496244","0x63557e4","0x0","0x1afd77b","87407","offset","541","vtex/vtex_objects0.raw.hdr",".hdr","0x094DAB53","3828210","5298364","0x11","26782169","30610379","T8X"
"2","498969","0x63550f4","0x0","0x6af454","87407","offset","70","objects/pack20/cheetah_engine_1907526078.mdl",".mdl","0x764A024A","101186","101058","0x10","6937173","7038359","T8X"
"2","499101","0x6353134","0x0","0x1b00cad","87407","offset","541","vtex/vtex_objects0.raw.hdr",".hdr","0x094DAB53","3828210","5298364","0x11","26782169","30610379","T8X"
"2","502125","0x6351ab4","0x0","0x12d426d","174909","offset","242","objects/pack20/midscrew_rim_953198536.mdl",".mdl","0xA3E85DCC","89891","89763","0x10","19668337","19758228","T8X"
"2","50363","0x30bff254","0x0","0x3abce","1839","offset","29","objectcollection20.xml",".xml","0xE583A04E","136983","1959059","0x11","115151","252134","GFX2............................"
"2","50365","0x321860b4","0x0","0x3adc1","7405","offset","29","objectcollection20.xml",".xml","0xE583A04E","136983","1959059","0x11","115151","252134","GFX2............................"
"2","50373","0x3275d9d4","0x0","0x3b0d4","13632","offset","29","objectcollection20.xml",".xml","0xE583A04E","136983","1959059","0x11","115151","252134","GFX2............................"
"2","50387","0x3275d374","0x0","0x3b4e5","994","offset","29","objectcollection20.xml",".xml","0xE583A04E","136983","1959059","0x11","115151","252134","GFX2............................"
"2","50388","0x3275d024","0x0","0x3728","7203","offset","7","environment_presets20.xml",".xml","0x09215BF2","1198","10085","0x11","13443","14641","GFX2......................>+...."
"2","50397","0x3275d6d4","0x0","0x4ba4","8989","offset","8","images/garage/rider/Female_2.png.tex",".tex","0xC3BE3B07","31329","286750","0x11","14641","45970","GFX2............................"
"2","50406","0x30bff704","0x0","0x2a6e","16735","offset","2","bikes/bike_donkey.xml",".xml","0xCB240593","1384","3957","0x11","9765","11149","GFX2............................"
"2","50423","0x3275cb54","0x0","0x9904","71367","offset","8","images/garage/rider/Female_2.png.tex",".tex","0xC3BE3B07","31329","286750","0x11","14641","45970","GFX2............................"
"2","50493","0x3275cbf4","0x0","0x26b5","6420","offset","2","bikes/bike_donkey.xml",".xml","0xCB240593","1384","3957","0x11","9765","11149","GFX2............................"
"2","50500","0x3275d954","0x0","0x2f56a","7265","offset","29","objectcollection20.xml",".xml","0xE583A04E","136983","1959059","0x11","115151","252134","GFX2............................"
"2","50508","0x3275d8b4","0x0","0x2dd16","52553","offset","29","objectcollection20.xml",".xml","0xE583A04E","136983","1959059","0x11","115151","252134","GFX2............................"
"2","505105","0x63525d4","0x0","0x166a961","87407","offset","289","objects/pack20/unicornbike_3088574479.mdl",".mdl","0xC81A50EB","323200","323072","0x10","23328373","23651573","T8X"
"2","50560","0x3275d284","0x0","0x2f9d9","20015","offset","29","objectcollection20.xml",".xml","0xE583A04E","136983","1959059","0x11","115151","252134","GFX2............................"
"2","50580","0x32186534","0x0","0x30328","85328","offset","29","objectcollection20.xml",".xml","0xE583A04E","136983","1959059","0x11","115151","252134","GFX2............................"
"2","50664","0x3275ca94","0x1","0x75ac15","2042","offset","90","objects/pack20/cheetah_frame_3501635998.mdl",".mdl","0x6E19F00B","80105","79977","0x10","7706482","7786587","OBJ.VER01.....LRS01.....LR005..."
"2","50665","0x32186474","0x1","0x768b5f","3982","offset","90","objects/pack20/cheetah_frame_3501635998.mdl",".mdl","0x6E19F00B","80105","79977","0x10","7706482","7786587","OBJ.VER01.....LRS01.....LR005..."
"2","50666","0x3218668c","0x1","0x771306","2494","offset","91","objects/pack20/cheetah_frame_564405301.mdl",".mdl","0xE2974BD9","80100","79972","0x10","7786587","7866687","OBJ.VER01.....LRS01.....LR005..."
"2","50667","0x32186594","0x1","0x778d93","2152","offset","91","objects/pack20/cheetah_frame_564405301.mdl",".mdl","0xE2974BD9","80100","79972","0x10","7786587","7866687","OBJ.VER01.....LRS01.....LR005..."
"2","50668","0x3275d104","0x1","0x77d1d9","2179","offset","91","objects/pack20/cheetah_frame_564405301.mdl",".mdl","0xE2974BD9","80100","79972","0x10","7786587","7866687","OBJ.VER01.....LRS01.....LR005..."
"2","50669","0x3275cc54","0x0","0x96cc","4639","offset","8","images/garage/rider/Female_2.png.tex",".tex","0xC3BE3B07","31329","286750","0x11","14641","45970","GFX2............................"
"2","50674","0x3275d1a4","0x0","0x8989","17149","offset","8","images/garage/rider/Female_2.png.tex",".tex","0xC3BE3B07","31329","286750","0x11","14641","45970","GFX2............................"
"2","50691","0x3275d514","0x0","0x6be9","41548","offset","8","images/garage/rider/Female_2.png.tex",".tex","0xC3BE3B07","31329","286750","0x11","14641","45970","GFX2............................"
"2","50732","0x32478c34","0x0","0x91f2","8233","offset","8","images/garage/rider/Female_2.png.tex",".tex","0xC3BE3B07","31329","286750","0x11","14641","45970","GFX2............................"
"2","50741","0x32186794","0x0","0x20cf2","2808","offset","29","objectcollection20.xml",".xml","0xE583A04E","136983","1959059","0x11","115151","252134","GFX2............................"
"2","50744","0x3275d8f4","0x0","0x20ae1","3132","offset","29","objectcollection20.xml",".xml","0xE583A04E","136983","1959059","0x11","115151","252134","GFX2............................"
"2","50748","0x32186134","0x0","0x20e91","6335","offset","29","objectcollection20.xml",".xml","0xE583A04E","136983","1959059","0x11","115151","252134","GFX2............................"
"2","50755","0x32185b14","0x0","0x2111b","15328","offset","29","objectcollection20.xml",".xml","0xE583A04E","136983","1959059","0x11","115151","252134","GFX2............................"
"2","50770","0x32478dd4","0x0","0x1e3a1","72312","offset","29","objectcollection20.xml",".xml","0xE583A04E","136983","1959059","0x11","115151","252134","GFX2............................"
"2","507859","0x320ac244","0x0","0x13e08","87407","offset","21","localization/dlc20_japanese.xml",".xml","0x29DF00C5","350","350","0x11","81124","81474","T8X"
"2","508272","0x334e59c4","0x0","0x273dd","21871","offset","29","objectcollection20.xml",".xml","0xE583A04E","136983","1959059","0x11","115151","252134","T8X"
"2","508385","0x30590ec4","0x0","0x2669d","21871","offset","29","objectcollection20.xml",".xml","0xE583A04E","136983","1959059","0x11","115151","252134","T8X"
"2","50841","0x3275d774","0x0","0x2d9f5","1038","offset","29","objectcollection20.xml",".xml","0xE583A04E","136983","1959059","0x11","115151","252134","GFX2............................"
"2","50843","0x32478d54","0x0","0x2dc0c","1033","offset","29","objectcollection20.xml",".xml","0xE583A04E","136983","1959059","0x11","115151","252134","GFX2............................"
"2","50845","0x3275cd0c","0x0","0x2db02","1034","offset","29","objectcollection20.xml",".xml","0xE583A04E","136983","1959059","0x11","115151","252134","GFX2............................"
"2","50847","0x3275d2a4","0x0","0x20906","2510","offset","29","objectcollection20.xml",".xml","0xE583A04E","136983","1959059","0x11","115151","252134","GFX2............................"
"2","50850","0x321862f4","0x0","0x1d7d9","4927","offset","29","objectcollection20.xml",".xml","0xE583A04E","136983","1959059","0x11","115151","252134","GFX2............................"
"2","50855","0x3275cb14","0x0","0x1da3f","3721","offset","29","objectcollection20.xml",".xml","0xE583A04E","136983","1959059","0x11","115151","252134","GFX2............................"
"2","50859","0x30bff014","0x0","0x1dc1e","6725","offset","29","objectcollection20.xml",".xml","0xE583A04E","136983","1959059","0x11","115151","252134","GFX2............................"
"2","508641","0x30262fa4","0x0","0xe56e","87407","offset","10","images/garage/rider/Female_2_Head.png.tex",".tex","0xE4313D47","9780","102430","0x11","55363","65143","T8X"
"2","50866","0x3275cfe4","0x0","0x1c8ca","27536","offset","29","objectcollection20.xml",".xml","0xE583A04E","136983","1959059","0x11","115151","252134","GFX2............................"
"2","508798","0x30262f24","0x0","0x1a1cc","349551","offset","27","manmade/buildings/garage/garage_background_1.gfx",".gfx","0x7403FAA2","29595","246120","0x11","85231","114826","T8X"
"2","508905","0x30262f64","0x0","0x4c87a","349551","offset","30","objects/pack20/aiden_bottom_1669118754.mdl",".mdl","0xC8711195","141013","140885","0x10","252134","393147","T8X"
"2","50893","0x32186454","0x0","0x13dca","19754","offset","21","localization/dlc20_japanese.xml",".xml","0x29DF00C5","350","350","0x11","81124","81474","GFX2............................"
"2","50913","0x32186574","0x0","0x12847","13216","offset","13","images/garage/rider/small/Female_2_Head.png.tex",".tex","0x52FE2908","1950","4126","0x11","75502","77452","GFX2............................"
"2","50926","0x32185fb4","0x0","0x14d75","19228","offset","27","manmade/buildings/garage/garage_background_1.gfx",".gfx","0x7403FAA2","29595","246120","0x11","85231","114826","GFX2............................"
"2","509284","0x30262f84","0x0","0x5e5a8","349551","offset","30","objects/pack20/aiden_bottom_1669118754.mdl",".mdl","0xC8711195","141013","140885","0x10","252134","393147","T8X"
"2","50945","0x321868f4","0x0","0x16e5c","7628","offset","27","manmade/buildings/garage/garage_background_1.gfx",".gfx","0x7403FAA2","29595","246120","0x11","85231","114826","GFX2............................"
"2","50953","0x3275ccb4","0x0","0x15737","28515","offset","27","manmade/buildings/garage/garage_background_1.gfx",".gfx","0x7403FAA2","29595","246120","0x11","85231","114826","GFX2............................"
"2","50981","0x30bff644","0x0","0x1207f","12914","offset","12","images/garage/rider/small/Female_2_Body.png.tex",".tex","0x7D99EAA8","2284","4126","0x11","73218","75502","GFX2............................"
"2","50994","0x32e4eb64","0x0","0x17a60","4024","offset","27","manmade/buildings/garage/garage_background_1.gfx",".gfx","0x7403FAA2","29595","246120","0x11","85231","114826","GFX2............................"
"2","50998","0x32e4eac4","0x0","0x17836","3425","offset","27","manmade/buildings/garage/garage_background_1.gfx",".gfx","0x7403FAA2","29595","246120","0x11","85231","114826","GFX2............................"
"2","51002","0x3275cdd4","0x0","0x1b17b","40835","offset","27","manmade/buildings/garage/garage_background_1.gfx",".gfx","0x7403FAA2","29595","246120","0x11","85231","114826","GFX2............................"
"2","51042","0x321868d4","0x0","0x17366","7022","offset","27","manmade/buildings/garage/garage_background_1.gfx",".gfx","0x7403FAA2","29595","246120","0x11","85231","114826","GFX2............................"
"2","51049","0x30bff524","0x0","0x1305c","25140","offset","14","images/garage/rider/small/Female_2_Pants.png.tex",".tex","0x7DA63911","1748","4126","0x11","77452","79200","GFX2............................"
"2","510646","0x3375c764","0x0","0x1304c","21871","offset","14","images/garage/rider/small/Female_2_Pants.png.tex",".tex","0x7DA63911","1748","4126","0x11","77452","79200","T8X"
"2","51074","0x32186014","0x0","0x17cb8","26689","offset","27","manmade/buildings/garage/garage_background_1.gfx",".gfx","0x7403FAA2","29595","246120","0x11","85231","114826","GFX2............................"
"2","51101","0x3275ccf4","0x0","0x14ad0","4000","offset","25","localization/dlc20_russian.xml",".xml","0x99A0176A","350","349","0x11","84531","84881","GFX2............................"
"2","51105","0x3275d2c4","0x0","0x356ae","18437","offset","29","objectcollection20.xml",".xml","0xE583A04E","136983","1959059","0x11","115151","252134","GFX2............................"
"2","51124","0x30bff2ec","0x0","0x35e74","41747","offset","29","objectcollection20.xml",".xml","0xE583A04E","136983","1959059","0x11","115151","252134","GFX2............................"
"2","511549","0x3375c7c4","0x0","0x3e682","21871","offset","30","objects/pack20/aiden_bottom_1669118754.mdl",".mdl","0xC8711195","141013","140885","0x10","252134","393147","T8X"
"2","511624","0x3375c784","0x0","0x44fdb","87407","offset","30","objects/pack20/aiden_bottom_1669118754.mdl",".mdl","0xC8711195","141013","140885","0x10","252134","393147","T8X"
"2","51166","0x30bff3a4","0x0","0x36c93","33011","offset","29","objectcollection20.xml",".xml","0xE583A04E","136983","1959059","0x11","115151","252134","GFX2............................"
"2","511746","0x3375c884","0x0","0x2aac2","87407","offset","29","objectcollection20.xml",".xml","0xE583A04E","136983","1959059","0x11","115151","252134","T8X"
"2","511870","0x3375c844","0x0","0x320c4","87407","offset","29","objectcollection20.xml",".xml","0xE583A04E","136983","1959059","0x11","115151","252134","T8X"
"2","51199","0x32478d74","0x0","0x503c","6657","offset","8","images/garage/rider/Female_2.png.tex",".tex","0xC3BE3B07","31329","286750","0x11","14641","45970","GFX2............................"
"2","51207","0x32478cf4","0x0","0x38376","4968","offset","29","objectcollection20.xml",".xml","0xE583A04E","136983","1959059","0x11","115151","252134","GFX2............................"
"2","51212","0x32186244","0x0","0x1c791","1949","offset","29","objectcollection20.xml",".xml","0xE583A04E","136983","1959059","0x11","115151","252134","GFX2............................"
"2","51214","0x3275cbb4","0x0","0x2d856","1935","offset","29","objectcollection20.xml",".xml","0xE583A04E","136983","1959059","0x11","115151","252134","GFX2............................"
"2","51216","0x32185eb4","0x0","0x2c2e8","44882","offset","29","objectcollection20.xml",".xml","0xE583A04E","136983","1959059","0x11","115151","252134","GFX2............................"
"2","512357","0x31e29164","0x0","0x4398d","87407","offset","30","objects/pack20/aiden_bottom_1669118754.mdl",".mdl","0xC8711195","141013","140885","0x10","252134","393147","T8X"
"2","51260","0x3275d414","0x0","0x278e5","162953","offset","29","objectcollection20.xml",".xml","0xE583A04E","136983","1959059","0x11","115151","252134","GFX2............................"
"2","512726","0x31e29184","0x0","0x13720","349551","offset","16","localization/dlc20_chinese.xml",".xml","0xDEFE6AC8","354","354","0x11","79371","79725","T8X"
"2","51420","0x32186814","0x0","0x27602","6400","offset","29","objectcollection20.xml",".xml","0xE583A04E","136983","1959059","0x11","115151","252134","GFX2............................"
"2","51427","0x32185cf4","0x0","0x37b07","7035","offset","29","objectcollection20.xml",".xml","0xE583A04E","136983","1959059","0x11","115151","252134","GFX2............................"
"2","51434","0x3275d4d4","0x0","0x259af","66002","offset","29","objectcollection20.xml",".xml","0xE583A04E","136983","1959059","0x11","115151","252134","GFX2............................"
"2","514384","0x31e29144","0x0","0x33f86","349551","offset","29","objectcollection20.xml",".xml","0xE583A04E","136983","1959059","0x11","115151","252134","T8X"
"2","51499","0x32478df4","0x0","0x249f4","36503","offset","29","objectcollection20.xml",".xml","0xE583A04E","136983","1959059","0x11","115151","252134","GFX2............................"
"2","51535","0x3275cad4","0x0","0xb44e","119931","offset","9","images/garage/rider/Female_2_Body.png.tex",".tex","0x45034C6D","9393","102430","0x11","45970","55363","GFX2............................"
"2","516310","0x31a27e94","0x0","0x1e762","349551","offset","29","objectcollection20.xml",".xml","0xE583A04E","136983","1959059","0x11","115151","252134","T8X"
"2","51654","0x32478844","0x0","0xeaa5","119915","offset","10","images/garage/rider/Female_2_Head.png.tex",".tex","0xE4313D47","9780","102430","0x11","55363","65143","GFX2............................"
"2","516652","0x31a27d14","0x0","0x2a06f","87407","offset","29","objectcollection20.xml",".xml","0xE583A04E","136983","1959059","0x11","115151","252134","T8X"
"2","517095","0x31a27db4","0x0","0x1a46a","87407","offset","27","manmade/buildings/garage/garage_background_1.gfx",".gfx","0x7403FAA2","29595","246120","0x11","85231","114826","T8X"
"2","517348","0x31a27df4","0x0","0x20e4ed","87407","offset","36","objects/pack20/apocalypse_rider_torso_241008148.mdl",".mdl","0xF8ACB67F","496400","496272","0x10","1661270","2157670","T8X"
"2","51772","0x30bff294","0x0","0x40081","3747","offset","30","objects/pack20/aiden_bottom_1669118754.mdl",".mdl","0xC8711195","141013","140885","0x10","252134","393147","GFX2............................"
"2","51776","0x3275d614","0x0","0x40a31","5547","offset","30","objects/pack20/aiden_bottom_1669118754.mdl",".mdl","0xC8711195","141013","140885","0x10","252134","393147","GFX2............................"
"2","51782","0x3275d994","0x0","0x404b1","4610","offset","30","objects/pack20/aiden_bottom_1669118754.mdl",".mdl","0xC8711195","141013","140885","0x10","252134","393147","GFX2............................"
"2","51787","0x3275d9f4","0x0","0x41076","1000","offset","30","objects/pack20/aiden_bottom_1669118754.mdl",".mdl","0xC8711195","141013","140885","0x10","252134","393147","GFX2............................"
"2","51788","0x32e4eae4","0x0","0x538b","42204","offset","8","images/garage/rider/Female_2.png.tex",".tex","0xC3BE3B07","31329","286750","0x11","14641","45970","GFX2............................"
"2","51830","0x30bff7c4","0x0","0x7fc9","16886","offset","8","images/garage/rider/Female_2.png.tex",".tex","0xC3BE3B07","31329","286750","0x11","14641","45970","GFX2............................"
"2","518314","0x31a27c94","0x0","0x29fca","1391","offset","29","objectcollection20.xml",".xml","0xE583A04E","136983","1959059","0x11","115151","252134","T8X"
"2","51847","0x30bff194","0x0","0x1d5ad","2530","offset","29","objectcollection20.xml",".xml","0xE583A04E","136983","1959059","0x11","115151","252134","GFX2............................"
"2","51850","0x32186394","0x0","0x3ea07","1784","offset","30","objects/pack20/aiden_bottom_1669118754.mdl",".mdl","0xC8711195","141013","140885","0x10","252134","393147","GFX2............................"
"2","51852","0x32478694","0x0","0x3299d","8308","offset","29","objectcollection20.xml",".xml","0xE583A04E","136983","1959059","0x11","115151","252134","GFX2............................"
"2","51861","0x30bff1f4","0x0","0x33428","4383","offset","29","objectcollection20.xml",".xml","0xE583A04E","136983","1959059","0x11","115151","252134","GFX2............................"
"2","51866","0x32185b34","0x0","0x3e4e0","1397","offset","30","objects/pack20/aiden_bottom_1669118754.mdl",".mdl","0xC8711195","141013","140885","0x10","252134","393147","GFX2............................"
"2","51868","0x32185f74","0x0","0x3e2ac","1397","offset","30","objects/pack20/aiden_bottom_1669118754.mdl",".mdl","0xC8711195","141013","140885","0x10","252134","393147","GFX2............................"
"2","51870","0x32478e34","0x0","0x3e714","1397","offset","30","objects/pack20/aiden_bottom_1669118754.mdl",".mdl","0xC8711195","141013","140885","0x10","252134","393147","GFX2............................"
"2","51872","0x3275cc34","0x0","0x3e94b","1000","offset","30","objects/pack20/aiden_bottom_1669118754.mdl",".mdl","0xC8711195","141013","140885","0x10","252134","393147","GFX2............................"
"2","51873","0x30bff544","0x0","0x3d8a4","1971","offset","29","objectcollection20.xml",".xml","0xE583A04E","136983","1959059","0x11","115151","252134","GFX2............................"
"2","51875","0x32185e14","0x0","0x3df95","1595","offset","30","objects/pack20/aiden_bottom_1669118754.mdl",".mdl","0xC8711195","141013","140885","0x10","252134","393147","GFX2............................"
"2","51877","0x3275ce64","0x0","0x3dd40","1595","offset","30","objects/pack20/aiden_bottom_1669118754.mdl",".mdl","0xC8711195","141013","140885","0x10","252134","393147","GFX2............................"
"2","51879","0x30bff424","0x0","0x3daf0","1595","offset","30","objects/pack20/aiden_bottom_1669118754.mdl",".mdl","0xC8711195","141013","140885","0x10","252134","393147","GFX2............................"
"2","51881","0x30bff02c","0x0","0x3e1eb","1024","offset","30","objects/pack20/aiden_bottom_1669118754.mdl",".mdl","0xC8711195","141013","140885","0x10","252134","393147","GFX2............................"
"2","51882","0x32e4eb24","0x0","0x3ef74","1971","offset","30","objects/pack20/aiden_bottom_1669118754.mdl",".mdl","0xC8711195","141013","140885","0x10","252134","393147","GFX2............................"
"2","51884","0x30bff1d4","0x0","0x3fd81","1523","offset","30","objects/pack20/aiden_bottom_1669118754.mdl",".mdl","0xC8711195","141013","140885","0x10","252134","393147","GFX2............................"
"2","51886","0x32478c54","0x0","0x3fb45","1523","offset","30","objects/pack20/aiden_bottom_1669118754.mdl",".mdl","0xC8711195","141013","140885","0x10","252134","393147","GFX2............................"
"2","51888","0x321866f4","0x0","0x3f8f9","1541","offset","30","objects/pack20/aiden_bottom_1669118754.mdl",".mdl","0xC8711195","141013","140885","0x10","252134","393147","GFX2............................"
"2","51890","0x321866b4","0x0","0x3ffb8","1024","offset","30","objects/pack20/aiden_bottom_1669118754.mdl",".mdl","0xC8711195","141013","140885","0x10","252134","393147","GFX2............................"
"2","518903","0x31a27d74","0x0","0x193ba","21871","offset","27","manmade/buildings/garage/garage_background_1.gfx",".gfx","0x7403FAA2","29595","246120","0x11","85231","114826","T8X"
"2","51891","0x30bff65c","0x0","0x34cef","16566","offset","29","objectcollection20.xml",".xml","0xE583A04E","136983","1959059","0x11","115151","252134","GFX2............................"
"2","51909","0x3275d854","0x0","0x3370b","45754","offset","29","objectcollection20.xml",".xml","0xE583A04E","136983","1959059","0x11","115151","252134","GFX2............................"
"2","51954","0x3275ca34","0x0","0x32e74","9705","offset","29","objectcollection20.xml",".xml","0xE583A04E","136983","1959059","0x11","115151","252134","GFX2............................"
"2","51964","0x32185dd4","0x0","0x3f1d8","1971","offset","30","objects/pack20/aiden_bottom_1669118754.mdl",".mdl","0xC8711195","141013","140885","0x10","252134","393147","GFX2............................"
"2","51966","0x3275d574","0x0","0x3f438","1971","offset","30","objects/pack20/aiden_bottom_1669118754.mdl",".mdl","0xC8711195","141013","140885","0x10","252134","393147","GFX2............................"
"2","51968","0x3275cc6c","0x0","0x3f69a","1971","offset","30","objects/pack20/aiden_bottom_1669118754.mdl",".mdl","0xC8711195","141013","140885","0x10","252134","393147","GFX2............................"
"2","519693","0x325ede94","0x0","0x2f58f","1398127","offset","29","objectcollection20.xml",".xml","0xE583A04E","136983","1959059","0x11","115151","252134","T8X"
"2","51970","0x32478a64","0x0","0x33ae","8143","offset","6","editorcamera20.xml",".xml","0x64617DCF","288","277","0x11","13155","13443","GFX2............................"
"2","519759","0x325eded4","0x0","0x23816","1398127","offset","29","objectcollection20.xml",".xml","0xE583A04E","136983","1959059","0x11","115151","252134","T8X"
"2","51979","0x3275d004","0x0","0x1df3d","1929","offset","29","objectcollection20.xml",".xml","0xE583A04E","136983","1959059","0x11","115151","252134","GFX2............................"
"2","519801","0x325edeb4","0x0","0x211a1e","87407","offset","37","objects/pack20/arno_head2_3284873855.mdl",".mdl","0x325BCA80","181106","180978","0x10","2157670","2338776","T8X"
"2","51981","0x32185bf4","0x0","0x1e07c","4912","offset","29","objectcollection20.xml",".xml","0xE583A04E","136983","1959059","0x11","115151","252134","GFX2............................"
"2","51986","0x32478bf4","0x0","0x41136","4646","offset","30","objects/pack20/aiden_bottom_1669118754.mdl",".mdl","0xC8711195","141013","140885","0x10","252134","393147","GFX2............................"
"2","51991","0x32185e94","0x0","0x41756","4675","offset","30","objects/pack20/aiden_bottom_1669118754.mdl",".mdl","0xC8711195","141013","140885","0x10","252134","393147","GFX2............................"
"2","51996","0x32186944","0x0","0x41d8d","4591","offset","30","objects/pack20/aiden_bottom_1669118754.mdl",".mdl","0xC8711195","141013","140885","0x10","252134","393147","GFX2............................"
"2","52001","0x32478b64","0x0","0x4238f","1011","offset","30","objects/pack20/aiden_bottom_1669118754.mdl",".mdl","0xC8711195","141013","140885","0x10","252134","393147","GFX2............................"
"2","52002","0x32186284","0x0","0x220fc","20277","offset","29","objectcollection20.xml",".xml","0xE583A04E","136983","1959059","0x11","115151","252134","GFX2............................"
"2","52022","0x32478714","0x0","0x22a1b","36614","offset","29","objectcollection20.xml",".xml","0xE583A04E","136983","1959059","0x11","115151","252134","GFX2............................"
"2","520572","0x325edef4","0x0","0x220c9d","87407","offset","37","objects/pack20/arno_head2_3284873855.mdl",".mdl","0x325BCA80","181106","180978","0x10","2157670","2338776","T8X"
"2","52058","0x3275d594","0x0","0x219e4","12936","offset","29","objectcollection20.xml",".xml","0xE583A04E","136983","1959059","0x11","115151","252134","GFX2............................"
"2","52071","0x32185d0c","0x0","0x43d59","13358","offset","30","objects/pack20/aiden_bottom_1669118754.mdl",".mdl","0xC8711195","141013","140885","0x10","252134","393147","GFX2............................"
"2","52085","0x30bff2d4","0x0","0x16791","14127","offset","27","manmade/buildings/garage/garage_background_1.gfx",".gfx","0x7403FAA2","29595","246120","0x11","85231","114826","GFX2............................"
"2","52099","0x3275d474","0x0","0x23ab8","28571","offset","29","objectcollection20.xml",".xml","0xE583A04E","136983","1959059","0x11","115151","252134","GFX2............................"
"2","52127","0x30bff444","0x0","0x4318c","2063","offset","30","objects/pack20/aiden_bottom_1669118754.mdl",".mdl","0xC8711195","141013","140885","0x10","252134","393147","GFX2............................"
"2","52130","0x31e29054","0x0","0x453b9","2128","offset","30","objects/pack20/aiden_bottom_1669118754.mdl",".mdl","0xC8711195","141013","140885","0x10","252134","393147","GFX2............................"
"2","52133","0x32185cd4","0x0","0x4287b","3445","offset","30","objects/pack20/aiden_bottom_1669118754.mdl",".mdl","0xC8711195","141013","140885","0x10","252134","393147","GFX2............................"
"2","52137","0x324786f4","0x0","0x4245a","3488","offset","30","objects/pack20/aiden_bottom_1669118754.mdl",".mdl","0xC8711195","141013","140885","0x10","252134","393147","GFX2............................"
"2","52141","0x3275cccc","0x0","0x42ca5","3422","offset","30","objects/pack20/aiden_bottom_1669118754.mdl",".mdl","0xC8711195","141013","140885","0x10","252134","393147","GFX2............................"
"2","52145","0x321860d4","0x0","0x430c3","1012","offset","30","objects/pack20/aiden_bottom_1669118754.mdl",".mdl","0xC8711195","141013","140885","0x10","252134","393147","GFX2............................"
"2","52146","0x32185af4","0x0","0x433f6","1883","offset","30","objects/pack20/aiden_bottom_1669118754.mdl",".mdl","0xC8711195","141013","140885","0x10","252134","393147","GFX2............................"
"2","52148","0x3275cab4","0x0","0x439bf","1883","offset","30","objects/pack20/aiden_bottom_1669118754.mdl",".mdl","0xC8711195","141013","140885","0x10","252134","393147","GFX2............................"
"2","52150","0x30bff3e4","0x0","0x436d5","1883","offset","30","objects/pack20/aiden_bottom_1669118754.mdl",".mdl","0xC8711195","141013","140885","0x10","252134","393147","GFX2............................"
"2","52152","0x321861d4","0x0","0x43c97","1003","offset","30","objects/pack20/aiden_bottom_1669118754.mdl",".mdl","0xC8711195","141013","140885","0x10","252134","393147","GFX2............................"
"2","52153","0x3275d894","0x0","0x3ec30","1080","offset","30","objects/pack20/aiden_bottom_1669118754.mdl",".mdl","0xC8711195","141013","140885","0x10","252134","393147","GFX2............................"
"2","52155","0x32478cb4","0x0","0x3edae","1153","offset","30","objects/pack20/aiden_bottom_1669118754.mdl",".mdl","0xC8711195","141013","140885","0x10","252134","393147","GFX2............................"
"2","52157","0x32478cd4","0x0","0x3a642","8069","offset","29","objectcollection20.xml",".xml","0xE583A04E","136983","1959059","0x11","115151","252134","GFX2............................"
"2","52165","0x30bfeff4","0x0","0x3a228","4287","offset","29","objectcollection20.xml",".xml","0xE583A04E","136983","1959059","0x11","115151","252134","GFX2............................"
"2","52170","0x32186a64","0x0","0x39e10","4287","offset","29","objectcollection20.xml",".xml","0xE583A04E","136983","1959059","0x11","115151","252134","GFX2............................"
"2","52175","0x321862d4","0x0","0x3aafe","1021","offset","29","objectcollection20.xml",".xml","0xE583A04E","136983","1959059","0x11","115151","252134","GFX2............................"
"2","52176","0x31e29094","0x0","0x38ac6","3456","offset","29","objectcollection20.xml",".xml","0xE583A04E","136983","1959059","0x11","115151","252134","GFX2............................"
"2","52180","0x3275d754","0x0","0x38610","3474","offset","29","objectcollection20.xml",".xml","0xE583A04E","136983","1959059","0x11","115151","252134","GFX2............................"
"2","52184","0x32185f14","0x0","0x38f6e","719","offset","29","objectcollection20.xml",".xml","0xE583A04E","136983","1959059","0x11","115151","252134","GFX2............................"
"2","52185","0x32478414","0x0","0x44898","15651","offset","30","objects/pack20/aiden_bottom_1669118754.mdl",".mdl","0xC8711195","141013","140885","0x10","252134","393147","GFX2............................"
"2","521998","0x31862314","0x0","0x1dee0","87407","offset","29","objectcollection20.xml",".xml","0xE583A04E","136983","1959059","0x11","115151","252134","T8X"
"2","52201","0x32186a04","0x0","0x447f1","728","offset","30","objects/pack20/aiden_bottom_1669118754.mdl",".mdl","0xC8711195","141013","140885","0x10","252134","393147","GFX2............................"
"2","52202","0x30bff684","0x0","0x189ea","58896","offset","27","manmade/buildings/garage/garage_background_1.gfx",".gfx","0x7403FAA2","29595","246120","0x11","85231","114826","GFX2............................"
"2","52260","0x3275d654","0x0","0x3bb0e","2389","offset","29","objectcollection20.xml",".xml","0xE583A04E","136983","1959059","0x11","115151","252134","GFX2............................"
"2","52263","0x3275ce24","0x0","0x3d206","20687","offset","29","objectcollection20.xml",".xml","0xE583A04E","136983","1959059","0x11","115151","252134","GFX2............................"
"2","522703","0x318623f4","0x0","0x2825f","87407","offset","29","objectcollection20.xml",".xml","0xE583A04E","136983","1959059","0x11","115151","252134","T8X"
"2","52284","0x3275d084","0x0","0x3c4b4","9170","offset","29","objectcollection20.xml",".xml","0xE583A04E","136983","1959059","0x11","115151","252134","GFX2............................"
"2","52293","0x32185d34","0x0","0x3be6c","4844","offset","29","objectcollection20.xml",".xml","0xE583A04E","136983","1959059","0x11","115151","252134","GFX2............................"
"2","52298","0x32186834","0x0","0x3c16b","7007","offset","29","objectcollection20.xml",".xml","0xE583A04E","136983","1959059","0x11","115151","252134","GFX2............................"
"2","52305","0x30bff5c4","0x0","0x3b5ae","2405","offset","29","objectcollection20.xml",".xml","0xE583A04E","136983","1959059","0x11","115151","252134","GFX2............................"
"2","52308","0x30bff054","0x0","0x3b85f","2405","offset","29","objectcollection20.xml",".xml","0xE583A04E","136983","1959059","0x11","115151","252134","GFX2............................"
"2","52311","0x32186554","0x0","0x3cd23","13964","offset","29","objectcollection20.xml",".xml","0xE583A04E","136983","1959059","0x11","115151","252134","GFX2............................"
"2","52325","0x32e4eb04","0x0","0x3c91f","7884","offset","29","objectcollection20.xml",".xml","0xE583A04E","136983","1959059","0x11","115151","252134","GFX2............................"
"2","52333","0x3275d634","0x0","0x3d7dd","1018","offset","29","objectcollection20.xml",".xml","0xE583A04E","136983","1959059","0x11","115151","252134","GFX2............................"
"2","52334","0x3275cd94","0x0","0x3c858","1012","offset","29","objectcollection20.xml",".xml","0xE583A04E","136983","1959059","0x11","115151","252134","GFX2............................"
"2","52335","0x32478d94","0x0","0x3bda8","1018","offset","29","objectcollection20.xml",".xml","0xE583A04E","136983","1959059","0x11","115151","252134","GFX2............................"
"2","52336","0x321864f4","0x0","0x39016","4497","offset","29","objectcollection20.xml",".xml","0xE583A04E","136983","1959059","0x11","115151","252134","GFX2............................"
"2","52341","0x32185e54","0x0","0x3946a","4287","offset","29","objectcollection20.xml",".xml","0xE583A04E","136983","1959059","0x11","115151","252134","GFX2............................"
"2","52346","0x31e2902c","0x0","0x39888","8069","offset","29","objectcollection20.xml",".xml","0xE583A04E","136983","1959059","0x11","115151","252134","GFX2............................"
"2","52354","0x3275cec4","0x0","0x39d41","1018","offset","29","objectcollection20.xml",".xml","0xE583A04E","136983","1959059","0x11","115151","252134","GFX2............................"
"2","52356","0x30bff6a4","0x0","0x4569d","446","offset","30","objects/pack20/aiden_bottom_1669118754.mdl",".mdl","0xC8711195","141013","140885","0x10","252134","393147","GFX2............................"
"2","52357","0x32185b94","0x0","0x458a9","450","offset","30","objects/pack20/aiden_bottom_1669118754.mdl",".mdl","0xC8711195","141013","140885","0x10","252134","393147","GFX2............................"
"2","52358","0x321864d4","0x0","0x4580c","449","offset","30","objects/pack20/aiden_bottom_1669118754.mdl",".mdl","0xC8711195","141013","140885","0x10","252134","393147","GFX2............................"
"2","52359","0x3247891c","0x0","0x45736","763","offset","30","objects/pack20/aiden_bottom_1669118754.mdl",".mdl","0xC8711195","141013","140885","0x10","252134","393147","GFX2............................"
"2","52365","0x3023d674","0x0","0x247b7","930022","offset","29","objectcollection20.xml",".xml","0xE583A04E","136983","1959059","0x11","115151","252134","..T..h.....9......P.....@......R"
"2","52366","0x3023e244","0x0","0x1a2ad","47685","offset","27","manmade/buildings/garage/garage_background_1.gfx",".gfx","0x7403FAA2","29595","246120","0x11","85231","114826","GFX2............................"
"2","52413","0x32301134","0x0","0xb62d","13819","offset","9","images/garage/rider/Female_2_Body.png.tex",".tex","0x45034C6D","9393","102430","0x11","45970","55363","GFX2............................"
"2","52427","0x32e4ea04","0x0","0xf787","73240","offset","10","images/garage/rider/Female_2_Head.png.tex",".tex","0xE4313D47","9780","102430","0x11","55363","65143","GFX2............................"
"2","524580","0x31e9c944","0x0","0x29e9e","1398127","offset","29","objectcollection20.xml",".xml","0xE583A04E","136983","1959059","0x11","115151","252134","T8X"
"2","524694","0x31e9c964","0x0","0x25ecf","349551","offset","29","objectcollection20.xml",".xml","0xE583A04E","136983","1959059","0x11","115151","252134","T8X"
"2","52499","0x30b9d184","0x0","0x11c36","21834","offset","11","images/garage/rider/Female_2_Pants.png.tex",".tex","0x914E3454","8075","102430","0x11","65143","73218","GFX2............................"
"2","52521","0x32300714","0x0","0xd724","62730","offset","9","images/garage/rider/Female_2_Body.png.tex",".tex","0x45034C6D","9393","102430","0x11","45970","55363","GFX2............................"
"2","525702","0x31e9c984","0x0","0x27855","349551","offset","29","objectcollection20.xml",".xml","0xE583A04E","136983","1959059","0x11","115151","252134","T8X"
"2","52583","0x3023df34","0x0","0xbd4e","53626","offset","9","images/garage/rider/Female_2_Body.png.tex",".tex","0x45034C6D","9393","102430","0x11","45970","55363","GFX2............................"
"2","52637","0x32300a0c","0x0","0x11a98","2830","offset","11","images/garage/rider/Female_2_Pants.png.tex",".tex","0x914E3454","8075","102430","0x11","65143","73218","GFX2............................"
"2","52640","0x32300c54","0x0","0x1b386","4021","offset","27","manmade/buildings/garage/garage_background_1.gfx",".gfx","0x7403FAA2","29595","246120","0x11","85231","114826","GFX2............................"
"2","52644","0x3023d774","0x0","0x148c4","15285","offset","23","localization/dlc20_portuguese-brazil.xml",".xml","0xFABF980A","358","359","0x11","83815","84173","GFX2............................"
"2","52659","0x30b9cde4","0x0","0x15c81","10255","offset","27","manmade/buildings/garage/garage_background_1.gfx",".gfx","0x7403FAA2","29595","246120","0x11","85231","114826","GFX2............................"
"2","52670","0x30b9cb64","0x0","0x15197","24267","offset","27","manmade/buildings/garage/garage_background_1.gfx",".gfx","0x7403FAA2","29595","246120","0x11","85231","114826","GFX2............................"
"2","52694","0x3023d854","0x0","0x50d0","14704","offset","8","images/garage/rider/Female_2.png.tex",".tex","0xC3BE3B07","31329","286750","0x11","14641","45970","GFX2............................"
"2","52709","0x30b9c8a4","0x0","0x5879","3729","offset","8","images/garage/rider/Female_2.png.tex",".tex","0xC3BE3B07","31329","286750","0x11","14641","45970","GFX2............................"
"2","52713","0x32300bf4","0x0","0x5b2d","6720","offset","8","images/garage/rider/Female_2.png.tex",".tex","0xC3BE3B07","31329","286750","0x11","14641","45970","GFX2............................"
"2","52720","0x32300564","0x0","0x5fb2","71626","offset","8","images/garage/rider/Female_2.png.tex",".tex","0xC3BE3B07","31329","286750","0x11","14641","45970","GFX2............................"
"2","52790","0x30b9caa4","0x0","0x7bba","3451","offset","8","images/garage/rider/Female_2.png.tex",".tex","0xC3BE3B07","31329","286750","0x11","14641","45970","GFX2............................"
"2","52794","0x30b9c6d4","0x0","0x7db2","68750","offset","8","images/garage/rider/Female_2.png.tex",".tex","0xC3BE3B07","31329","286750","0x11","14641","45970","GFX2............................"
"2","52862","0x30b9c534","0x0","0x436b","3167","offset","8","images/garage/rider/Female_2.png.tex",".tex","0xC3BE3B07","31329","286750","0x11","14641","45970","GFX2............................"
"2","52866","0x30b9c7d4","0x0","0x4fa3","1035","offset","8","images/garage/rider/Female_2.png.tex",".tex","0xC3BE3B07","31329","286750","0x11","14641","45970","GFX2............................"
"2","52868","0x30b9d144","0x0","0x45e1","6392","offset","8","images/garage/rider/Female_2.png.tex",".tex","0xC3BE3B07","31329","286750","0x11","14641","45970","GFX2............................"
"2","52875","0x3023e094","0x0","0x4a25","8481","offset","8","images/garage/rider/Female_2.png.tex",".tex","0xC3BE3B07","31329","286750","0x11","14641","45970","GFX2............................"
"2","52884","0x32300914","0x0","0x39fa","3663","offset","8","images/garage/rider/Female_2.png.tex",".tex","0xC3BE3B07","31329","286750","0x11","14641","45970","GFX2............................"
"2","52888","0x32e4e8a4","0x0","0x362e","6354","offset","7","environment_presets20.xml",".xml","0x09215BF2","1198","10085","0x11","13443","14641","GFX2............................"
"2","52895","0x323009f4","0x0","0x3c17","15960","offset","8","images/garage/rider/Female_2.png.tex",".tex","0xC3BE3B07","31329","286750","0x11","14641","45970","GFX2............................"
"2","52911","0x3023d6d4","0x0","0x9c40","20257","offset","8","images/garage/rider/Female_2.png.tex",".tex","0xC3BE3B07","31329","286750","0x11","14641","45970","GFX2............................"
"2","52931","0x3023d86c","0x0","0xa6d8","8839","offset","8","images/garage/rider/Female_2.png.tex",".tex","0xC3BE3B07","31329","286750","0x11","14641","45970","GFX2............................"
"2","52950","0x32300bd4","0x0","0x130c4","9709","offset","14","images/garage/rider/small/Female_2_Pants.png.tex",".tex","0x7DA63911","1748","4126","0x11","77452","79200","GFX2............................"
"2","52960","0x3023dc94","0x0","0x13f6a","1919","offset","22","localization/dlc20_oasis__global.xml",".xml","0x8544C704","2341","29628","0x11","81474","83815","GFX2............................"
"2","52962","0x32300e34","0x0","0x145bf","6699","offset","22","localization/dlc20_oasis__global.xml",".xml","0x8544C704","2341","29628","0x11","81474","83815","GFX2............................"
"2","52969","0x323007f4","0x0","0x141dc","9071","offset","22","localization/dlc20_oasis__global.xml",".xml","0x8544C704","2341","29628","0x11","81474","83815","GFX2............................"
"2","52978","0x30b9d0c4","0x0","0x140a2","1923","offset","22","localization/dlc20_oasis__global.xml",".xml","0x8544C704","2341","29628","0x11","81474","83815","GFX2............................"
"2","52980","0x30b9c594","0x0","0x13825","9117","offset","17","localization/dlc20_dutch.xml",".xml","0x0B6753B8","349","347","0x11","79725","80074","GFX2............................"
"2","52989","0x3023df54","0x0","0x1346b","9709","offset","14","images/garage/rider/small/Female_2_Pants.png.tex",".tex","0x7DA63911","1748","4126","0x11","77452","79200","GFX2............................"
"2","52999","0x3023da34","0x0","0x13c8d","4000","offset","20","localization/dlc20_italian.xml",".xml","0xA163580A","350","349","0x11","80774","81124","GFX2............................"
"2","529990","0x6352f44","0x0","0x1c428b9","21871","offset","541","vtex/vtex_objects0.raw.hdr",".hdr","0x094DAB53","3828210","5298364","0x11","26782169","30610379","T8X"
"2","53003","0x3023e074","0x0","0xafed","5430","offset","8","images/garage/rider/Female_2.png.tex",".tex","0xC3BE3B07","31329","286750","0x11","14641","45970","GFX2............................"
"2","53009","0x30b9cc64","0x0","0xb4b6","2799","offset","9","images/garage/rider/Female_2_Body.png.tex",".tex","0x45034C6D","9393","102430","0x11","45970","55363","GFX2............................"
"2","53012","0x30b9c86c","0x0","0xabc0","6427","offset","8","images/garage/rider/Female_2.png.tex",".tex","0xC3BE3B07","31329","286750","0x11","14641","45970","GFX2............................"
"2","53019","0x30b9cb04","0x0","0xb203","5464","offset","8","images/garage/rider/Female_2.png.tex",".tex","0xC3BE3B07","31329","286750","0x11","14641","45970","GFX2............................"
"2","53032","0x32e4e9a4","0x0","0x29b5","3716","offset","2","bikes/bike_donkey.xml",".xml","0xCB240593","1384","3957","0x11","9765","11149","GFX2............................"
"2","53036","0x30b9c854","0x0","0x333a","2823","offset","5","constrainscollection20.xml",".xml","0xF264C17D","180","52","0x10","12975","13155","GFX2............................"
"2","53039","0x3023db14","0x0","0x34c2","2842","offset","7","environment_presets20.xml",".xml","0x09215BF2","1198","10085","0x11","13443","14641","GFX2............................"
"2","53042","0x32e4e924","0x0","0x281d","2814","offset","2","bikes/bike_donkey.xml",".xml","0xCB240593","1384","3957","0x11","9765","11149","GFX2............................"
"2","53045","0x3023ddf4","0x0","0x2b8b","13849","offset","2","bikes/bike_donkey.xml",".xml","0xCB240593","1384","3957","0x11","9765","11149","GFX2............................"
"2","53059","0x32300eb4","0x0","0x12715","23099","offset","13","images/garage/rider/small/Female_2_Head.png.tex",".tex","0x52FE2908","1950","4126","0x11","75502","77452","GFX2............................"
"2","53082","0x30b9cf44","0x0","0x12d2a","10742","offset","13","images/garage/rider/small/Female_2_Head.png.tex",".tex","0x52FE2908","1950","4126","0x11","75502","77452","GFX2............................"
"2","53093","0x323007b4","0x0","0x16b48","1034","offset","27","manmade/buildings/garage/garage_background_1.gfx",".gfx","0x7403FAA2","29595","246120","0x11","85231","114826","GFX2............................"
"2","53095","0x3023e2e4","0x0","0x17509","1927","offset","27","manmade/buildings/garage/garage_background_1.gfx",".gfx","0x7403FAA2","29595","246120","0x11","85231","114826","GFX2............................"
"2","53097","0x3023d414","0x0","0x17f00","3732","offset","27","manmade/buildings/garage/garage_background_1.gfx",".gfx","0x7403FAA2","29595","246120","0x11","85231","114826","GFX2............................"
"2","53101","0x30b9cfe4","0x0","0x18724","8835","offset","27","manmade/buildings/garage/garage_background_1.gfx",".gfx","0x7403FAA2","29595","246120","0x11","85231","114826","GFX2............................"
"2","53110","0x32e4e964","0x0","0x194b5","2530","offset","27","manmade/buildings/garage/garage_background_1.gfx",".gfx","0x7403FAA2","29595","246120","0x11","85231","114826","GFX2............................"
"2","53113","0x32300424","0x0","0x16a47","1036","offset","27","manmade/buildings/garage/garage_background_1.gfx",".gfx","0x7403FAA2","29595","246120","0x11","85231","114826","GFX2............................"
"2","53115","0x3023d994","0x0","0x16c4b","15311","offset","27","manmade/buildings/garage/garage_background_1.gfx",".gfx","0x7403FAA2","29595","246120","0x11","85231","114826","GFX2............................"
"2","53130","0x30b9c694","0x0","0x176d8","1621","offset","27","manmade/buildings/garage/garage_background_1.gfx",".gfx","0x7403FAA2","29595","246120","0x11","85231","114826","GFX2............................"
"2","53132","0x30b9c944","0x0","0x1787e","7591","offset","27","manmade/buildings/garage/garage_background_1.gfx",".gfx","0x7403FAA2","29595","246120","0x11","85231","114826","GFX2............................"
"2","53140","0x30b9d304","0x0","0x17dd8","1029","offset","27","manmade/buildings/garage/garage_background_1.gfx",".gfx","0x7403FAA2","29595","246120","0x11","85231","114826","GFX2............................"
"2","53142","0x30b9c924","0x0","0x181b5","1029","offset","27","manmade/buildings/garage/garage_background_1.gfx",".gfx","0x7403FAA2","29595","246120","0x11","85231","114826","GFX2............................"
"2","53144","0x30b9c9e4","0x0","0x182f2","1029","offset","27","manmade/buildings/garage/garage_background_1.gfx",".gfx","0x7403FAA2","29595","246120","0x11","85231","114826","GFX2............................"
"2","53146","0x30b9ca64","0x0","0x1841b","1029","offset","27","manmade/buildings/garage/garage_background_1.gfx",".gfx","0x7403FAA2","29595","246120","0x11","85231","114826","GFX2............................"
"2","53148","0x32300fd4","0x0","0x18559","1939","offset","27","manmade/buildings/garage/garage_background_1.gfx",".gfx","0x7403FAA2","29595","246120","0x11","85231","114826","GFX2........................>g.."
"2","53150","0x30b9ce44","0x0","0x18d62","5550","offset","27","manmade/buildings/garage/garage_background_1.gfx",".gfx","0x7403FAA2","29595","246120","0x11","85231","114826","GFX2............................"
"2","53156","0x32300634","0x0","0x19148","4602","offset","27","manmade/buildings/garage/garage_background_1.gfx",".gfx","0x7403FAA2","29595","246120","0x11","85231","114826","GFX2.......................B>..C"
"2","53161","0x30b9c734","0x0","0x196db","4658","offset","27","manmade/buildings/garage/garage_background_1.gfx",".gfx","0x7403FAA2","29595","246120","0x11","85231","114826","GFX2............................"
"2","53166","0x3023e154","0x0","0x1991f","6101","offset","27","manmade/buildings/garage/garage_background_1.gfx",".gfx","0x7403FAA2","29595","246120","0x11","85231","114826","GFX2............................"
"2","53172","0x3023d914","0x0","0x19cc0","8814","offset","27","manmade/buildings/garage/garage_background_1.gfx",".gfx","0x7403FAA2","29595","246120","0x11","85231","114826","GFX2............................"
"2","53181","0x30b9c7ec","0x0","0x2192f","32264","offset","29","objectcollection20.xml",".xml","0xE583A04E","136983","1959059","0x11","115151","252134","GFX2............................"
"2","53213","0x3023dab4","0x0","0x988c","6148","offset","8","images/garage/rider/Female_2.png.tex",".tex","0xC3BE3B07","31329","286750","0x11","14641","45970","GFX2......................O....."
"2","53220","0x323002a4","0x0","0x1d5e3","4198","offset","29","objectcollection20.xml",".xml","0xE583A04E","136983","1959059","0x11","115151","252134","GFX2............................"
"2","53225","0x323004b4","0x0","0x1df0b","4506","offset","29","objectcollection20.xml",".xml","0xE583A04E","136983","1959059","0x11","115151","252134","GFX2............................"
"2","53230","0x32300384","0x0","0x1da6d","4274","offset","29","objectcollection20.xml",".xml","0xE583A04E","136983","1959059","0x11","115151","252134","GFX2............................"
"2","53235","0x323005f4","0x0","0x1e3e4","1015","offset","29","objectcollection20.xml",".xml","0xE583A04E","136983","1959059","0x11","115151","252134","GFX2............................"
"2","53237","0x3023e264","0x0","0x1e4ad","3690","offset","29","objectcollection20.xml",".xml","0xE583A04E","136983","1959059","0x11","115151","252134","GFX2............................"
"2","53241","0x30b9cdfc","0x0","0x1e977","3670","offset","29","objectcollection20.xml",".xml","0xE583A04E","136983","1959059","0x11","115151","252134","GFX2............................"
"2","53245","0x32300774","0x0","0x1b9e2","4290","offset","27","manmade/buildings/garage/garage_background_1.gfx",".gfx","0x7403FAA2","29595","246120","0x11","85231","114826","GFX2............................"
"2","53250","0x32300b94","0x0","0x1bec2","4290","offset","27","manmade/buildings/garage/garage_background_1.gfx",".gfx","0x7403FAA2","29595","246120","0x11","85231","114826","GFX2............................"
"2","53255","0x30b9cd44","0x0","0x1c431","709","offset","29","objectcollection20.xml",".xml","0xE583A04E","136983","1959059","0x11","115151","252134","GFX2............................"
"2","53256","0x3023daf4","0x0","0x1b5e0","866","offset","27","manmade/buildings/garage/garage_background_1.gfx",".gfx","0x7403FAA2","29595","246120","0x11","85231","114826","GFX2............................"
"2","53257","0x3023e0f4","0x0","0x1b6f5","866","offset","27","manmade/buildings/garage/garage_background_1.gfx",".gfx","0x7403FAA2","29595","246120","0x11","85231","114826","GFX2............................"
"2","53258","0x32300324","0x0","0x1b80d","866","offset","27","manmade/buildings/garage/garage_background_1.gfx",".gfx","0x7403FAA2","29595","246120","0x11","85231","114826","GFX2............................"
"2","53259","0x3023e224","0x0","0x1b924","991","offset","27","manmade/buildings/garage/garage_background_1.gfx",".gfx","0x7403FAA2","29595","246120","0x11","85231","114826","GFX2............................"
"2","53260","0x30b9c5f4","0x0","0x202f0","1298","offset","29","objectcollection20.xml",".xml","0xE583A04E","136983","1959059","0x11","115151","252134","GFX2............................"
"2","53262","0x32300f34","0x0","0x20678","1298","offset","29","objectcollection20.xml",".xml","0xE583A04E","136983","1959059","0x11","115151","252134","GFX2............................"
"2","53264","0x32300ab4","0x0","0x2012c","1298","offset","29","objectcollection20.xml",".xml","0xE583A04E","136983","1959059","0x11","115151","252134","GFX2............................"
"2","53266","0x30b9cbc4","0x0","0x204b2","1298","offset","29","objectcollection20.xml",".xml","0xE583A04E","136983","1959059","0x11","115151","252134","GFX2............................"
"2","53268","0x3023e16c","0x0","0x20caf","1298","offset","29","objectcollection20.xml",".xml","0xE583A04E","136983","1959059","0x11","115151","252134","GFX2............................"
"2","53270","0x3023d7b4","0x0","0x20e78","1298","offset","29","objectcollection20.xml",".xml","0xE583A04E","136983","1959059","0x11","115151","252134","GFX2............................"
"2","53272","0x3023dc54","0x0","0x20aee","1298","offset","29","objectcollection20.xml",".xml","0xE583A04E","136983","1959059","0x11","115151","252134","GFX2............................"
"2","53274","0x32300544","0x0","0x2092c","1298","offset","29","objectcollection20.xml",".xml","0xE583A04E","136983","1959059","0x11","115151","252134","GFX2............................"
"2","53276","0x32e4ea54","0x0","0x2083a","1324","offset","29","objectcollection20.xml",".xml","0xE583A04E","136983","1959059","0x11","115151","252134","GFX2............................"
"2","53278","0x3023df94","0x0","0x21041","1324","offset","29","objectcollection20.xml",".xml","0xE583A04E","136983","1959059","0x11","115151","252134","GFX2............................"
"2","53280","0x323006d4","0x0","0x1f3de","2448","offset","29","objectcollection20.xml",".xml","0xE583A04E","136983","1959059","0x11","115151","252134","GFX2............................"
"2","53283","0x30b9d324","0x0","0x1f662","2554","offset","29","objectcollection20.xml",".xml","0xE583A04E","136983","1959059","0x11","115151","252134","GFX2............................"
"2","53286","0x32300a74","0x0","0x1f93c","2507","offset","29","objectcollection20.xml",".xml","0xE583A04E","136983","1959059","0x11","115151","252134","GFX2............................"
"2","53289","0x30b9d284","0x0","0x1fc17","1006","offset","29","objectcollection20.xml",".xml","0xE583A04E","136983","1959059","0x11","115151","252134","GFX2............................"
"2","53290","0x32300304","0x0","0x1cf73","2757","offset","29","objectcollection20.xml",".xml","0xE583A04E","136983","1959059","0x11","115151","252134","GFX2............................"
"2","53293","0x30b9ccc4","0x0","0x1cd26","2757","offset","29","objectcollection20.xml",".xml","0xE583A04E","136983","1959059","0x11","115151","252134","GFX2............................"
"2","53296","0x30b9cf84","0x0","0x1d1c2","2757","offset","29","objectcollection20.xml",".xml","0xE583A04E","136983","1959059","0x11","115151","252134","GFX2............................"
"2","53299","0x32300ef4","0x0","0x1d411","1006","offset","29","objectcollection20.xml",".xml","0xE583A04E","136983","1959059","0x11","115151","252134","GFX2............................"
"2","53301","0x30b9d104","0x0","0x1d4d5","871","offset","29","objectcollection20.xml",".xml","0xE583A04E","136983","1959059","0x11","115151","252134","GFX2............................"
"2","53308","0x32300854","0x0","0x21133","1874","offset","29","objectcollection20.xml",".xml","0xE583A04E","136983","1959059","0x11","115151","252134","GFX2............................"
"2","53310","0x32e4ea6c","0x0","0x213a6","1857","offset","29","objectcollection20.xml",".xml","0xE583A04E","136983","1959059","0x11","115151","252134","GFX2............................"
"2","53312","0x3023de94","0x0","0x2160a","1904","offset","29","objectcollection20.xml",".xml","0xE583A04E","136983","1959059","0x11","115151","252134","GFX2............................"
"2","53314","0x30b9cc44","0x0","0x2186f","1003","offset","29","objectcollection20.xml",".xml","0xE583A04E","136983","1959059","0x11","115151","252134","GFX2............................"
"2","533159","0x6350ec4","0x0","0x1b81f92","21871","offset","541","vtex/vtex_objects0.raw.hdr",".hdr","0x094DAB53","3828210","5298364","0x11","26782169","30610379","T8X"
"2","53317","0x323001e4","0x0","0x1c776","5283","offset","29","objectcollection20.xml",".xml","0xE583A04E","136983","1959059","0x11","115151","252134","GFX2............................"
"2","53323","0x3023e0b4","0x0","0x22faf","37347","offset","29","objectcollection20.xml",".xml","0xE583A04E","136983","1959059","0x11","115151","252134","GFX2............................"
"2","53360","0x3023dbd4","0x0","0x1eccd","3660","offset","29","objectcollection20.xml",".xml","0xE583A04E","136983","1959059","0x11","115151","252134","GFX2............................"
"2","53364","0x30b9d3a4","0x0","0x1f023","2915","offset","29","objectcollection20.xml",".xml","0xE583A04E","136983","1959059","0x11","115151","252134","GFX2............................"
"2","53367","0x30b9cf24","0x0","0x1f33d","715","offset","29","objectcollection20.xml",".xml","0xE583A04E","136983","1959059","0x11","115151","252134","GFX2............................"
"2","53368","0x30b9d11c","0x0","0x1fce8","9302","offset","29","objectcollection20.xml",".xml","0xE583A04E","136983","1959059","0x11","115151","252134","GFX2............................"
"2","53378","0x3023d7f4","0x0","0x1c4cf","3701","offset","29","objectcollection20.xml",".xml","0xE583A04E","136983","1959059","0x11","115151","252134","GFX2............................"
"2","535549","0x6352fe4","0x0","0x8a1206","87407","offset","121","objects/pack20/clara_head_1429024504.mdl",".mdl","0x79326566","544687","544559","0x10","8807593","9352280","T8X"
"2","53592","0x30bb1654","0x0","0x179a5","648694","offset","27","manmade/buildings/garage/garage_background_1.gfx",".gfx","0x7403FAA2","29595","246120","0x11","85231","114826","..T..h.....9......P.....@......R"
"2","53593","0x325edf14","0x0","0x237a8","21871","offset","29","objectcollection20.xml",".xml","0xE583A04E","136983","1959059","0x11","115151","252134","T8X"
"2","53595","0x325ed6d4","0x0","0x33182","21871","offset","29","objectcollection20.xml",".xml","0xE583A04E","136983","1959059","0x11","115151","252134","T8X"
"2","53626","0x30c9fcf4","0x0","0x3e30","21545","offset","8","images/garage/rider/Female_2.png.tex",".tex","0xC3BE3B07","31329","286750","0x11","14641","45970","GFX2......................:Y=..."
"2","541249","0x6352fa4","0x0","0x1c40635","87407","offset","541","vtex/vtex_objects0.raw.hdr",".hdr","0x094DAB53","3828210","5298364","0x11","26782169","30610379","T8X"
"2","545853","0x6352d14","0x0","0x13f74a9","87407","offset","258","objects/pack20/partyhat_2806575822.mdl",".mdl","0xC6D1E825","404516","404388","0x10","20916545","21321061","T8X"
"2","546368","0x6355004","0x0","0x480b88","21871","offset","58","objects/pack20/body_3800316381.mdl",".mdl","0x954C2014","255948","255820","0x10","4625884","4881832","T8X"
"2","54722","0x318623b4","0x0","0x331ee","11184921","offset","29","objectcollection20.xml",".xml","0xE583A04E","136983","1959059","0x11","115151","252134","T8X"
"2","547732","0x6355334","0x0","0x10b8c66","21871","offset","192","objects/pack20/kingcobra_engine_1_2701716106.mdl",".mdl","0x2827A6B2","135581","135453","0x10","17510906","17646487","T8X"
"2","548052","0x6354e44","0x0","0x13a0b53","21871","offset","253","objects/pack20/paper_boy_suspension_front_2664734631.mdl",".mdl","0xE8F1EADB","44231","44103","0x10","20552816","20597047","T8X"
"2","550945","0x6353fe4","0x0","0x1b81ea7","87407","offset","541","vtex/vtex_objects0.raw.hdr",".hdr","0x094DAB53","3828210","5298364","0x11","26782169","30610379","T8X"
"2","553161","0x6351ee4","0x0","0xbb0014","87407","offset","138","objects/pack20/elise_torso_1538927724.mdl",".mdl","0xD0248730","353928","353800","0x10","11946839","12300767","T8X"
"2","554132","0x30c8e514","0x0","0x26631","21871","offset","29","objectcollection20.xml",".xml","0xE583A04E","136983","1959059","0x11","115151","252134","T8X"
"2","554201","0x30262ee4","0x0","0x5e4bd","87407","offset","30","objects/pack20/aiden_bottom_1669118754.mdl",".mdl","0xC8711195","141013","140885","0x10","252134","393147","T8X"
"2","555924","0x30262f44","0x0","0x34ade","349551","offset","29","objectcollection20.xml",".xml","0xE583A04E","136983","1959059","0x11","115151","252134","T8X"
"2","556350","0x30262f04","0x0","0x6a1d0","349551","offset","31","objects/pack20/aiden_head_2604412728.mdl",".mdl","0x44DE0BE7","358876","358748","0x10","393147","752023","T8X"
"2","556584","0x3375c7a4","0x0","0x3c639","21871","offset","29","objectcollection20.xml",".xml","0xE583A04E","136983","1959059","0x11","115151","252134","T8X"
"2","556602","0x30262fc4","0x0","0xfc2b","349551","offset","10","images/garage/rider/Female_2_Head.png.tex",".tex","0xE4313D47","9780","102430","0x11","55363","65143","T8X"
"2","556860","0x3375c744","0x0","0x30333","21871","offset","29","objectcollection20.xml",".xml","0xE583A04E","136983","1959059","0x11","115151","252134","T8X"
"2","557404","0x3375c7e4","0x0","0x34fc1","87407","offset","29","objectcollection20.xml",".xml","0xE583A04E","136983","1959059","0x11","115151","252134","T8X"
"2","558060","0x3375c864","0x0","0x4046f","87407","offset","30","objects/pack20/aiden_bottom_1669118754.mdl",".mdl","0xC8711195","141013","140885","0x10","252134","393147","T8X"
"2","559242","0x3375c804","0x0","0x1517a","87407","offset","27","manmade/buildings/garage/garage_background_1.gfx",".gfx","0x7403FAA2","29595","246120","0x11","85231","114826","T8X"
"2","560786","0x31e290e4","0x0","0x2e1cc","87407","offset","29","objectcollection20.xml",".xml","0xE583A04E","136983","1959059","0x11","115151","252134","T8X"
"2","561072","0x31e291e4","0x0","0x4a652","349551","offset","30","objects/pack20/aiden_bottom_1669118754.mdl",".mdl","0xC8711195","141013","140885","0x10","252134","393147","T8X"
"2","561753","0x31a27e54","0x0","0x2476e","349551","offset","29","objectcollection20.xml",".xml","0xE583A04E","136983","1959059","0x11","115151","252134","T8X"
"2","562906","0x31a27d54","0x0","0x1c55b","349551","offset","29","objectcollection20.xml",".xml","0xE583A04E","136983","1959059","0x11","115151","252134","T8X"
"2","563139","0x31a27e74","0x0","0x192cf","87407","offset","27","manmade/buildings/garage/garage_background_1.gfx",".gfx","0x7403FAA2","29595","246120","0x11","85231","114826","T8X"
"2","563216","0x31a27c74","0x0","0x2aad7","87407","offset","29","objectcollection20.xml",".xml","0xE583A04E","136983","1959059","0x11","115151","252134","T8X"
"2","564117","0x31a27d34","0x0","0x1c842","87407","offset","29","objectcollection20.xml",".xml","0xE583A04E","136983","1959059","0x11","115151","252134","T8X"
"2","566194","0x31a27cb4","0x0","0x2aa32","1391","offset","29","objectcollection20.xml",".xml","0xE583A04E","136983","1959059","0x11","115151","252134","T8X"
"2","566284","0x31a27e34","0x0","0x24a55","21871","offset","29","objectcollection20.xml",".xml","0xE583A04E","136983","1959059","0x11","115151","252134","T8X"
"2","566513","0x31862414","0x0","0x2eab8","1398127","offset","29","objectcollection20.xml",".xml","0xE583A04E","136983","1959059","0x11","115151","252134","T8X"
"2","566716","0x31862434","0x0","0x1d409","1398127","offset","29","objectcollection20.xml",".xml","0xE583A04E","136983","1959059","0x11","115151","252134","T8X"
"2","566894","0x31862374","0x0","0xd346","87407","offset","9","images/garage/rider/Female_2_Body.png.tex",".tex","0x45034C6D","9393","102430","0x11","45970","55363","T8X"
"2","568452","0x325ed6f4","0x0","0x1d31e","87407","offset","29","objectcollection20.xml",".xml","0xE583A04E","136983","1959059","0x11","115151","252134","T8X"
"2","569068","0x31862354","0x0","0x2a3d6","87407","offset","29","objectcollection20.xml",".xml","0xE583A04E","136983","1959059","0x11","115151","252134","T8X"
"2","569664","0x31862394","0x0","0x22272","87407","offset","29","objectcollection20.xml",".xml","0xE583A04E","136983","1959059","0x11","115151","252134","T8X"
"2","571661","0x31e9c8e4","0x0","0x63590","349551","offset","31","objects/pack20/aiden_head_2604412728.mdl",".mdl","0x44DE0BE7","358876","358748","0x10","393147","752023","T8X"
"2","571718","0x31e9c904","0x0","0x2756e","349551","offset","29","objectcollection20.xml",".xml","0xE583A04E","136983","1959059","0x11","115151","252134","T8X"
"2","58253","0x3349b5d4","0x0","0x6e09","3109","offset","8","images/garage/rider/Female_2.png.tex",".tex","0xC3BE3B07","31329","286750","0x11","14641","45970","GFX2............................"
"2","58324","0x30c8e2e4","0x0","0x75f2","44940","offset","8","images/garage/rider/Female_2.png.tex",".tex","0xC3BE3B07","31329","286750","0x11","14641","45970","GFX2............................"
"2","59209","0x334e5774","0x0","0x8ff7","18840","offset","8","images/garage/rider/Female_2.png.tex",".tex","0xC3BE3B07","31329","286750","0x11","14641","45970","GFX2............................"
"2","59228","0x30c9f894","0x0","0x5830","7863","offset","8","images/garage/rider/Female_2.png.tex",".tex","0xC3BE3B07","31329","286750","0x11","14641","45970","GFX2............................"
"2","59236","0x3622de74","0x0","0x72a3","2812","offset","8","images/garage/rider/Female_2.png.tex",".tex","0xC3BE3B07","31329","286750","0x11","14641","45970","GFX2............................"
"2","59239","0x32090904","0x0","0x7438","2812","offset","8","images/garage/rider/Female_2.png.tex",".tex","0xC3BE3B07","31329","286750","0x11","14641","45970","GFX2............................"
"2","59242","0x302d8a54","0x0","0x7040","3700","offset","8","images/garage/rider/Female_2.png.tex",".tex","0xC3BE3B07","31329","286750","0x11","14641","45970","GFX2............................"
"2","59246","0x302d8a74","0x0","0x4977","9647","offset","8","images/garage/rider/Female_2.png.tex",".tex","0xC3BE3B07","31329","286750","0x11","14641","45970","GFX2.....................:..<:.A"
"2","59256","0x3349b554","0x0","0x5cd9","33661","offset","8","images/garage/rider/Female_2.png.tex",".tex","0xC3BE3B07","31329","286750","0x11","14641","45970","GFX2............................"
"2","59289","0x302d8a34","0x0","0x2de1","13500","offset","3","bikes/bike_unicorn.xml",".xml","0x17FF978C","1364","3579","0x11","11149","12513","GFX2.........................8.."
"2","59313","0x334e5354","0x0","0x2473","16165","offset","0","areavolumes20.xml",".xml","0x3A20CDAA","290","300","0x11","9260","9550","GFX2............................"
"2","59343","0x302d8914","0x0","0x15740","884","offset","27","manmade/buildings/garage/garage_background_1.gfx",".gfx","0x7403FAA2","29595","246120","0x11","85231","114826","GFX2............................"
"2","59344","0x30c8e324","0x0","0xa225","26588","offset","8","images/garage/rider/Female_2.png.tex",".tex","0xC3BE3B07","31329","286750","0x11","14641","45970","GFX2............................"
"2","59370","0x30c9fcd4","0x0","0x15623","436","offset","27","manmade/buildings/garage/garage_background_1.gfx",".gfx","0x7403FAA2","29595","246120","0x11","85231","114826","GFX2............................"
"2","59371","0x3622df04","0x0","0x1599c","439","offset","27","manmade/buildings/garage/garage_background_1.gfx",".gfx","0x7403FAA2","29595","246120","0x11","85231","114826","GFX2............................"
"2","59372","0x302d8894","0x0","0x15a23","730","offset","27","manmade/buildings/garage/garage_background_1.gfx",".gfx","0x7403FAA2","29595","246120","0x11","85231","114826","GFX2............................"
"2","59373","0x30c8e134","0x0","0x156a8","442","offset","27","manmade/buildings/garage/garage_background_1.gfx",".gfx","0x7403FAA2","29595","246120","0x11","85231","114826","GFX2............................"
"2","59374","0x3622e124","0x0","0x15884","442","offset","27","manmade/buildings/garage/garage_background_1.gfx",".gfx","0x7403FAA2","29595","246120","0x11","85231","114826","GFX2............................"
"2","59375","0x30c9f774","0x0","0x15b4a","608","offset","27","manmade/buildings/garage/garage_background_1.gfx",".gfx","0x7403FAA2","29595","246120","0x11","85231","114826","GFX2............................"
"2","59376","0x3622df44","0x0","0x15c85","919","offset","27","manmade/buildings/garage/garage_background_1.gfx",".gfx","0x7403FAA2","29595","246120","0x11","85231","114826","GFX2............................"
"2","59377","0x334e5694","0x0","0x15bff","438","offset","27","manmade/buildings/garage/garage_background_1.gfx",".gfx","0x7403FAA2","29595","246120","0x11","85231","114826","GFX2............................"
"2","59378","0x334e5794","0x0","0x1590e","446","offset","27","manmade/buildings/garage/garage_background_1.gfx",".gfx","0x7403FAA2","29595","246120","0x11","85231","114826","GFX2............................"
"2","59379","0x334e5874","0x0","0xaf7e","14371","offset","8","images/garage/rider/Female_2.png.tex",".tex","0xC3BE3B07","31329","286750","0x11","14641","45970","GFX2............................"
"2","59394","0x3349b6f4","0x0","0x4f02","6974","offset","8","images/garage/rider/Female_2.png.tex",".tex","0xC3BE3B07","31329","286750","0x11","14641","45970","GFX2.....................:..<:.A"
"2","59401","0x3622dec4","0x0","0x35b1","1030","offset","7","environment_presets20.xml",".xml","0x09215BF2","1198","10085","0x11","13443","14641","GFX2............................"
"2","59403","0x30c9f7d4","0x0","0x3bda","4302","offset","8","images/garage/rider/Female_2.png.tex",".tex","0xC3BE3B07","31329","286750","0x11","14641","45970","GFX2............................"
"2","59408","0x3349b5f4","0x0","0x36b8","10264","offset","7","environment_presets20.xml",".xml","0x09215BF2","1198","10085","0x11","13443","14641","GFX2............................"
"2","59420","0x334e57d4","0x0","0x9c1b","10193","offset","8","images/garage/rider/Female_2.png.tex",".tex","0xC3BE3B07","31329","286750","0x11","14641","45970","GFX2............................"
"2","59430","0x30c8e2a4","0x0","0x15d81","32264","offset","27","manmade/buildings/garage/garage_background_1.gfx",".gfx","0x7403FAA2","29595","246120","0x11","85231","114826","GFX2............................"
"2","59462","0x3622df84","0x0","0x5369","7923","offset","8","images/garage/rider/Female_2.png.tex",".tex","0xC3BE3B07","31329","286750","0x11","14641","45970","GFX2............................"
"2","59470","0x3349b474","0x0","0xd1ea","2002","offset","9","images/garage/rider/Female_2_Body.png.tex",".tex","0x45034C6D","9393","102430","0x11","45970","55363","GFX2............................"
"2","59472","0x30c8e0d4","0x0","0xd7ab","3021","offset","9","images/garage/rider/Female_2_Body.png.tex",".tex","0x45034C6D","9393","102430","0x11","45970","55363","GFX2............................"
"2","59475","0x3349b734","0x0","0xd4be","2105","offset","9","images/garage/rider/Female_2_Body.png.tex",".tex","0x45034C6D","9393","102430","0x11","45970","55363","GFX2............................"
"2","59478","0x3622ddf4","0x0","0xdb3f","1003","offset","10","images/garage/rider/Female_2_Head.png.tex",".tex","0xE4313D47","9780","102430","0x11","55363","65143","GFX2............................"
"2","59479","0x325ed694","0x0","0x5259","1035","offset","8","images/garage/rider/Female_2.png.tex",".tex","0xC3BE3B07","31329","286750","0x11","14641","45970","GFX2............................"
"2","59481","0x30c9fe34","0x0","0xf3c0","4613","offset","10","images/garage/rider/Female_2_Head.png.tex",".tex","0xE4313D47","9780","102430","0x11","55363","65143","GFX2............................"
"2","59486","0x334e5894","0x0","0xef23","3629","offset","10","images/garage/rider/Female_2_Head.png.tex",".tex","0xE4313D47","9780","102430","0x11","55363","65143","GFX2..........................wy"
"2","59490","0x32090a64","0x0","0xb8dc","2813","offset","9","images/garage/rider/Female_2_Body.png.tex",".tex","0x45034C6D","9393","102430","0x11","45970","55363","GFX2............................"
"2","59493","0x30c9f794","0x0","0xbca2","2831","offset","9","images/garage/rider/Female_2_Body.png.tex",".tex","0x45034C6D","9393","102430","0x11","45970","55363","GFX2............................"
"2","59496","0x3622e0e4","0x0","0xc05e","4702","offset","9","images/garage/rider/Female_2_Body.png.tex",".tex","0x45034C6D","9393","102430","0x11","45970","55363","GFX2............................"
"2","59501","0x302d87d4","0x0","0xc4a3","1021","offset","9","images/garage/rider/Female_2_Body.png.tex",".tex","0x45034C6D","9393","102430","0x11","45970","55363","GFX2............................"
"2","59502","0x30c8e404","0x0","0xec9b","1527","offset","10","images/garage/rider/Female_2_Head.png.tex",".tex","0xE4313D47","9780","102430","0x11","55363","65143","GFX2............................"
"2","59504","0x334e580c","0x0","0xe74d","3094","offset","10","images/garage/rider/Female_2_Head.png.tex",".tex","0xE4313D47","9780","102430","0x11","55363","65143","GFX2............................"
"2","59508","0x302d8774","0x0","0xe50b","2051","offset","10","images/garage/rider/Female_2_Head.png.tex",".tex","0xE4313D47","9780","102430","0x11","55363","65143","GFX2............................"
"2","59511","0x30c9f854","0x0","0xe9f9","4625","offset","10","images/garage/rider/Female_2_Head.png.tex",".tex","0xE4313D47","9780","102430","0x11","55363","65143","GFX2............................"
"2","59516","0x302d88d4","0x0","0xee5c","1027","offset","10","images/garage/rider/Female_2_Head.png.tex",".tex","0xE4313D47","9780","102430","0x11","55363","65143","GFX2............................"
"2","59518","0x30c8e1a4","0x0","0x10ac6","1035","offset","11","images/garage/rider/Female_2_Pants.png.tex",".tex","0x914E3454","8075","102430","0x11","65143","73218","GFX2............................"
"2","59520","0x334e53b4","0x0","0x124e8","2043","offset","12","images/garage/rider/small/Female_2_Body.png.tex",".tex","0x7D99EAA8","2284","4126","0x11","73218","75502","GFX2............................"
"2","59522","0x30c9f814","0x0","0xfdab","1384","offset","10","images/garage/rider/Female_2_Head.png.tex",".tex","0xE4313D47","9780","102430","0x11","55363","65143","GFX2............................"
"2","59524","0x32090844","0x0","0xfb17","2078","offset","10","images/garage/rider/Female_2_Head.png.tex",".tex","0xE4313D47","9780","102430","0x11","55363","65143","GFX2............................"
"2","59527","0x3349b574","0x0","0xffa4","1367","offset","11","images/garage/rider/Female_2_Pants.png.tex",".tex","0x914E3454","8075","102430","0x11","65143","73218","GFX2............................"
"2","59529","0x30bb1674","0x0","0x10196","1367","offset","11","images/garage/rider/Female_2_Pants.png.tex",".tex","0x914E3454","8075","102430","0x11","65143","73218","GFX2............................"
"2","59531","0x3349b494","0x0","0x1038e","1039","offset","11","images/garage/rider/Female_2_Pants.png.tex",".tex","0x914E3454","8075","102430","0x11","65143","73218","GFX2............................"
"2","59533","0x3349b4b4","0x0","0x12ffa","2359","offset","14","images/garage/rider/small/Female_2_Pants.png.tex",".tex","0x7DA63911","1748","4126","0x11","77452","79200","GFX2............................"
"2","59536","0x334e56ec","0x0","0x10c34","1099","offset","11","images/garage/rider/Female_2_Pants.png.tex",".tex","0x914E3454","8075","102430","0x11","65143","73218","GFX2............................"
"2","59538","0x3622df64","0x0","0x114ed","5380","offset","11","images/garage/rider/Female_2_Pants.png.tex",".tex","0x914E3454","8075","102430","0x11","65143","73218","GFX2......................W.>..."
"2","59544","0x32090a84","0x0","0x11c41","6174","offset","11","images/garage/rider/Female_2_Pants.png.tex",".tex","0x914E3454","8075","102430","0x11","65143","73218","GFX2......................W.>..."
"2","59551","0x302d89b4","0x0","0x10dbc","5269","offset","11","images/garage/rider/Female_2_Pants.png.tex",".tex","0x914E3454","8075","102430","0x11","65143","73218","GFX2......................W.>..."
"2","59557","0x30c8e204","0x0","0x12426","1015","offset","12","images/garage/rider/small/Female_2_Body.png.tex",".tex","0x7D99EAA8","2284","4126","0x11","73218","75502","GFX2............................"
"2","59558","0x30c8e154","0x0","0x12775","2072","offset","13","images/garage/rider/small/Female_2_Head.png.tex",".tex","0x52FE2908","1950","4126","0x11","75502","77452","GFX2............................"
"2","59561","0x3349b654","0x0","0x10457","1367","offset","11","images/garage/rider/Female_2_Pants.png.tex",".tex","0x914E3454","8075","102430","0x11","65143","73218","GFX2............................"
"2","59563","0x302d88f4","0x0","0x10637","1367","offset","11","images/garage/rider/Female_2_Pants.png.tex",".tex","0x914E3454","8075","102430","0x11","65143","73218","GFX2............................"
"2","59565","0x302d8ab4","0x0","0x132cf","2359","offset","14","images/garage/rider/small/Female_2_Pants.png.tex",".tex","0x7DA63911","1748","4126","0x11","77452","79200","GFX2............................"
"2","59568","0x334e56d4","0x0","0x10815","1367","offset","11","images/garage/rider/Female_2_Pants.png.tex",".tex","0x914E3454","8075","102430","0x11","65143","73218","GFX2............................"
"2","59570","0x30c9f6b4","0x0","0x109f2","1042","offset","11","images/garage/rider/Female_2_Pants.png.tex",".tex","0x914E3454","8075","102430","0x11","65143","73218","GFX2............................"
"2","59583","0x334e5594","0x0","0xc575","1236","offset","9","images/garage/rider/Female_2_Body.png.tex",".tex","0x45034C6D","9393","102430","0x11","45970","55363","GFX2............................"
"2","59585","0x30c8e224","0x0","0xc744","1236","offset","9","images/garage/rider/Female_2_Body.png.tex",".tex","0x45034C6D","9393","102430","0x11","45970","55363","GFX2............................"
"2","59587","0x320908c4","0x0","0xcf53","1236","offset","9","images/garage/rider/Female_2_Body.png.tex",".tex","0x45034C6D","9393","102430","0x11","45970","55363","GFX2............................"
"2","59589","0x30bb16f4","0x0","0xcd7e","1236","offset","9","images/garage/rider/Female_2_Body.png.tex",".tex","0x45034C6D","9393","102430","0x11","45970","55363","GFX2............................"
"2","59591","0x334e57f4","0x0","0xc91f","1236","offset","9","images/garage/rider/Female_2_Body.png.tex",".tex","0x45034C6D","9393","102430","0x11","45970","55363","GFX2............................"
"2","59593","0x334e5434","0x0","0xcbb5","1236","offset","9","images/garage/rider/Female_2_Body.png.tex",".tex","0x45034C6D","9393","102430","0x11","45970","55363","GFX2............................"
"2","59595","0x30c9feb4","0x0","0xcaf7","1009","offset","9","images/garage/rider/Female_2_Body.png.tex",".tex","0x45034C6D","9393","102430","0x11","45970","55363","GFX2............................"
"2","59596","0x334e55b4","0x0","0xd125","1012","offset","9","images/garage/rider/Female_2_Body.png.tex",".tex","0x45034C6D","9393","102430","0x11","45970","55363","GFX2............................"
"2","59597","0x30c8e0b4","0x0","0xdc09","3513","offset","10","images/garage/rider/Female_2_Head.png.tex",".tex","0xE4313D47","9780","102430","0x11","55363","65143","GFX2............................"
"2","59601","0x3622dd94","0x0","0x12c95","2072","offset","13","images/garage/rider/small/Female_2_Head.png.tex",".tex","0x52FE2908","1950","4126","0x11","75502","77452","GFX2............................"
"2","59604","0x30c9fd74","0x0","0x12a03","2072","offset","13","images/garage/rider/small/Female_2_Head.png.tex",".tex","0x52FE2908","1950","4126","0x11","75502","77452","GFX2............................"
"2","59607","0x334e5754","0x0","0x12f29","1040","offset","14","images/garage/rider/small/Female_2_Pants.png.tex",".tex","0x7DA63911","1748","4126","0x11","77452","79200","GFX2............................"
"2","59609","0x3209091c","0x0","0x13872","2359","offset","17","localization/dlc20_dutch.xml",".xml","0x0B6753B8","349","347","0x11","79725","80074","GFX2............................"
"2","59612","0x334e54d4","0x0","0x135a1","2359","offset","15","ingamemusiccollection20.xml",".xml","0x021BE227","171","51","0x11","79200","79371","GFX2............................"
"2","59615","0x30bb1614","0x0","0x13b41","1061","offset","19","localization/dlc20_german.xml",".xml","0xC01C2EE0","350","348","0x11","80424","80774","GFX2............................"
"2","59617","0x30c8e1e4","0x0","0xe035","3513","offset","10","images/garage/rider/Female_2_Head.png.tex",".tex","0xE4313D47","9780","102430","0x11","55363","65143","GFX2............................"
"2","59621","0x325ed6ac","0x0","0xe464","725","offset","10","images/garage/rider/Female_2_Head.png.tex",".tex","0xE4313D47","9780","102430","0x11","55363","65143","GFX2............................"
"2","59622","0x30c8e3c4","0x0","0x13c18","2585","offset","20","localization/dlc20_italian.xml",".xml","0xA163580A","350","349","0x11","80774","81124","GFX2............................"
"2","59625","0x30c9f994","0x0","0x1443d","5391","offset","22","localization/dlc20_oasis__global.xml",".xml","0x8544C704","2341","29628","0x11","81474","83815","GFX2............................"
"2","59631","0x30c9f734","0x0","0x15130","4162","offset","27","manmade/buildings/garage/garage_background_1.gfx",".gfx","0x7403FAA2","29595","246120","0x11","85231","114826","GFX2............................"
"2","59636","0x334e5714","0x0","0x14030","2568","offset","22","localization/dlc20_oasis__global.xml",".xml","0x8544C704","2341","29628","0x11","81474","83815","GFX2............................"
"2","59639","0x30c9ff34","0x0","0x149aa","2448","offset","24","localization/dlc20_portuguese.xml",".xml","0x131261EF","358","359","0x11","84173","84531","GFX2............................"
"2","59642","0x32090a24","0x0","0x14d74","2372","offset","27","manmade/buildings/garage/garage_background_1.gfx",".gfx","0x7403FAA2","29595","246120","0x11","85231","114826","GFX2............................"
"2","59645","0x30c9fd54","0x0","0x1555b","1012","offset","27","manmade/buildings/garage/garage_background_1.gfx",".gfx","0x7403FAA2","29595","246120","0x11","85231","114826","GFX2............................"
"2","59646","0x32090aa4","0x0","0x148e2","1015","offset","24","localization/dlc20_portuguese.xml",".xml","0x131261EF","358","359","0x11","84173","84531","GFX2............................"
"2","59649","0x30c9ff74","0x0","0x173f9","7200","offset","27","manmade/buildings/garage/garage_background_1.gfx",".gfx","0x7403FAA2","29595","246120","0x11","85231","114826","GFX2............................"
"2","59657","0x31e9d0e4","0x0","0x1bdc8","438835","offset","27","manmade/buildings/garage/garage_background_1.gfx",".gfx","0x7403FAA2","29595","246120","0x11","85231","114826","..T..h.....9......P.....@......R"
"2","59658","0x304974c4","0x0","0x1a623","1411","offset","27","manmade/buildings/garage/garage_background_1.gfx",".gfx","0x7403FAA2","29595","246120","0x11","85231","114826","GFX2............................"
"2","59660","0x3049795c","0x0","0x161d2","2595","offset","27","manmade/buildings/garage/garage_background_1.gfx",".gfx","0x7403FAA2","29595","246120","0x11","85231","114826","GFX2............................"
"2","59663","0x30497c64","0x0","0x16555","2595","offset","27","manmade/buildings/garage/garage_background_1.gfx",".gfx","0x7403FAA2","29595","246120","0x11","85231","114826","GFX2............................"
"2","59666","0x31e9d144","0x0","0x168d1","2595","offset","27","manmade/buildings/garage/garage_background_1.gfx",".gfx","0x7403FAA2","29595","246120","0x11","85231","114826","GFX2............................"
"2","59669","0x304975a4","0x0","0x16c47","994","offset","27","manmade/buildings/garage/garage_background_1.gfx",".gfx","0x7403FAA2","29595","246120","0x11","85231","114826","GFX2............................"
"2","59738","0x30b232d4","0x0","0x19fc1","6973","offset","27","manmade/buildings/garage/garage_background_1.gfx",".gfx","0x7403FAA2","29595","246120","0x11","85231","114826","GFX2............................"
"2","59745","0x30b23254","0x0","0x1a580","717","offset","27","manmade/buildings/garage/garage_background_1.gfx",".gfx","0x7403FAA2","29595","246120","0x11","85231","114826","GFX2............................"
"2","59746","0x30b236ac","0x0","0x1a823","1469","offset","27","manmade/buildings/garage/garage_background_1.gfx",".gfx","0x7403FAA2","29595","246120","0x11","85231","114826","GFX2............................"
"2","59748","0x30b22fa4","0x0","0x1aa50","739","offset","27","manmade/buildings/garage/garage_background_1.gfx",".gfx","0x7403FAA2","29595","246120","0x11","85231","114826","GFX2............................"
"2","59749","0x304979a4","0x0","0x1b718","5540","offset","27","manmade/buildings/garage/garage_background_1.gfx",".gfx","0x7403FAA2","29595","246120","0x11","85231","114826","GFX2............................"
"2","59755","0x30b22b24","0x0","0x19365","1207","offset","27","manmade/buildings/garage/garage_background_1.gfx",".gfx","0x7403FAA2","29595","246120","0x11","85231","114826","GFX2............................"
"2","59757","0x31e9c854","0x0","0x19744","1918","offset","27","manmade/buildings/garage/garage_background_1.gfx",".gfx","0x7403FAA2","29595","246120","0x11","85231","114826","GFX2............................"
"2","59759","0x30497064","0x0","0x1951f","1918","offset","27","manmade/buildings/garage/garage_background_1.gfx",".gfx","0x7403FAA2","29595","246120","0x11","85231","114826","GFX2............................"
"2","59761","0x30b22dc4","0x0","0x1999c","1015","offset","27","manmade/buildings/garage/garage_background_1.gfx",".gfx","0x7403FAA2","29595","246120","0x11","85231","114826","GFX2............................"
"2","59762","0x30b23614","0x0","0x15e9d","3397","offset","27","manmade/buildings/garage/garage_background_1.gfx",".gfx","0x7403FAA2","29595","246120","0x11","85231","114826","GFX2............................"
"2","59766","0x30b23044","0x0","0x1aafe","1787","offset","27","manmade/buildings/garage/garage_background_1.gfx",".gfx","0x7403FAA2","29595","246120","0x11","85231","114826","GFX2............................"
"2","59768","0x30b22e64","0x0","0x1b070","1825","offset","27","manmade/buildings/garage/garage_background_1.gfx",".gfx","0x7403FAA2","29595","246120","0x11","85231","114826","GFX2............................"
"2","59770","0x3049773c","0x0","0x1adb9","1796","offset","27","manmade/buildings/garage/garage_background_1.gfx",".gfx","0x7403FAA2","29595","246120","0x11","85231","114826","GFX2............................"
"2","59772","0x30497224","0x0","0x1b62b","1307","offset","27","manmade/buildings/garage/garage_background_1.gfx",".gfx","0x7403FAA2","29595","246120","0x11","85231","114826","GFX2............................"
"2","59774","0x30497524","0x0","0x1b345","1833","offset","27","manmade/buildings/garage/garage_background_1.gfx",".gfx","0x7403FAA2","29595","246120","0x11","85231","114826","GFX2............................"
"2","59776","0x30b22c04","0x0","0x1207b","4470","offset","12","images/garage/rider/small/Female_2_Body.png.tex",".tex","0x7D99EAA8","2284","4126","0x11","73218","75502","GFX2............................"
"2","59781","0x30497a24","0x0","0x3d54","28201","offset","8","images/garage/rider/Female_2.png.tex",".tex","0xC3BE3B07","31329","286750","0x11","14641","45970","GFX2............................"
"2","59809","0x30b22f64","0x0","0x16d06","4188","offset","27","manmade/buildings/garage/garage_background_1.gfx",".gfx","0x7403FAA2","29595","246120","0x11","85231","114826","GFX2............................"
"2","59814","0x30b22d84","0x0","0x172e1","4168","offset","27","manmade/buildings/garage/garage_background_1.gfx",".gfx","0x7403FAA2","29595","246120","0x11","85231","114826","GFX2............................"
"2","59819","0x30497624","0x0","0x16ff4","4188","offset","27","manmade/buildings/garage/garage_background_1.gfx",".gfx","0x7403FAA2","29595","246120","0x11","85231","114826","GFX2............................"
"2","59824","0x30b23694","0x0","0x175d0","1015","offset","27","manmade/buildings/garage/garage_background_1.gfx",".gfx","0x7403FAA2","29595","246120","0x11","85231","114826","GFX2............................"
"2","59825","0x30b231d4","0x0","0x14746","2982","offset","22","localization/dlc20_oasis__global.xml",".xml","0x8544C704","2341","29628","0x11","81474","83815","GFX2............................"
"2","59828","0x30b22ec4","0x0","0x1510c","3168","offset","27","manmade/buildings/garage/garage_background_1.gfx",".gfx","0x7403FAA2","29595","246120","0x11","85231","114826","GFX2............................"
"2","59832","0x30497804","0x0","0x14bf9","3103","offset","26","localization/dlc20_spanish.xml",".xml","0x590BBB20","350","349","0x11","84881","85231","GFX2............................"
"2","59836","0x30b23704","0x0","0x1564e","1030","offset","27","manmade/buildings/garage/garage_background_1.gfx",".gfx","0x7403FAA2","29595","246120","0x11","85231","114826","GFX2............................"
"2","59838","0x30b229c4","0x0","0x11113","7565","offset","11","images/garage/rider/Female_2_Pants.png.tex",".tex","0x914E3454","8075","102430","0x11","65143","73218","GFX2............................"
"2","59846","0x30b23474","0x0","0x11589","2028","offset","11","images/garage/rider/Female_2_Pants.png.tex",".tex","0x914E3454","8075","102430","0x11","65143","73218","GFX2............................"
"2","59848","0x30b23764","0x0","0x11826","6849","offset","11","images/garage/rider/Female_2_Pants.png.tex",".tex","0x914E3454","8075","102430","0x11","65143","73218","GFX2............................"
"2","59855","0x30b22bc4","0x0","0x11d23","715","offset","11","images/garage/rider/Female_2_Pants.png.tex",".tex","0x914E3454","8075","102430","0x11","65143","73218","GFX2............................"
"2","59856","0x30b22e84","0x0","0x80d4","723","offset","8","images/garage/rider/Female_2.png.tex",".tex","0xC3BE3B07","31329","286750","0x11","14641","45970","GFX2............................"
"2","59857","0x30b23724","0x0","0x1813f","7021","offset","27","manmade/buildings/garage/garage_background_1.gfx",".gfx","0x7403FAA2","29595","246120","0x11","85231","114826","GFX2............................"
"2","59864","0x30b23314","0x0","0x18b66","1787","offset","27","manmade/buildings/garage/garage_background_1.gfx",".gfx","0x7403FAA2","29595","246120","0x11","85231","114826","GFX2............................"
"2","59866","0x30b233d4","0x0","0x18db8","1909","offset","27","manmade/buildings/garage/garage_background_1.gfx",".gfx","0x7403FAA2","29595","246120","0x11","85231","114826","GFX2............................"
"2","59868","0x30b23454","0x0","0x1902b","1909","offset","27","manmade/buildings/garage/garage_background_1.gfx",".gfx","0x7403FAA2","29595","246120","0x11","85231","114826","GFX2............................"
"2","59870","0x30497204","0x0","0x192a1","1009","offset","27","manmade/buildings/garage/garage_background_1.gfx",".gfx","0x7403FAA2","29595","246120","0x11","85231","114826","GFX2............................"
"2","59871","0x30497b64","0x0","0x17695","5053","offset","27","manmade/buildings/garage/garage_background_1.gfx",".gfx","0x7403FAA2","29595","246120","0x11","85231","114826","GFX2............................"
"2","59876","0x30b23354","0x0","0x1868d","4945","offset","27","manmade/buildings/garage/garage_background_1.gfx",".gfx","0x7403FAA2","29595","246120","0x11","85231","114826","GFX2............................"
"2","59881","0x30b22d04","0x0","0x13573","2551","offset","15","ingamemusiccollection20.xml",".xml","0x021BE227","171","51","0x11","79200","79371","GFX2............................"
"2","59884","0x30497b44","0x0","0x1385a","1614","offset","17","localization/dlc20_dutch.xml",".xml","0x0B6753B8","349","347","0x11","79725","80074","GFX2............................"
"2","59886","0x30b22a04","0x0","0x15719","2529","offset","27","manmade/buildings/garage/garage_background_1.gfx",".gfx","0x7403FAA2","29595","246120","0x11","85231","114826","GFX2............................"
"2","59889","0x30497944","0x0","0x15a6e","2558","offset","27","manmade/buildings/garage/garage_background_1.gfx",".gfx","0x7403FAA2","29595","246120","0x11","85231","114826","GFX2............................"
"2","59892","0x30b22ae4","0x0","0x15df3","721","offset","27","manmade/buildings/garage/garage_background_1.gfx",".gfx","0x7403FAA2","29595","246120","0x11","85231","114826","GFX2............................"
"2","59893","0x30497b24","0x0","0xe89b","1931","offset","10","images/garage/rider/Female_2_Head.png.tex",".tex","0xE4313D47","9780","102430","0x11","55363","65143","GFX2............................"
"2","59895","0x30497644","0x0","0x6799","5970","offset","8","images/garage/rider/Female_2.png.tex",".tex","0xC3BE3B07","31329","286750","0x11","14641","45970","GFX2............................"
"2","59901","0x30b23804","0x0","0xea35","10131","offset","10","images/garage/rider/Female_2_Head.png.tex",".tex","0xE4313D47","9780","102430","0x11","55363","65143","GFX2............B..............."
"2","59911","0x30b23414","0x0","0x60ee","7930","offset","8","images/garage/rider/Female_2.png.tex",".tex","0xC3BE3B07","31329","286750","0x11","14641","45970","GFX2........... B..............."
"2","59919","0x3049725c","0x0","0x17a42","1326","offset","27","manmade/buildings/garage/garage_background_1.gfx",".gfx","0x7403FAA2","29595","246120","0x11","85231","114826","GFX2............................"
"2","59921","0x30b23784","0x0","0x17e65","1326","offset","27","manmade/buildings/garage/garage_background_1.gfx",".gfx","0x7403FAA2","29595","246120","0x11","85231","114826","GFX2............................"
"2","59923","0x30b22a24","0x0","0x17c57","1326","offset","27","manmade/buildings/garage/garage_background_1.gfx",".gfx","0x7403FAA2","29595","246120","0x11","85231","114826","GFX2............................"
"2","59925","0x30b23064","0x0","0x1807a","1015","offset","27","manmade/buildings/garage/garage_background_1.gfx",".gfx","0x7403FAA2","29595","246120","0x11","85231","114826","GFX2............................"
"2","59926","0x30b232b4","0x0","0x19c4d","2724","offset","27","manmade/buildings/garage/garage_background_1.gfx",".gfx","0x7403FAA2","29595","246120","0x11","85231","114826","GFX2............................"
"2","59929","0x30b22c44","0x0","0xdf1e","4456","offset","10","images/garage/rider/Female_2_Head.png.tex",".tex","0xE4313D47","9780","102430","0x11","55363","65143","GFX2............................"
"2","59934","0x30497104","0x0","0xd9a8","6413","offset","10","images/garage/rider/Female_2_Head.png.tex",".tex","0xE4313D47","9780","102430","0x11","55363","65143","GFX2............B..............."
"2","59941","0x30b23574","0x0","0x11dc5","3086","offset","11","images/garage/rider/Female_2_Pants.png.tex",".tex","0x914E3454","8075","102430","0x11","65143","73218","GFX2............................"
"2","59945","0x30b23594","0x0","0x12ed3","5695","offset","14","images/garage/rider/small/Female_2_Pants.png.tex",".tex","0x7DA63911","1748","4126","0x11","77452","79200","GFX2............................"
"2","59951","0x30497684","0x0","0x819b","18553","offset","8","images/garage/rider/Female_2.png.tex",".tex","0xC3BE3B07","31329","286750","0x11","14641","45970","GFX2............................"
"2","59970","0x30497764","0x0","0x13a23","2594","offset","18","localization/dlc20_french.xml",".xml","0x1C0BC009","350","348","0x11","80074","80424","GFX2............................"
"2","59973","0x30497c04","0x0","0x12601","4791","offset","12","images/garage/rider/small/Female_2_Body.png.tex",".tex","0x7D99EAA8","2284","4126","0x11","73218","75502","GFX2............................"
"2","59981","0x30497164","0x0","0x8c71","2852","offset","8","images/garage/rider/Female_2.png.tex",".tex","0xC3BE3B07","31329","286750","0x11","14641","45970","GFX2............................"
"2","59984","0x30b22f04","0x0","0x8e5d","2812","offset","8","images/garage/rider/Female_2.png.tex",".tex","0xC3BE3B07","31329","286750","0x11","14641","45970","GFX2............................"
"2","59987","0x30497324","0x0","0x13e04","4285","offset","21","localization/dlc20_japanese.xml",".xml","0x29DF00C5","350","350","0x11","81124","81474","GFX2............................"
"2","59992","0x30497124","0x0","0x12b8f","1947","offset","13","images/garage/rider/small/Female_2_Head.png.tex",".tex","0x52FE2908","1950","4126","0x11","75502","77452","GFX2............................"
"2","59994","0x30b22da4","0x0","0x9028","7303","offset","8","images/garage/rider/Female_2.png.tex",".tex","0xC3BE3B07","31329","286750","0x11","14641","45970","GFX2............................"
"2","60002","0x30b22e44","0x0","0x9988","66276","offset","8","images/garage/rider/Female_2.png.tex",".tex","0xC3BE3B07","31329","286750","0x11","14641","45970","GFX2............................"
"2","60067","0x30b230e4","0x0","0x944c","9125","offset","8","images/garage/rider/Female_2.png.tex",".tex","0xC3BE3B07","31329","286750","0x11","14641","45970","GFX2............................"
"2","60076","0x304977e4","0x0","0xbfac","35350","offset","9","images/garage/rider/Female_2_Body.png.tex",".tex","0x45034C6D","9393","102430","0x11","45970","55363","GFX2............................"
"2","60111","0x304976c4","0x0","0xe2f4","2782","offset","10","images/garage/rider/Female_2_Head.png.tex",".tex","0xE4313D47","9780","102430","0x11","55363","65143","GFX2............................"
"2","60114","0x319202e4","0x0","0x142fa","2753","offset","22","localization/dlc20_oasis__global.xml",".xml","0x8544C704","2341","29628","0x11","81474","83815","GFX2............................"
"2","60117","0x30b22c84","0x0","0xe6c4","2787","offset","10","images/garage/rider/Female_2_Head.png.tex",".tex","0xE4313D47","9780","102430","0x11","55363","65143","GFX2............................"
"2","60120","0x30b23274","0x0","0xe4cf","2796","offset","10","images/garage/rider/Female_2_Head.png.tex",".tex","0xE4313D47","9780","102430","0x11","55363","65143","GFX2............................"
"2","60123","0x30497704","0x0","0x795d","12143","offset","8","images/garage/rider/Female_2.png.tex",".tex","0xC3BE3B07","31329","286750","0x11","14641","45970","GFX2............................"
"2","60135","0x30497b84","0x0","0x6c50","13949","offset","8","images/garage/rider/Female_2.png.tex",".tex","0xC3BE3B07","31329","286750","0x11","14641","45970","GFX2.......................7...."
"2","60149","0x30497ce4","0x0","0x5b41","2785","offset","8","images/garage/rider/Female_2.png.tex",".tex","0xC3BE3B07","31329","286750","0x11","14641","45970","GFX2............................"
"2","60155","0x30497844","0x0","0x4fdc","20343","offset","8","images/garage/rider/Female_2.png.tex",".tex","0xC3BE3B07","31329","286750","0x11","14641","45970","GFX2............................"
"2","60175","0x30497724","0x0","0x5cf6","5184","offset","8","images/garage/rider/Female_2.png.tex",".tex","0xC3BE3B07","31329","286750","0x11","14641","45970","GFX2............................"
"2","60182","0x30497284","0x0","0xf223","15448","offset","10","images/garage/rider/Female_2_Head.png.tex",".tex","0xE4313D47","9780","102430","0x11","55363","65143","GFX2............................"
"2","60198","0x304976a4","0x0","0x19a68","1300","offset","27","manmade/buildings/garage/garage_background_1.gfx",".gfx","0x7403FAA2","29595","246120","0x11","85231","114826","GFX2............................"
"2","60202","0x30b22a84","0x0","0xd4ec","8969","offset","9","images/garage/rider/Female_2_Body.png.tex",".tex","0x45034C6D","9393","102430","0x11","45970","55363","GFX2............................"
"2","60212","0x30497ca4","0x0","0x8a25","5478","offset","8","images/garage/rider/Female_2.png.tex",".tex","0xC3BE3B07","31329","286750","0x11","14641","45970","GFX2............................"
"2","60218","0x304979e4","0x0","0x7641","4299","offset","8","images/garage/rider/Female_2.png.tex",".tex","0xC3BE3B07","31329","286750","0x11","14641","45970","GFX2............................"
"2","60223","0x30b23374","0x0","0xfae6","8086","offset","10","images/garage/rider/Female_2_Head.png.tex",".tex","0xE4313D47","9780","102430","0x11","55363","65143","GFX2............C..............."
"2","60231","0x30497244","0x0","0x10228","16167","offset","11","images/garage/rider/Female_2_Pants.png.tex",".tex","0x914E3454","8075","102430","0x11","65143","73218","GFX2............C..............."
"2","60247","0x304974e4","0x0","0x10a7f","8502","offset","11","images/garage/rider/Female_2_Pants.png.tex",".tex","0x914E3454","8075","102430","0x11","65143","73218","GFX2............................"
"2","60258","0x3191f964","0x0","0x18a14","70396","offset","27","manmade/buildings/garage/garage_background_1.gfx",".gfx","0x7403FAA2","29595","246120","0x11","85231","114826","DXBC.E.p..X..g5...O............."
"2","60259","0x3191f894","0x0","0x29dd2","57429","offset","29","objectcollection20.xml",".xml","0xE583A04E","136983","1959059","0x11","115151","252134","DXBC.u=.Q:.....`..r.....U......."
"2","60261","0x3191f9a4","0x0","0x1edaa","69944","offset","29","objectcollection20.xml",".xml","0xE583A04E","136983","1959059","0x11","115151","252134","DXBC..7...J3}zc..\......8......."
"2","60262","0x3191fa44","0x0","0x2d494","57429","offset","29","objectcollection20.xml",".xml","0xE583A04E","136983","1959059","0x11","115151","252134","DXBC.u=.Q:.....`..r.....U......."
"2","60264","0x3191faa4","0x0","0x25114","70408","offset","29","objectcollection20.xml",".xml","0xE583A04E","136983","1959059","0x11","115151","252134","DXBCL3..^..(GV.H................"
"2","60265","0x3191f9c4","0x0","0x30b56","57429","offset","29","objectcollection20.xml",".xml","0xE583A04E","136983","1959059","0x11","115151","252134","DXBC.u=.Q:.....`..r.....U......."
"2","64225","0x622aa0c","0x0","0x2617ef","9996","offset","38","objects/pack20/arno_legs_3515252172.mdl",".mdl","0x2DB45A26","162207","162079","0x10","2338776","2500983","<"
"2","75039","0x6219d04","0x0","0xc45b1","2276","offset","32","objects/pack20/aiden_top_1216871494.mdl",".mdl","0xB76C07AB","531297","531169","0x10","752023","1283320","<"
"2","80211","0x4c8bf84","0x0","0x6ebf6","23722","offset","31","objects/pack20/aiden_head_2604412728.mdl",".mdl","0x44DE0BE7","358876","358748","0x10","393147","752023","<"
"2","9016","0x63e83a4","0x1","0x26de3f","741691","offset","39","objects/pack20/arno_upper_body_3445539938.mdl",".mdl","0xA63945BF","794391","794263","0x10","2500983","3295374","CWS..S+.x....|..u.>8H~.)..uP...."
"2","9021","0x63ec814","0x0","0xebba","12507","offset","10","images/garage/rider/Female_2_Head.png.tex",".tex","0xE4313D47","9780","102430","0x11","55363","65143","FWS..0.............<..D.....C..."
"2","9536","0x63e2f24","0x0","0x4416e6","27331","offset","53","objects/pack20/bike_minx_seat_1591740121.mdl",".mdl","0x454E6945","9980","9852","0x10","4456185","4466165","FWS..j.........*0..<..D.....C.ff"
"1","19722","0x63ec704","0x0","0x27abce0","4126","size","12","images/garage/rider/small/Female_2_Body.png.tex",".tex","0x7D99EAA8","2284","4126","0x11","73218","75502","T5X"
"1","19722","0x63ec704","0x0","0x27abce0","4126","size","13","images/garage/rider/small/Female_2_Head.png.tex",".tex","0x52FE2908","1950","4126","0x11","75502","77452","T5X"
"1","19722","0x63ec704","0x0","0x27abce0","4126","size","14","images/garage/rider/small/Female_2_Pants.png.tex",".tex","0x7DA63911","1748","4126","0x11","77452","79200","T5X"
"1","19882","0x630ea14","0x0","0x16a06dc","132","size","444","patch20/vehicles/bikes/pitvipergold/cheetah_gold_fender_rear_1.gfx",".gfx","0x2F022799","260","435","0x11","26672365","26672625","<?xml version=""1.0"" encoding=""ut"
"1","19882","0x630ea14","0x0","0x16a06dc","132","size","480","patch20/vehicles/bikes/rayman_roach/rayman_roach_engine.gfx",".gfx","0xA4188511","260","436","0x11","26683417","26683677","<?xml version=""1.0"" encoding=""ut"
"1","19882","0x630ea14","0x0","0x16a06dc","132","size","490","patch20/vehicles/bikes/roachac/kingcobra_ac_engine_1.gfx",".gfx","0x408F10C6","260","436","0x11","26686512","26686772","<?xml version=""1.0"" encoding=""ut"
"1","19882","0x630ea14","0x0","0x16a06dc","132","size","501","patch20/vehicles/bikes/roachhorror/kingcobra_horror_engine_1.gfx",".gfx","0x20B196D6","260","436","0x11","26689767","26690027","<?xml version=""1.0"" encoding=""ut"
"1","19882","0x630ea14","0x0","0x16a06dc","132","size","511","patch20/vehicles/bikes/roach_flame/kingcobra_flame_engine_1.gfx",".gfx","0x3F6266CF","260","436","0x11","26692606","26692866","<?xml version=""1.0"" encoding=""ut"
"1","19883","0x31767f44","0x0","0x2d57","222","size","18","localization/dlc20_french.xml",".xml","0x1C0BC009","350","348","0x11","80074","80424","<?xml version=""1.0"" encoding=""ut"
"1","19883","0x31767f44","0x0","0x2d57","222","size","19","localization/dlc20_german.xml",".xml","0xC01C2EE0","350","348","0x11","80424","80774","<?xml version=""1.0"" encoding=""ut"
"1","19883","0x31767f44","0x0","0x2d57","222","size","20","localization/dlc20_italian.xml",".xml","0xA163580A","350","349","0x11","80774","81124","<?xml version=""1.0"" encoding=""ut"
"1","19883","0x31767f44","0x0","0x2d57","222","size","21","localization/dlc20_japanese.xml",".xml","0x29DF00C5","350","350","0x11","81124","81474","<?xml version=""1.0"" encoding=""ut"
"1","19883","0x31767f44","0x0","0x2d57","222","size","25","localization/dlc20_russian.xml",".xml","0x99A0176A","350","349","0x11","84531","84881","<?xml version=""1.0"" encoding=""ut"
"1","19883","0x31767f44","0x0","0x2d57","222","size","26","localization/dlc20_spanish.xml",".xml","0x590BBB20","350","349","0x11","84881","85231","<?xml version=""1.0"" encoding=""ut"
"1","19884","0x2c179504","0x0","0x2468","189","size","297","pack20/gear.xml",".xml","0x0A198C45","189","61","0x10","23709190","23709379","<?xml version=""1.0"" encoding=""ut"
"1","19884","0x2c179504","0x0","0x2468","189","size","333","patch20/characters/elise/elise_head.gfx",".gfx","0xADF4FB6F","317","727","0x11","23732168","23732485","<?xml version=""1.0"" encoding=""ut"
"1","19899","0x630e694","0x0","0x13e42","29628","size","271","objects/pack20/rayman_main_body_675957340.mdl",".mdl","0x980298F7","29756","29628","0x10","22482470","22512226","<?xml version=""1.0"" encoding=""ut"
"1","19963","0x6214264","0x0","0x169c25d","401","size","302","pack20/objectremaps.xml",".xml","0x2FBA9348","401","516","0x11","23722461","23722862","<?xml version=""1.0"" encoding=""ut"
"1","19963","0x6214264","0x0","0x169c25d","401","size","419","patch20/vehicles/bikes/pitvipercomicbook/cheetah_comicbook_backswing_1.gfx",".gfx","0x3BBD3DDF","401","1070","0x11","26664619","26665020","<?xml version=""1.0"" encoding=""ut"
"1","19963","0x6214264","0x0","0x169c25d","401","size","439","patch20/vehicles/bikes/pitvipergold/cheetah_gold_backswing_1.gfx",".gfx","0x4390392D","401","1070","0x11","26670884","26671285","<?xml version=""1.0"" encoding=""ut"
"1","19971","0x630d314","0x0","0x16a00c7","247","size","309","packinfo/pack.xml",".xml","0x16077750","247","132","0x11","23725788","23726035","<SquirrelSet>..  <stats string="""
"1","19971","0x630d314","0x0","0x16a00c7","247","size","373","patch20/characters/roach/roach.gfx",".gfx","0x9B2F6BAC","247","423","0x11","26566014","26566261","<SquirrelSet>..  <stats string="""
"1","19974","0x630d6fc","0x0","0x169c19e","63","size","537","stampcollection20.xml",".xml","0x260C723F","191","87","0x11","26699834","26700025","<?xml version=""1.0"" encoding=""ut"
"1","20132","0x304f4324","0x1","0x2699","61","size","297","pack20/gear.xml",".xml","0x0A198C45","189","61","0x10","23709190","23709379","<soundproject file=""TrialsFusion"
"1","20136","0x3349b804","0x0","0x1f70","77","size","295","pack20/editortips.xml",".xml","0xC79A571C","196","77","0x11","23708617","23708813","<?xml version=""1.0"" encoding=""ut"
"1","20138","0x31e5e124","0x0","0x26d6","245","size","411","patch20/vehicles/bikes/donkey_bike/donkey_frame_1.gfx",".gfx","0xF7B8B1EA","245","422","0x11","26660000","26660245","<SquirrelSet>..  <stats string="""
"1","21011","0x31ad3d14","0x1","0x1d9f","61","size","297","pack20/gear.xml",".xml","0x0A198C45","189","61","0x10","23709190","23709379","<soundproject file=""TrialsFusion"
"1","21017","0x30433e44","0x0","0x1ddc","245","size","411","patch20/vehicles/bikes/donkey_bike/donkey_frame_1.gfx",".gfx","0xF7B8B1EA","245","422","0x11","26660000","26660245","<SquirrelSet>..  <stats string="""
"1","21019","0x2c1793e4","0x0","0x1248","555","size","186","objects/pack20/generic_medium_icon_1_2788949741.mdl",".mdl","0xDB0E28F2","555","427","0x10","16855856","16856411","<?xml version=""1.0"" encoding=""ut"
"1","21192","0x34f539a4","0x1","0x2270","61","size","297","pack20/gear.xml",".xml","0x0A198C45","189","61","0x10","23709190","23709379","<soundproject file=""TrialsFusion"
"1","21198","0x34f53b64","0x0","0x22ad","245","size","411","patch20/vehicles/bikes/donkey_bike/donkey_frame_1.gfx",".gfx","0xF7B8B1EA","245","422","0x11","26660000","26660245","<SquirrelSet>..  <stats string="""
"1","21199","0x34f53aa4","0x0","0x2026","1526","size","304","pack20/prizes.csv",".csv","0x8E6A25F3","714","1526","0x11","23723357","23724071","100;200;300;400;400..105;210;310"
"1","21374","0x32beaf24","0x1","0x2826","61","size","297","pack20/gear.xml",".xml","0x0A198C45","189","61","0x10","23709190","23709379","<soundproject file=""TrialsFusion"
"1","21380","0x32bea9d4","0x0","0x2863","245","size","411","patch20/vehicles/bikes/donkey_bike/donkey_frame_1.gfx",".gfx","0xF7B8B1EA","245","422","0x11","26660000","26660245","<SquirrelSet>..  <stats string="""
"1","21381","0x32bea0e4","0x0","0x25dc","1526","size","304","pack20/prizes.csv",".csv","0x8E6A25F3","714","1526","0x11","23723357","23724071","100;200;300;400;400..105;210;310"
"1","21535","0x32619dc4","0x1","0x250b","61","size","297","pack20/gear.xml",".xml","0x0A198C45","189","61","0x10","23709190","23709379","<soundproject file=""TrialsFusion"
"1","21541","0x325e027c","0x0","0x2548","245","size","411","patch20/vehicles/bikes/donkey_bike/donkey_frame_1.gfx",".gfx","0xF7B8B1EA","245","422","0x11","26660000","26660245","<SquirrelSet>..  <stats string="""
"1","21542","0x32619be4","0x0","0x22c1","1526","size","304","pack20/prizes.csv",".csv","0x8E6A25F3","714","1526","0x11","23723357","23724071","100;200;300;400;400..105;210;310"
"1","21728","0x329a58b4","0x1","0x29e9","61","size","297","pack20/gear.xml",".xml","0x0A198C45","189","61","0x10","23709190","23709379","<soundproject file=""TrialsFusion"
"1","21734","0x33c987d4","0x0","0x2a26","245","size","411","patch20/vehicles/bikes/donkey_bike/donkey_frame_1.gfx",".gfx","0xF7B8B1EA","245","422","0x11","26660000","26660245","<SquirrelSet>..  <stats string="""
"1","21735","0x329a58d4","0x0","0x279f","1526","size","304","pack20/prizes.csv",".csv","0x8E6A25F3","714","1526","0x11","23723357","23724071","100;200;300;400;400..105;210;310"
"1","21738","0x3163f8c4","0x0","0x60f","29628","size","22","localization/dlc20_oasis__global.xml",".xml","0x8544C704","2341","29628","0x11","81474","83815","<?xml version=""1.0"" encoding=""ut"
"1","21738","0x3163f8c4","0x0","0x60f","29628","size","271","objects/pack20/rayman_main_body_675957340.mdl",".mdl","0x980298F7","29756","29628","0x10","22482470","22512226","<?xml version=""1.0"" encoding=""ut"
"1","21795","0x3200fe64","0x1","0x26c0","61","size","297","pack20/gear.xml",".xml","0x0A198C45","189","61","0x10","23709190","23709379","<soundproject file=""TrialsFusion"
"1","21803","0x3200fe04","0x0","0x26fd","245","size","411","patch20/vehicles/bikes/donkey_bike/donkey_frame_1.gfx",".gfx","0xF7B8B1EA","245","422","0x11","26660000","26660245","<SquirrelSet>..  <stats string="""
"1","21804","0x3200fec4","0x0","0x2476","1526","size","304","pack20/prizes.csv",".csv","0x8E6A25F3","714","1526","0x11","23723357","23724071","100;200;300;400;400..105;210;310"
"1","21805","0x3200fe84","0x0","0x15ec","591","size","349","patch20/characters/female_officer/female_officer_legs.gfx",".gfx","0x75F722CB","297","591","0x11","23736750","23737047","<?xml version=""1.0"" encoding=""ut"
"1","21805","0x3200fe84","0x0","0x15ec","591","size","350","patch20/characters/female_officer/female_officer_torso.gfx",".gfx","0x1A7180D7","300","591","0x11","23737047","23737347","<?xml version=""1.0"" encoding=""ut"
"1","21805","0x3200fe84","0x0","0x15ec","591","size","493","patch20/vehicles/bikes/roachac/kingcobra_ac_frame_1.gfx",".gfx","0x56D26469","293","591","0x11","26687316","26687609","<?xml version=""1.0"" encoding=""ut"
"1","21805","0x3200fe84","0x0","0x15ec","591","size","504","patch20/vehicles/bikes/roachhorror/kingcobra_horror_frame_1.gfx",".gfx","0x8E5C3560","293","591","0x11","26690570","26690863","<?xml version=""1.0"" encoding=""ut"
"1","21805","0x3200fe84","0x0","0x15ec","591","size","514","patch20/vehicles/bikes/roach_flame/kingcobra_flame_frame_1.gfx",".gfx","0xA5CA4130","293","591","0x11","26693409","26693702","<?xml version=""1.0"" encoding=""ut"
"1","21817","0x3045d88c","0x0","0x36f9b59","5298364","size","541","vtex/vtex_objects0.raw.hdr",".hdr","0x094DAB53","3828210","5298364","0x11","26782169","30610379",".....@......1.@..@......(.A..@.."
"1","21818","0x30263a14","0x0","0x2d97a11","5298364","size","541","vtex/vtex_objects0.raw.hdr",".hdr","0x094DAB53","3828210","5298364","0x11","26782169","30610379",".....@......1.@..@......(.A..@.."
"1","21819","0x31f24be4","0x0","0x2e574a7","5298364","size","541","vtex/vtex_objects0.raw.hdr",".hdr","0x094DAB53","3828210","5298364","0x11","26782169","30610379",".....@......1.@..@......(.A..@.."
"1","21820","0x32478494","0x0","0x456d4ad","5298364","size","541","vtex/vtex_objects0.raw.hdr",".hdr","0x094DAB53","3828210","5298364","0x11","26782169","30610379",".....@......1.@..@......(.A..@.."
"1","21821","0x30b9cce4","0x0","0x3415787","5298364","size","541","vtex/vtex_objects0.raw.hdr",".hdr","0x094DAB53","3828210","5298364","0x11","26782169","30610379",".....@......1.@..@......(.A..@.."
"1","21822","0x32090abc","0x0","0x300ec51","5298364","size","541","vtex/vtex_objects0.raw.hdr",".hdr","0x094DAB53","3828210","5298364","0x11","26782169","30610379",".....@......1.@..@......(.A..@.."
"1","310909","0x630bea4","0x0","0x1c08a","299","size","343","patch20/characters/female_assassin/female_assassin_legs.gfx",".gfx","0xBE3CA5C8","299","593","0x11","23735023","23735322","<"
"1","310909","0x630bea4","0x0","0x1c08a","299","size","489","patch20/vehicles/bikes/rayman_roach/rayman_roach_swing_arm.gfx",".gfx","0xB64FD675","427","1073","0x11","26686085","26686512","<"
"1","311370","0x630d504","0x0","0x254e","87","size","537","stampcollection20.xml",".xml","0x260C723F","191","87","0x11","26699834","26700025","<"
"1","311460","0x630d7a4","0x0","0x197683a","87","size","1","audiocollection20.xml",".xml","0xB951CA25","215","87","0x10","9550","9765","<"
"1","312864","0x32763f2c","0x1","0x22b7","33","size","301","pack20/objectgroups.xml",".xml","0x27119DA7","161","33","0x10","23722300","23722461","<"
"1","317440","0x32763f14","0x1","0x13bd","52","size","5","constrainscollection20.xml",".xml","0xF264C17D","180","52","0x10","12975","13155","<"
"1","33280","0x30071114","0x0","0xb337","165","size","361","patch20/characters/male_punk/male_punk_legs.gfx",".gfx","0x812EBEBF","293","583","0x11","23783781","23784074","GFX2............................"
"1","33280","0x30071114","0x0","0xb337","165","size","493","patch20/vehicles/bikes/roachac/kingcobra_ac_frame_1.gfx",".gfx","0x56D26469","293","591","0x11","26687316","26687609","GFX2............................"
"1","33280","0x30071114","0x0","0xb337","165","size","504","patch20/vehicles/bikes/roachhorror/kingcobra_horror_frame_1.gfx",".gfx","0x8E5C3560","293","591","0x11","26690570","26690863","GFX2............................"
"1","33280","0x30071114","0x0","0xb337","165","size","514","patch20/vehicles/bikes/roach_flame/kingcobra_flame_frame_1.gfx",".gfx","0xA5CA4130","293","591","0x11","26693409","26693702","GFX2............................"
"1","33582","0x31c16884","0x0","0xb2de","165","size","361","patch20/characters/male_punk/male_punk_legs.gfx",".gfx","0x812EBEBF","293","583","0x11","23783781","23784074","GFX2............................"
"1","33582","0x31c16884","0x0","0xb2de","165","size","493","patch20/vehicles/bikes/roachac/kingcobra_ac_frame_1.gfx",".gfx","0x56D26469","293","591","0x11","26687316","26687609","GFX2............................"
"1","33582","0x31c16884","0x0","0xb2de","165","size","504","patch20/vehicles/bikes/roachhorror/kingcobra_horror_frame_1.gfx",".gfx","0x8E5C3560","293","591","0x11","26690570","26690863","GFX2............................"
"1","33582","0x31c16884","0x0","0xb2de","165","size","514","patch20/vehicles/bikes/roach_flame/kingcobra_flame_frame_1.gfx",".gfx","0xA5CA4130","293","591","0x11","26693409","26693702","GFX2............................"
"1","33583","0x31d13c54","0x0","0xb1c9","165","size","361","patch20/characters/male_punk/male_punk_legs.gfx",".gfx","0x812EBEBF","293","583","0x11","23783781","23784074","GFX2........................A..."
"1","33583","0x31d13c54","0x0","0xb1c9","165","size","493","patch20/vehicles/bikes/roachac/kingcobra_ac_frame_1.gfx",".gfx","0x56D26469","293","591","0x11","26687316","26687609","GFX2........................A..."
"1","33583","0x31d13c54","0x0","0xb1c9","165","size","504","patch20/vehicles/bikes/roachhorror/kingcobra_horror_frame_1.gfx",".gfx","0x8E5C3560","293","591","0x11","26690570","26690863","GFX2........................A..."
"1","33583","0x31d13c54","0x0","0xb1c9","165","size","514","patch20/vehicles/bikes/roach_flame/kingcobra_flame_frame_1.gfx",".gfx","0xA5CA4130","293","591","0x11","26693409","26693702","GFX2........................A..."
"1","33584","0x329b26d4","0x0","0xb166","165","size","361","patch20/characters/male_punk/male_punk_legs.gfx",".gfx","0x812EBEBF","293","583","0x11","23783781","23784074","GFX2............................"
"1","33584","0x329b26d4","0x0","0xb166","165","size","493","patch20/vehicles/bikes/roachac/kingcobra_ac_frame_1.gfx",".gfx","0x56D26469","293","591","0x11","26687316","26687609","GFX2............................"
"1","33584","0x329b26d4","0x0","0xb166","165","size","504","patch20/vehicles/bikes/roachhorror/kingcobra_horror_frame_1.gfx",".gfx","0x8E5C3560","293","591","0x11","26690570","26690863","GFX2............................"
"1","33584","0x329b26d4","0x0","0xb166","165","size","514","patch20/vehicles/bikes/roach_flame/kingcobra_flame_frame_1.gfx",".gfx","0xA5CA4130","293","591","0x11","26693409","26693702","GFX2............................"
"1","33605","0x30070bf4","0x0","0xb22a","166","size","424","patch20/vehicles/bikes/pitvipercomicbook/cheetah_comicbook_fender_rear_1.gfx",".gfx","0x925B72B1","294","595","0x11","26666141","26666435","GFX2............................"
"1","33605","0x30070bf4","0x0","0xb22a","166","size","434","patch20/vehicles/bikes/pitviperevo/cheetah_evo_fender_rear_1.gfx",".gfx","0xE74930E4","294","595","0x11","26669279","26669573","GFX2............................"
"1","33605","0x30070bf4","0x0","0xb22a","166","size","455","patch20/vehicles/bikes/pitviperwatchdogs/cheetah_watchdogs_fender_rear_1.gfx",".gfx","0xBF2E6D8F","294","595","0x11","26675663","26675957","GFX2............................"
"1","33605","0x30070bf4","0x0","0xb22a","166","size","461","patch20/vehicles/bikes/pitviperwatchdogs/cheetah_watchdogs_tank_1.gfx",".gfx","0x8452B2FF","294","584","0x11","26677523","26677817","GFX2............................"
"1","33605","0x30070bf4","0x0","0xb22a","166","size","469","patch20/vehicles/bikes/rabbitwildcat/paper_boy_wildcat_frame_1.gfx",".gfx","0x9B04D4C1","294","590","0x11","26680090","26680384","GFX2............................"
"1","33606","0x3045d5d4","0x0","0xb285","165","size","361","patch20/characters/male_punk/male_punk_legs.gfx",".gfx","0x812EBEBF","293","583","0x11","23783781","23784074","GFX2............................"
"1","33606","0x3045d5d4","0x0","0xb285","165","size","493","patch20/vehicles/bikes/roachac/kingcobra_ac_frame_1.gfx",".gfx","0x56D26469","293","591","0x11","26687316","26687609","GFX2............................"
"1","33606","0x3045d5d4","0x0","0xb285","165","size","504","patch20/vehicles/bikes/roachhorror/kingcobra_horror_frame_1.gfx",".gfx","0x8E5C3560","293","591","0x11","26690570","26690863","GFX2............................"
"1","33606","0x3045d5d4","0x0","0xb285","165","size","514","patch20/vehicles/bikes/roach_flame/kingcobra_flame_frame_1.gfx",".gfx","0xA5CA4130","293","591","0x11","26693409","26693702","GFX2............................"
"1","33607","0x31c16084","0x0","0xb106","171","size","15","ingamemusiccollection20.xml",".xml","0x021BE227","171","51","0x11","79200","79371","GFX2............................"
"1","33607","0x31c16084","0x0","0xb106","171","size","343","patch20/characters/female_assassin/female_assassin_legs.gfx",".gfx","0xBE3CA5C8","299","593","0x11","23735023","23735322","GFX2............................"
"1","33608","0x33760ce4","0x0","0xd72e","170","size","338","patch20/characters/femaleoutfit_1/female_outfit_1_top.gfx",".gfx","0x9D4AE1D0","298","590","0x11","23733555","23733853","GFX2........................A..."
"1","33608","0x33760ce4","0x0","0xd72e","170","size","346","patch20/characters/female_indian/female_indian_legs.gfx",".gfx","0x6926967E","298","590","0x11","23735894","23736192","GFX2........................A..."
"1","33608","0x33760ce4","0x0","0xd72e","170","size","351","patch20/characters/female_tech/female_tech_bottom.gfx",".gfx","0xDFE7D860","298","590","0x11","23737347","23737645","GFX2........................A..."
"1","33608","0x33760ce4","0x0","0xd72e","170","size","472","patch20/vehicles/bikes/rabbitwildcat/paper_boy_wildcat_tire_front_1.gfx",".gfx","0x8D2296E0","298","600","0x11","26681000","26681298","GFX2........................A..."
"1","33609","0x320913e4","0x0","0xd6c5","170","size","338","patch20/characters/femaleoutfit_1/female_outfit_1_top.gfx",".gfx","0x9D4AE1D0","298","590","0x11","23733555","23733853","GFX2............................"
"1","33609","0x320913e4","0x0","0xd6c5","170","size","346","patch20/characters/female_indian/female_indian_legs.gfx",".gfx","0x6926967E","298","590","0x11","23735894","23736192","GFX2............................"
"1","33609","0x320913e4","0x0","0xd6c5","170","size","351","patch20/characters/female_tech/female_tech_bottom.gfx",".gfx","0xDFE7D860","298","590","0x11","23737347","23737645","GFX2............................"
"1","33609","0x320913e4","0x0","0xd6c5","170","size","472","patch20/vehicles/bikes/rabbitwildcat/paper_boy_wildcat_tire_front_1.gfx",".gfx","0x8D2296E0","298","600","0x11","26681000","26681298","GFX2............................"
"1","33610","0x30070624","0x0","0xbf70","170","size","338","patch20/characters/femaleoutfit_1/female_outfit_1_top.gfx",".gfx","0x9D4AE1D0","298","590","0x11","23733555","23733853","GFX2............................"
"1","33610","0x30070624","0x0","0xbf70","170","size","346","patch20/characters/female_indian/female_indian_legs.gfx",".gfx","0x6926967E","298","590","0x11","23735894","23736192","GFX2............................"
"1","33610","0x30070624","0x0","0xbf70","170","size","351","patch20/characters/female_tech/female_tech_bottom.gfx",".gfx","0xDFE7D860","298","590","0x11","23737347","23737645","GFX2............................"
"1","33610","0x30070624","0x0","0xbf70","170","size","472","patch20/vehicles/bikes/rabbitwildcat/paper_boy_wildcat_tire_front_1.gfx",".gfx","0x8D2296E0","298","600","0x11","26681000","26681298","GFX2............................"
"1","33611","0x31c16164","0x0","0xd794","170","size","338","patch20/characters/femaleoutfit_1/female_outfit_1_top.gfx",".gfx","0x9D4AE1D0","298","590","0x11","23733555","23733853","GFX2............................"
"1","33611","0x31c16164","0x0","0xd794","170","size","346","patch20/characters/female_indian/female_indian_legs.gfx",".gfx","0x6926967E","298","590","0x11","23735894","23736192","GFX2............................"
"1","33611","0x31c16164","0x0","0xd794","170","size","351","patch20/characters/female_tech/female_tech_bottom.gfx",".gfx","0xDFE7D860","298","590","0x11","23737347","23737645","GFX2............................"
"1","33611","0x31c16164","0x0","0xd794","170","size","472","patch20/vehicles/bikes/rabbitwildcat/paper_boy_wildcat_tire_front_1.gfx",".gfx","0x8D2296E0","298","600","0x11","26681000","26681298","GFX2............................"
"1","33612","0x3376a684","0x0","0xd7f2","170","size","338","patch20/characters/femaleoutfit_1/female_outfit_1_top.gfx",".gfx","0x9D4AE1D0","298","590","0x11","23733555","23733853","GFX2............................"
"1","33612","0x3376a684","0x0","0xd7f2","170","size","346","patch20/characters/female_indian/female_indian_legs.gfx",".gfx","0x6926967E","298","590","0x11","23735894","23736192","GFX2............................"
"1","33612","0x3376a684","0x0","0xd7f2","170","size","351","patch20/characters/female_tech/female_tech_bottom.gfx",".gfx","0xDFE7D860","298","590","0x11","23737347","23737645","GFX2............................"
"1","33612","0x3376a684","0x0","0xd7f2","170","size","472","patch20/vehicles/bikes/rabbitwildcat/paper_boy_wildcat_tire_front_1.gfx",".gfx","0x8D2296E0","298","600","0x11","26681000","26681298","GFX2............................"
"1","338954","0x32b90f34","0x0","0x3180","87","size","1","audiocollection20.xml",".xml","0xB951CA25","215","87","0x10","9550","9765","<"
"1","338954","0x32b90f34","0x0","0x3180","87","size","537","stampcollection20.xml",".xml","0x260C723F","191","87","0x11","26699834","26700025","<"
"1","339777","0x31ad3db4","0x1","0x19bb","33","size","301","pack20/objectgroups.xml",".xml","0x27119DA7","161","33","0x10","23722300","23722461","<"
"1","340296","0x30433e84","0x0","0x25a6","476","size","259","objects/pack20/patch_error_145547543.mdl",".mdl","0xA281222D","476","348","0x10","21321061","21321537","<"
"1","340775","0x2c179384","0x1","0x9ef","52","size","5","constrainscollection20.xml",".xml","0xF264C17D","180","52","0x10","12975","13155","<"
"1","34412","0x30071214","0x0","0x22d1f","27896","size","291","objects/pack20/uzumaki_rim_2_1584558215.mdl",".mdl","0xBEB2D626","27896","27768","0x10","23679976","23707872","GFX2............................"
"1","350333","0x31ad3d34","0x0","0x269f","87","size","1","audiocollection20.xml",".xml","0xB951CA25","215","87","0x10","9550","9765","<"
"1","350333","0x31ad3d34","0x0","0x269f","87","size","537","stampcollection20.xml",".xml","0x260C723F","191","87","0x11","26699834","26700025","<"
"1","35125","0x31c15c84","0x0","0x5207e","1950","size","13","images/garage/rider/small/Female_2_Head.png.tex",".tex","0x52FE2908","1950","4126","0x11","75502","77452","GFX2............................"
"1","351529","0x34f539e4","0x1","0x1e94","33","size","301","pack20/objectgroups.xml",".xml","0x27119DA7","161","33","0x10","23722300","23722461","<"
"1","352053","0x34f53a04","0x0","0x2a8d","476","size","259","objects/pack20/patch_error_145547543.mdl",".mdl","0xA281222D","476","348","0x10","21321061","21321537","<"
"1","352532","0x34f539c4","0x1","0xf76","52","size","5","constrainscollection20.xml",".xml","0xF264C17D","180","52","0x10","12975","13155","<"
"1","378059","0x326eaa74","0x0","0x2b86","87","size","1","audiocollection20.xml",".xml","0xB951CA25","215","87","0x10","9550","9765","<"
"1","378059","0x326eaa74","0x0","0x2b86","87","size","537","stampcollection20.xml",".xml","0x260C723F","191","87","0x11","26699834","26700025","<"
"1","379222","0x32beaf84","0x1","0x244a","33","size","301","pack20/objectgroups.xml",".xml","0x27119DA7","161","33","0x10","23722300","23722461","<"
"1","379874","0x32beaf44","0x0","0x3021","476","size","259","objects/pack20/patch_error_145547543.mdl",".mdl","0xA281222D","476","348","0x10","21321061","21321537","<"
"1","380353","0x305695e4","0x1","0x1255","52","size","5","constrainscollection20.xml",".xml","0xF264C17D","180","52","0x10","12975","13155","<"
"1","38570","0x63e7b4c","0x0","0x2f751c0","4126","size","12","images/garage/rider/small/Female_2_Body.png.tex",".tex","0x7D99EAA8","2284","4126","0x11","73218","75502","T5X"
"1","38570","0x63e7b4c","0x0","0x2f751c0","4126","size","13","images/garage/rider/small/Female_2_Head.png.tex",".tex","0x52FE2908","1950","4126","0x11","75502","77452","T5X"
"1","38570","0x63e7b4c","0x0","0x2f751c0","4126","size","14","images/garage/rider/small/Female_2_Pants.png.tex",".tex","0x7DA63911","1748","4126","0x11","77452","79200","T5X"
"1","410046","0x32bea994","0x0","0x311a","87","size","1","audiocollection20.xml",".xml","0xB951CA25","215","87","0x10","9550","9765","<"
"1","410046","0x32bea994","0x0","0x311a","87","size","537","stampcollection20.xml",".xml","0x260C723F","191","87","0x11","26699834","26700025","<"
"1","411190","0x32619e24","0x1","0x212f","33","size","301","pack20/objectgroups.xml",".xml","0x27119DA7","161","33","0x10","23722300","23722461","<"
"1","411226","0x32619ce4","0x0","0x1526","461","size","395","patch20/tools/controller/ps4/controller_b_1.gfx",".gfx","0xD8EAD80A","290","461","0x11","26642058","26642348","<"
"1","411696","0x32619d04","0x0","0x2cf1","476","size","259","objects/pack20/patch_error_145547543.mdl",".mdl","0xA281222D","476","348","0x10","21321061","21321537","<"
"1","412175","0x32619d84","0x1","0xeb0","52","size","5","constrainscollection20.xml",".xml","0xF264C17D","180","52","0x10","12975","13155","<"
"1","434092","0x32619f64","0x0","0x2dea","87","size","1","audiocollection20.xml",".xml","0xB951CA25","215","87","0x10","9550","9765","<"
"1","434092","0x32619f64","0x0","0x2dea","87","size","537","stampcollection20.xml",".xml","0x260C723F","191","87","0x11","26699834","26700025","<"
"1","435030","0x33811034","0x1","0x260d","33","size","301","pack20/objectgroups.xml",".xml","0x27119DA7","161","33","0x10","23722300","23722461","<"
"1","435538","0x31ef6944","0x0","0x31de","476","size","259","objects/pack20/patch_error_145547543.mdl",".mdl","0xA281222D","476","348","0x10","21321061","21321537","<"
"1","436017","0x320327f4","0x1","0x1435","52","size","5","constrainscollection20.xml",".xml","0xF264C17D","180","52","0x10","12975","13155","<"
"1","47374","0x304a26d4","0x0","0x1155a","9435","size","137","objects/pack20/elise_ponytail_2149873696.mdl",".mdl","0x4765A698","9563","9435","0x10","11937276","11946839","GFX2............................"
"1","475877","0x33811074","0x0","0x32d7","87","size","1","audiocollection20.xml",".xml","0xB951CA25","215","87","0x10","9550","9765","<"
"1","475877","0x33811074","0x0","0x32d7","87","size","537","stampcollection20.xml",".xml","0x260C723F","191","87","0x11","26699834","26700025","<"
"1","476867","0x3200fea4","0x1","0x22e4","33","size","301","pack20/objectgroups.xml",".xml","0x27119DA7","161","33","0x10","23722300","23722461","<"
"1","476955","0x3200ffa4","0x0","0x312a","476","size","259","objects/pack20/patch_error_145547543.mdl",".mdl","0xA281222D","476","348","0x10","21321061","21321537","<"
"1","477434","0x3200ff24","0x1","0xdfe","52","size","5","constrainscollection20.xml",".xml","0xF264C17D","180","52","0x10","12975","13155","<"
"1","47955","0x31f24e84","0x0","0x124b0","742","size","427","patch20/vehicles/bikes/pitvipercomicbook/cheetah_comicbook_headlight_1.gfx",".gfx","0xE48C05E0","424","742","0x11","26666988","26667412","GFX2..........@.F..............."
"1","47955","0x31f24e84","0x0","0x124b0","742","size","437","patch20/vehicles/bikes/pitviperevo/cheetah_evo_headlight_1.gfx",".gfx","0x063EC573","424","742","0x11","26670125","26670549","GFX2..........@.F..............."
"1","47955","0x31f24e84","0x0","0x124b0","742","size","447","patch20/vehicles/bikes/pitvipergold/cheetah_gold_headlight_1.gfx",".gfx","0x74A60A61","424","742","0x11","26673179","26673603","GFX2..........@.F..............."
"1","47955","0x31f24e84","0x0","0x124b0","742","size","458","patch20/vehicles/bikes/pitviperwatchdogs/cheetah_watchdogs_headlight_1.gfx",".gfx","0x3AFCD1DB","424","742","0x11","26676510","26676934","GFX2..........@.F..............."
"1","47955","0x31f24e84","0x0","0x124b0","742","size","486","patch20/vehicles/bikes/rayman_roach/rayman_roach_head_light.gfx",".gfx","0xF289178B","441","742","0x11","26685107","26685548","GFX2..........@.F..............."
"1","494293","0x3200fd44","0x0","0x3223","87","size","1","audiocollection20.xml",".xml","0xB951CA25","215","87","0x10","9550","9765","<"
"1","494293","0x3200fd44","0x0","0x3223","87","size","537","stampcollection20.xml",".xml","0x260C723F","191","87","0x11","26699834","26700025","<"
"1","50397","0x3275d6d4","0x0","0x4ba4","8989","size","274","objects/pack20/rayman_pitviper_headlight_4087115529.mdl",".mdl","0x67F2CF7D","8989","8861","0x10","22548348","22557337","GFX2............................"
"1","52355","0x30bff404","0x0","0x1b9b","435","size","400","patch20/vehicles/bikes/baggie_80s/minx_80s_exhaust_1.gfx",".gfx","0xA60AD54A","258","435","0x11","26643570","26643828","GFX2............................"
"1","52355","0x30bff404","0x0","0x1b9b","435","size","444","patch20/vehicles/bikes/pitvipergold/cheetah_gold_fender_rear_1.gfx",".gfx","0x2F022799","260","435","0x11","26672365","26672625","GFX2............................"
"1","52356","0x30bff6a4","0x0","0x4569d","446","size","357","patch20/characters/male_assassin/m_assassin_head.gfx",".gfx","0x4538C18B","267","446","0x11","23782677","23782944","GFX2............................"
"1","52356","0x30bff6a4","0x0","0x4569d","446","size","475","patch20/vehicles/bikes/rayman_pitviper/rayman_pitviper_enginefender.gfx",".gfx","0xB753A323","271","446","0x11","26682066","26682337","GFX2............................"
"1","52356","0x30bff6a4","0x0","0x4569d","446","size","495","patch20/vehicles/bikes/roachac/kingcobra_ac_front_suspension_1.gfx",".gfx","0x4AB49C21","270","446","0x11","26687875","26688145","GFX2............................"
"1","52356","0x30bff6a4","0x0","0x4569d","446","size","506","patch20/vehicles/bikes/roachhorror/kingcobra_horror_front_suspension_1.gfx",".gfx","0x167B97D1","270","446","0x11","26691129","26691399","GFX2............................"
"1","52356","0x30bff6a4","0x0","0x4569d","446","size","516","patch20/vehicles/bikes/roach_flame/kingcobra_flame_front_suspension_1.gfx",".gfx","0x10F04679","270","446","0x11","26693968","26694238","GFX2............................"
"1","52356","0x30bff6a4","0x0","0x4569d","446","size","527","patch20/vehicles/bikes/tkopandacamo/fat_grizzly_camo_suspension_front_1.gfx",".gfx","0x1C92F26E","269","446","0x11","26697237","26697506","GFX2............................"
"1","52356","0x30bff6a4","0x0","0x4569d","446","size","534","patch20/vehicles/bikes/tkopandawasp/fat_grizzly_wasp_suspension_front_1.gfx",".gfx","0x9B5BF8ED","269","446","0x11","26699153","26699422","GFX2............................"
"1","53236","0x3023dcf4","0x0","0x1f68","432","size","406","patch20/vehicles/bikes/baggie_80s/minx_80s_seat_1.gfx",".gfx","0x45337A29","256","432","0x11","26645138","26645394","GFX2............................"
"1","53236","0x3023dcf4","0x0","0x1f68","432","size","420","patch20/vehicles/bikes/pitvipercomicbook/cheetah_comicbook_engine_1.gfx",".gfx","0x7A7B4D6C","257","432","0x11","26665020","26665277","GFX2............................"
"1","53236","0x3023dcf4","0x0","0x1f68","432","size","430","patch20/vehicles/bikes/pitviperevo/cheetah_evo_engine_1.gfx",".gfx","0x141B0A12","257","432","0x11","26668149","26668406","GFX2............................"
"1","53236","0x3023dcf4","0x0","0x1f68","432","size","440","patch20/vehicles/bikes/pitvipergold/cheetah_gold_engine_1.gfx",".gfx","0xFE3A47D2","257","432","0x11","26671285","26671542","GFX2............................"
"1","53236","0x3023dcf4","0x0","0x1f68","432","size","452","patch20/vehicles/bikes/pitviperwatchdogs/cheetah_watchdogs_engine_1.gfx",".gfx","0x6C60D2CC","257","432","0x11","26674849","26675106","GFX2............................"
"1","53303","0x32300244","0x0","0x1ee7","433","size","310","patch20/characters/apocalypse_mask/apocalypse_mask.gfx",".gfx","0xC1408077","259","433","0x11","23726035","23726294","GFX2............................"
"1","53303","0x32300244","0x0","0x1ee7","433","size","313","patch20/characters/arno/arno_torso.gfx",".gfx","0x1B275455","257","433","0x11","23726810","23727067","GFX2............................"
"1","53303","0x32300244","0x0","0x1ee7","433","size","403","patch20/vehicles/bikes/baggie_80s/minx_80s_frame_1.gfx",".gfx","0xE48FDE0A","256","433","0x11","26644355","26644611","GFX2............................"
"1","53303","0x32300244","0x0","0x1ee7","433","size","414","patch20/vehicles/bikes/donkey_bike/donkey_rear_suspension_1.gfx",".gfx","0x486FBC03","253","433","0x11","26660752","26661005","GFX2............................"
"1","53303","0x32300244","0x0","0x1ee7","433","size","422","patch20/vehicles/bikes/pitvipercomicbook/cheetah_comicbook_exhaust_1.gfx",".gfx","0xB9CD4E96","256","433","0x11","26665583","26665839","GFX2............................"
"1","53303","0x32300244","0x0","0x1ee7","433","size","432","patch20/vehicles/bikes/pitviperevo/cheetah_evo_exhaust_1.gfx",".gfx","0x0DAC7570","256","433","0x11","26668715","26668971","GFX2............................"
"1","53303","0x32300244","0x0","0x1ee7","433","size","442","patch20/vehicles/bikes/pitvipergold/cheetah_gold_exhaust_1.gfx",".gfx","0x58DBB4B8","256","433","0x11","26671806","26672062","GFX2............................"
"1","53303","0x32300244","0x0","0x1ee7","433","size","453","patch20/vehicles/bikes/pitviperwatchdogs/cheetah_watchdogs_exhaust_1.gfx",".gfx","0x0EBBEB78","256","433","0x11","26675106","26675362","GFX2............................"
"1","53315","0x32300cd4","0x0","0x1cff","605","size","421","patch20/vehicles/bikes/pitvipercomicbook/cheetah_comicbook_engine_fender_1.gfx",".gfx","0x2CCD2146","306","605","0x11","26665277","26665583","GFX2............................"
"1","53315","0x32300cd4","0x0","0x1cff","605","size","431","patch20/vehicles/bikes/pitviperevo/cheetah_evo_engine_fender_1.gfx",".gfx","0x9B7D7FAE","309","605","0x11","26668406","26668715","GFX2............................"
"1","59370","0x30c9fcd4","0x0","0x15623","436","size","317","patch20/characters/bounty_hunter/bounty_hunter_helmet.gfx",".gfx","0x76F6A5CE","259","436","0x11","23727827","23728086","GFX2............................"
"1","59370","0x30c9fcd4","0x0","0x15623","436","size","352","patch20/characters/female_tech/female_tech_helmet.gfx",".gfx","0x9CB762CA","263","436","0x11","23737645","23737908","GFX2............................"
"1","59370","0x30c9fcd4","0x0","0x15623","436","size","480","patch20/vehicles/bikes/rayman_roach/rayman_roach_engine.gfx",".gfx","0xA4188511","260","436","0x11","26683417","26683677","GFX2............................"
"1","59370","0x30c9fcd4","0x0","0x15623","436","size","490","patch20/vehicles/bikes/roachac/kingcobra_ac_engine_1.gfx",".gfx","0x408F10C6","260","436","0x11","26686512","26686772","GFX2............................"
"1","59370","0x30c9fcd4","0x0","0x15623","436","size","501","patch20/vehicles/bikes/roachhorror/kingcobra_horror_engine_1.gfx",".gfx","0x20B196D6","260","436","0x11","26689767","26690027","GFX2............................"
"1","59370","0x30c9fcd4","0x0","0x15623","436","size","511","patch20/vehicles/bikes/roach_flame/kingcobra_flame_engine_1.gfx",".gfx","0x3F6266CF","260","436","0x11","26692606","26692866","GFX2............................"
"1","59371","0x3622df04","0x0","0x1599c","439","size","345","patch20/characters/female_indian/female_indian_helmet.gfx",".gfx","0x2CE3EF75","264","439","0x11","23735630","23735894","GFX2............................"
"1","59371","0x3622df04","0x0","0x1599c","439","size","348","patch20/characters/female_officer/female_officer_helmet.gfx",".gfx","0xA80EE297","263","439","0x11","23736487","23736750","GFX2............................"
"1","59371","0x3622df04","0x0","0x1599c","439","size","402","patch20/vehicles/bikes/baggie_80s/minx_80s_fender_rear_1.gfx",".gfx","0x6AC3D890","263","439","0x11","26644092","26644355","GFX2............................"
"1","59371","0x3622df04","0x0","0x1599c","439","size","441","patch20/vehicles/bikes/pitvipergold/cheetah_gold_engine_fender_1.gfx",".gfx","0x76B126E8","264","439","0x11","26671542","26671806","GFX2............................"
"1","59371","0x3622df04","0x0","0x1599c","439","size","525","patch20/vehicles/bikes/tkopandacamo/fat_grizzly_camo_headlight_1.gfx",".gfx","0x4EA41D25","263","439","0x11","26696712","26696975","GFX2............................"
"1","59371","0x3622df04","0x0","0x1599c","439","size","532","patch20/vehicles/bikes/tkopandawasp/fat_grizzly_wasp_headlight_1.gfx",".gfx","0x9D424530","263","439","0x11","26698628","26698891","GFX2............................"
"1","59373","0x30c8e134","0x0","0x156a8","442","size","426","patch20/vehicles/bikes/pitvipercomicbook/cheetah_comicbook_front_suspension_1.gfx",".gfx","0xEE6825D2","264","442","0x11","26666724","26666988","GFX2............................"
"1","59373","0x30c8e134","0x0","0x156a8","442","size","436","patch20/vehicles/bikes/pitviperevo/cheetah_evo_front_suspension_1.gfx",".gfx","0xF80465EC","264","442","0x11","26669861","26670125","GFX2............................"
"1","59373","0x30c8e134","0x0","0x156a8","442","size","446","patch20/vehicles/bikes/pitvipergold/cheetah_gold_front_suspension_1.gfx",".gfx","0xBA0D5270","264","442","0x11","26672915","26673179","GFX2............................"
"1","59373","0x30c8e134","0x0","0x156a8","442","size","457","patch20/vehicles/bikes/pitviperwatchdogs/cheetah_watchdogs_front_suspension_1.gfx",".gfx","0x45D8964F","264","442","0x11","26676246","26676510","GFX2............................"
"1","59373","0x30c8e134","0x0","0x156a8","442","size","471","patch20/vehicles/bikes/rabbitwildcat/paper_boy_wildcat_suspension_front_1.gfx",".gfx","0x1E1284D6","265","442","0x11","26680735","26681000","GFX2............................"
"1","59373","0x30c8e134","0x0","0x156a8","442","size","482","patch20/vehicles/bikes/rayman_roach/rayman_roach_exhaust.gfx",".gfx","0xB345FCD7","276","442","0x11","26683944","26684220","GFX2............................"
"1","59373","0x30c8e134","0x0","0x156a8","442","size","487","patch20/vehicles/bikes/rayman_roach/rayman_roach_rear_fender.gfx",".gfx","0x15C53B53","276","442","0x11","26685548","26685824","GFX2............................"
"1","59373","0x30c8e134","0x0","0x156a8","442","size","492","patch20/vehicles/bikes/roachac/kingcobra_ac_exhaust_pipe_1.gfx",".gfx","0x3D81AD9C","276","442","0x11","26687040","26687316","GFX2............................"
"1","59373","0x30c8e134","0x0","0x156a8","442","size","494","patch20/vehicles/bikes/roachac/kingcobra_ac_front_fender_1.gfx",".gfx","0xD75693E8","266","442","0x11","26687609","26687875","GFX2............................"
"1","59373","0x30c8e134","0x0","0x156a8","442","size","503","patch20/vehicles/bikes/roachhorror/kingcobra_horror_exhaust_pipe_1.gfx",".gfx","0xB2C403F0","276","442","0x11","26690294","26690570","GFX2............................"
"1","59373","0x30c8e134","0x0","0x156a8","442","size","505","patch20/vehicles/bikes/roachhorror/kingcobra_horror_front_fender_1.gfx",".gfx","0xFCA691DA","266","442","0x11","26690863","26691129","GFX2............................"
"1","59373","0x30c8e134","0x0","0x156a8","442","size","513","patch20/vehicles/bikes/roach_flame/kingcobra_flame_exhaust_pipe_1.gfx",".gfx","0xA7980087","276","442","0x11","26693133","26693409","GFX2............................"
"1","59373","0x30c8e134","0x0","0x156a8","442","size","515","patch20/vehicles/bikes/roach_flame/kingcobra_flame_front_fender_1.gfx",".gfx","0x07C432BD","266","442","0x11","26693702","26693968","GFX2............................"
"1","59374","0x3622e124","0x0","0x15884","442","size","426","patch20/vehicles/bikes/pitvipercomicbook/cheetah_comicbook_front_suspension_1.gfx",".gfx","0xEE6825D2","264","442","0x11","26666724","26666988","GFX2............................"
"1","59374","0x3622e124","0x0","0x15884","442","size","436","patch20/vehicles/bikes/pitviperevo/cheetah_evo_front_suspension_1.gfx",".gfx","0xF80465EC","264","442","0x11","26669861","26670125","GFX2............................"
"1","59374","0x3622e124","0x0","0x15884","442","size","446","patch20/vehicles/bikes/pitvipergold/cheetah_gold_front_suspension_1.gfx",".gfx","0xBA0D5270","264","442","0x11","26672915","26673179","GFX2............................"
"1","59374","0x3622e124","0x0","0x15884","442","size","457","patch20/vehicles/bikes/pitviperwatchdogs/cheetah_watchdogs_front_suspension_1.gfx",".gfx","0x45D8964F","264","442","0x11","26676246","26676510","GFX2............................"
"1","59374","0x3622e124","0x0","0x15884","442","size","471","patch20/vehicles/bikes/rabbitwildcat/paper_boy_wildcat_suspension_front_1.gfx",".gfx","0x1E1284D6","265","442","0x11","26680735","26681000","GFX2............................"
"1","59374","0x3622e124","0x0","0x15884","442","size","482","patch20/vehicles/bikes/rayman_roach/rayman_roach_exhaust.gfx",".gfx","0xB345FCD7","276","442","0x11","26683944","26684220","GFX2............................"
"1","59374","0x3622e124","0x0","0x15884","442","size","487","patch20/vehicles/bikes/rayman_roach/rayman_roach_rear_fender.gfx",".gfx","0x15C53B53","276","442","0x11","26685548","26685824","GFX2............................"
"1","59374","0x3622e124","0x0","0x15884","442","size","492","patch20/vehicles/bikes/roachac/kingcobra_ac_exhaust_pipe_1.gfx",".gfx","0x3D81AD9C","276","442","0x11","26687040","26687316","GFX2............................"
"1","59374","0x3622e124","0x0","0x15884","442","size","494","patch20/vehicles/bikes/roachac/kingcobra_ac_front_fender_1.gfx",".gfx","0xD75693E8","266","442","0x11","26687609","26687875","GFX2............................"
"1","59374","0x3622e124","0x0","0x15884","442","size","503","patch20/vehicles/bikes/roachhorror/kingcobra_horror_exhaust_pipe_1.gfx",".gfx","0xB2C403F0","276","442","0x11","26690294","26690570","GFX2............................"
"1","59374","0x3622e124","0x0","0x15884","442","size","505","patch20/vehicles/bikes/roachhorror/kingcobra_horror_front_fender_1.gfx",".gfx","0xFCA691DA","266","442","0x11","26690863","26691129","GFX2............................"
"1","59374","0x3622e124","0x0","0x15884","442","size","513","patch20/vehicles/bikes/roach_flame/kingcobra_flame_exhaust_pipe_1.gfx",".gfx","0xA7980087","276","442","0x11","26693133","26693409","GFX2............................"
"1","59374","0x3622e124","0x0","0x15884","442","size","515","patch20/vehicles/bikes/roach_flame/kingcobra_flame_front_fender_1.gfx",".gfx","0x07C432BD","266","442","0x11","26693702","26693968","GFX2............................"
"1","59375","0x30c9f774","0x0","0x15b4a","608","size","497","patch20/vehicles/bikes/roachac/kingcobra_ac_rear_fender_1.gfx",".gfx","0xD0975F14","309","608","0x11","26688559","26688868","GFX2............................"
"1","59375","0x30c9f774","0x0","0x15b4a","608","size","507","patch20/vehicles/bikes/roachhorror/kingcobra_horror_rear_fender_1.gfx",".gfx","0xC3CB1A40","308","608","0x11","26691399","26691707","GFX2............................"
"1","59377","0x334e5694","0x0","0x15bff","438","size","366","patch20/characters/plague_doctor_helmet/plague_doctor_helmet.gfx",".gfx","0x82808A6E","262","438","0x11","23785149","23785411","GFX2............................"
"1","59377","0x334e5694","0x0","0x15bff","438","size","405","patch20/vehicles/bikes/baggie_80s/minx_80s_head_light_1.gfx",".gfx","0x5B0FF1EE","262","438","0x11","26644876","26645138","GFX2............................"
"1","59377","0x334e5694","0x0","0x15bff","438","size","423","patch20/vehicles/bikes/pitvipercomicbook/cheetah_comicbook_fender_front_1.gfx",".gfx","0x5507F76B","302","438","0x11","26665839","26666141","GFX2............................"
"1","59377","0x334e5694","0x0","0x15bff","438","size","433","patch20/vehicles/bikes/pitviperevo/cheetah_evo_fender_front_1.gfx",".gfx","0x43D3CB28","308","438","0x11","26668971","26669279","GFX2............................"
"1","59377","0x334e5694","0x0","0x15bff","438","size","443","patch20/vehicles/bikes/pitvipergold/cheetah_gold_fender_front_1.gfx",".gfx","0xD886E847","303","438","0x11","26672062","26672365","GFX2............................"
"1","59377","0x334e5694","0x0","0x15bff","438","size","454","patch20/vehicles/bikes/pitviperwatchdogs/cheetah_watchdogs_fender_front_1.gfx",".gfx","0xF34409DD","301","438","0x11","26675362","26675663","GFX2............................"
"1","59377","0x334e5694","0x0","0x15bff","438","size","476","patch20/vehicles/bikes/rayman_pitviper/rayman_pitviper_fender_front.gfx",".gfx","0x81EBFC66","262","438","0x11","26682337","26682599","GFX2............................"
"1","59377","0x334e5694","0x0","0x15bff","438","size","488","patch20/vehicles/bikes/rayman_roach/rayman_roach_steering.gfx",".gfx","0x588CECE5","261","438","0x11","26685824","26686085","GFX2............................"
"1","59377","0x334e5694","0x0","0x15bff","438","size","499","patch20/vehicles/bikes/roachac/kingcobra_ac_steering_1.gfx",".gfx","0xD7FE8DFA","261","438","0x11","26689127","26689388","GFX2............................"
"1","59377","0x334e5694","0x0","0x15bff","438","size","509","patch20/vehicles/bikes/roachhorror/kingcobra_horror_steering_1.gfx",".gfx","0x07326DE8","261","438","0x11","26691966","26692227","GFX2............................"
"1","59377","0x334e5694","0x0","0x15bff","438","size","520","patch20/vehicles/bikes/roach_flame/kingcobra_flame_steering_1.gfx",".gfx","0xED290E67","261","438","0x11","26695219","26695480","GFX2............................"
"1","59377","0x334e5694","0x0","0x15bff","438","size","526","patch20/vehicles/bikes/tkopandacamo/fat_grizzly_camo_steering_1.gfx",".gfx","0xAD395CC9","262","438","0x11","26696975","26697237","GFX2............................"
"1","59377","0x334e5694","0x0","0x15bff","438","size","533","patch20/vehicles/bikes/tkopandawasp/fat_grizzly_wasp_steering_1.gfx",".gfx","0x7998407B","262","438","0x11","26698891","26699153","GFX2............................"
"1","59378","0x334e5794","0x0","0x1590e","446","size","357","patch20/characters/male_assassin/m_assassin_head.gfx",".gfx","0x4538C18B","267","446","0x11","23782677","23782944","GFX2............................"
"1","59378","0x334e5794","0x0","0x1590e","446","size","475","patch20/vehicles/bikes/rayman_pitviper/rayman_pitviper_enginefender.gfx",".gfx","0xB753A323","271","446","0x11","26682066","26682337","GFX2............................"
"1","59378","0x334e5794","0x0","0x1590e","446","size","495","patch20/vehicles/bikes/roachac/kingcobra_ac_front_suspension_1.gfx",".gfx","0x4AB49C21","270","446","0x11","26687875","26688145","GFX2............................"
"1","59378","0x334e5794","0x0","0x1590e","446","size","506","patch20/vehicles/bikes/roachhorror/kingcobra_horror_front_suspension_1.gfx",".gfx","0x167B97D1","270","446","0x11","26691129","26691399","GFX2............................"
"1","59378","0x334e5794","0x0","0x1590e","446","size","516","patch20/vehicles/bikes/roach_flame/kingcobra_flame_front_suspension_1.gfx",".gfx","0x10F04679","270","446","0x11","26693968","26694238","GFX2............................"
"1","59378","0x334e5794","0x0","0x1590e","446","size","527","patch20/vehicles/bikes/tkopandacamo/fat_grizzly_camo_suspension_front_1.gfx",".gfx","0x1C92F26E","269","446","0x11","26697237","26697506","GFX2............................"
"1","59378","0x334e5794","0x0","0x1590e","446","size","534","patch20/vehicles/bikes/tkopandawasp/fat_grizzly_wasp_suspension_front_1.gfx",".gfx","0x9B5BF8ED","269","446","0x11","26699153","26699422","GFX2............................"
"1","59419","0x3349b714","0x0","0x112e","433","size","310","patch20/characters/apocalypse_mask/apocalypse_mask.gfx",".gfx","0xC1408077","259","433","0x11","23726035","23726294","GFX2............................"
"1","59419","0x3349b714","0x0","0x112e","433","size","313","patch20/characters/arno/arno_torso.gfx",".gfx","0x1B275455","257","433","0x11","23726810","23727067","GFX2............................"
"1","59419","0x3349b714","0x0","0x112e","433","size","403","patch20/vehicles/bikes/baggie_80s/minx_80s_frame_1.gfx",".gfx","0xE48FDE0A","256","433","0x11","26644355","26644611","GFX2............................"
"1","59419","0x3349b714","0x0","0x112e","433","size","414","patch20/vehicles/bikes/donkey_bike/donkey_rear_suspension_1.gfx",".gfx","0x486FBC03","253","433","0x11","26660752","26661005","GFX2............................"
"1","59419","0x3349b714","0x0","0x112e","433","size","422","patch20/vehicles/bikes/pitvipercomicbook/cheetah_comicbook_exhaust_1.gfx",".gfx","0xB9CD4E96","256","433","0x11","26665583","26665839","GFX2............................"
"1","59419","0x3349b714","0x0","0x112e","433","size","432","patch20/vehicles/bikes/pitviperevo/cheetah_evo_exhaust_1.gfx",".gfx","0x0DAC7570","256","433","0x11","26668715","26668971","GFX2............................"
"1","59419","0x3349b714","0x0","0x112e","433","size","442","patch20/vehicles/bikes/pitvipergold/cheetah_gold_exhaust_1.gfx",".gfx","0x58DBB4B8","256","433","0x11","26671806","26672062","GFX2............................"
"1","59419","0x3349b714","0x0","0x112e","433","size","453","patch20/vehicles/bikes/pitviperwatchdogs/cheetah_watchdogs_exhaust_1.gfx",".gfx","0x0EBBEB78","256","433","0x11","26675106","26675362","GFX2............................"
"1","59522","0x30c9f814","0x0","0xfdab","1384","size","2","bikes/bike_donkey.xml",".xml","0xCB240593","1384","3957","0x11","9765","11149","GFX2............................"
"1","59583","0x334e5594","0x0","0xc575","1236","size","3","bikes/bike_unicorn.xml",".xml","0x17FF978C","1364","3579","0x11","11149","12513","GFX2............................"
"1","59585","0x30c8e224","0x0","0xc744","1236","size","3","bikes/bike_unicorn.xml",".xml","0x17FF978C","1364","3579","0x11","11149","12513","GFX2............................"
"1","59587","0x320908c4","0x0","0xcf53","1236","size","3","bikes/bike_unicorn.xml",".xml","0x17FF978C","1364","3579","0x11","11149","12513","GFX2............................"
"1","59589","0x30bb16f4","0x0","0xcd7e","1236","size","3","bikes/bike_unicorn.xml",".xml","0x17FF978C","1364","3579","0x11","11149","12513","GFX2............................"
"1","59591","0x334e57f4","0x0","0xc91f","1236","size","3","bikes/bike_unicorn.xml",".xml","0x17FF978C","1364","3579","0x11","11149","12513","GFX2............................"
"1","59593","0x334e5434","0x0","0xcbb5","1236","size","3","bikes/bike_unicorn.xml",".xml","0x17FF978C","1364","3579","0x11","11149","12513","GFX2............................"
"1","59621","0x325ed6ac","0x0","0xe464","725","size","303","pack20/objects.xml",".xml","0x18630D86","495","725","0x11","23722862","23723357","GFX2............................"
"1","59901","0x30b23804","0x0","0xea35","10131","size","79","objects/pack20/cheetah_fender_front_1910176367.mdl",".mdl","0x5ACC409F","10131","10003","0x10","7431201","7441332","GFX2............B..............."
"1","60266","0x630eec4","0x0","0x1968567","462","size","396","patch20/tools/controller/xbox/controller_b_1.gfx",".gfx","0x2E0B859A","291","462","0x11","26642348","26642639","GFX2............?..............."
"1","60266","0x630eec4","0x0","0x1968567","462","size","399","patch20/vehicles/bikes/baggie_80s/minx_80s_engine_fender_1.gfx",".gfx","0x05733127","275","462","0x11","26643295","26643570","GFX2............?..............."
"1","60266","0x630eec4","0x0","0x1968567","462","size","4","config20.xml",".xml","0x118AA6E7","462","714","0x11","12513","12975","GFX2............?..............."
"1","60268","0x630cba4","0x0","0x19687ac","462","size","394","patch20/tools/controller/controller_b_1.gfx",".gfx","0x8DF4338E","291","462","0x11","26641767","26642058","GFX2............?..............."
"1","60268","0x630cba4","0x0","0x19687ac","462","size","399","patch20/vehicles/bikes/baggie_80s/minx_80s_engine_fender_1.gfx",".gfx","0x05733127","275","462","0x11","26643295","26643570","GFX2............?..............."
"1","60268","0x630cba4","0x0","0x19687ac","462","size","4","config20.xml",".xml","0x118AA6E7","462","714","0x11","12513","12975","GFX2............?..............."
"1","60269","0x630f4b4","0x0","0x1966782","429","size","322","patch20/characters/cat_rider/cat_rider_2.gfx",".gfx","0x348B8D7A","257","429","0x11","23729405","23729662","GFX2............................"
"1","60269","0x630f4b4","0x0","0x1966782","429","size","327","patch20/characters/clara/clara_torso.gfx",".gfx","0xDFFF6EED","253","429","0x11","23730594","23730847","GFX2............................"
"1","60269","0x630f4b4","0x0","0x1966782","429","size","335","patch20/characters/elise/elise_torso.gfx",".gfx","0x5A04AF52","253","429","0x11","23732737","23732990","GFX2............................"
"1","60269","0x630f4b4","0x0","0x1966782","429","size","355","patch20/characters/horror_mask/horror_mask.gfx",".gfx","0xD473C333","253","429","0x11","23782167","23782420","GFX2............................"
"1","60269","0x630f4b4","0x0","0x1966782","429","size","370","patch20/characters/rayman_outfit_1/rayman_helmet.gfx",".gfx","0xC5A0C919","253","429","0x11","26565175","26565428","GFX2............................"
"1","63646","0x630cc04","0x0","0x196658f","426","size","363","patch20/characters/partyhat/partyhat.gfx",".gfx","0x0A9026D2","250","426","0x11","23784377","23784627","GFX2............................"
"1","63646","0x630cc04","0x0","0x196658f","426","size","416","patch20/vehicles/bikes/donkey_bike/donkey_steering_1.gfx",".gfx","0xE17B0B45","251","426","0x11","26661254","26661505","GFX2............................"
"1","63647","0x630d114","0x0","0x1966492","428","size","185","objects/pack20/generic_medium_icon_1_2202330545.mdl",".mdl","0x26592A96","556","428","0x10","16855300","16855856","GFX2............................"
"1","63647","0x630d114","0x0","0x1966492","428","size","325","patch20/characters/clara/clara_head.gfx",".gfx","0x9806A972","253","428","0x11","23730088","23730341","GFX2............................"
"1","63647","0x630d114","0x0","0x1966492","428","size","326","patch20/characters/clara/clara_legs.gfx",".gfx","0x2CEAF96F","253","428","0x11","23730341","23730594","GFX2............................"
"1","63647","0x630d114","0x0","0x1966492","428","size","332","patch20/characters/dapper_pug/dapper_pug.gfx",".gfx","0x60B457EB","253","428","0x11","23731915","23732168","GFX2............................"
"1","63647","0x630d114","0x0","0x1966492","428","size","334","patch20/characters/elise/elise_legs.gfx",".gfx","0x42D94B6C","252","428","0x11","23732485","23732737","GFX2............................"
"1","63647","0x630d114","0x0","0x1966492","428","size","364","patch20/characters/pit_baggie/pit_baggie.gfx",".gfx","0xADBECEF3","253","428","0x11","23784627","23784880","GFX2............................"
"1","63647","0x630d114","0x0","0x1966492","428","size","413","patch20/vehicles/bikes/donkey_bike/donkey_front_tire_1.gfx",".gfx","0x1B415EC7","252","428","0x11","26660500","26660752","GFX2............................"
"1","63649","0x6214054","0x0","0x19723e1","438","size","366","patch20/characters/plague_doctor_helmet/plague_doctor_helmet.gfx",".gfx","0x82808A6E","262","438","0x11","23785149","23785411","GFX2............................"
"1","63649","0x6214054","0x0","0x19723e1","438","size","405","patch20/vehicles/bikes/baggie_80s/minx_80s_head_light_1.gfx",".gfx","0x5B0FF1EE","262","438","0x11","26644876","26645138","GFX2............................"
"1","63649","0x6214054","0x0","0x19723e1","438","size","423","patch20/vehicles/bikes/pitvipercomicbook/cheetah_comicbook_fender_front_1.gfx",".gfx","0x5507F76B","302","438","0x11","26665839","26666141","GFX2............................"
"1","63649","0x6214054","0x0","0x19723e1","438","size","433","patch20/vehicles/bikes/pitviperevo/cheetah_evo_fender_front_1.gfx",".gfx","0x43D3CB28","308","438","0x11","26668971","26669279","GFX2............................"
"1","63649","0x6214054","0x0","0x19723e1","438","size","443","patch20/vehicles/bikes/pitvipergold/cheetah_gold_fender_front_1.gfx",".gfx","0xD886E847","303","438","0x11","26672062","26672365","GFX2............................"
"1","63649","0x6214054","0x0","0x19723e1","438","size","454","patch20/vehicles/bikes/pitviperwatchdogs/cheetah_watchdogs_fender_front_1.gfx",".gfx","0xF34409DD","301","438","0x11","26675362","26675663","GFX2............................"
"1","63649","0x6214054","0x0","0x19723e1","438","size","488","patch20/vehicles/bikes/rayman_roach/rayman_roach_steering.gfx",".gfx","0x588CECE5","261","438","0x11","26685824","26686085","GFX2............................"
"1","63649","0x6214054","0x0","0x19723e1","438","size","499","patch20/vehicles/bikes/roachac/kingcobra_ac_steering_1.gfx",".gfx","0xD7FE8DFA","261","438","0x11","26689127","26689388","GFX2............................"
"1","63649","0x6214054","0x0","0x19723e1","438","size","509","patch20/vehicles/bikes/roachhorror/kingcobra_horror_steering_1.gfx",".gfx","0x07326DE8","261","438","0x11","26691966","26692227","GFX2............................"
"1","63649","0x6214054","0x0","0x19723e1","438","size","520","patch20/vehicles/bikes/roach_flame/kingcobra_flame_steering_1.gfx",".gfx","0xED290E67","261","438","0x11","26695219","26695480","GFX2............................"
"1","63649","0x6214054","0x0","0x19723e1","438","size","526","patch20/vehicles/bikes/tkopandacamo/fat_grizzly_camo_steering_1.gfx",".gfx","0xAD395CC9","262","438","0x11","26696975","26697237","GFX2............................"
"1","63649","0x6214054","0x0","0x19723e1","438","size","533","patch20/vehicles/bikes/tkopandawasp/fat_grizzly_wasp_steering_1.gfx",".gfx","0x7998407B","262","438","0x11","26698891","26699153","GFX2............................"
"1","63650","0x6214524","0x0","0x197271a","430","size","314","patch20/characters/barbara_outfit/barbara_helmet.gfx",".gfx","0xC463851B","253","430","0x11","23727067","23727320","GFX2............................"
"1","63650","0x6214524","0x0","0x197271a","430","size","315","patch20/characters/barbara_outfit/barbara_legs.gfx",".gfx","0xE67DC6DB","253","430","0x11","23727320","23727573","GFX2............................"
"1","63650","0x6214524","0x0","0x197271a","430","size","448","patch20/vehicles/bikes/pitvipergold/cheetah_gold_seat_1.gfx",".gfx","0xBB8348CD","254","430","0x11","26673603","26673857","GFX2............................"
"1","63650","0x6214524","0x0","0x197271a","430","size","450","patch20/vehicles/bikes/pitvipergold/cheetah_gold_tank_1.gfx",".gfx","0x5585A0D8","255","430","0x11","26674192","26674447","GFX2............................"
"1","63650","0x6214524","0x0","0x197271a","430","size","459","patch20/vehicles/bikes/pitviperwatchdogs/cheetah_watchdogs_seat_1.gfx",".gfx","0xE50D85F3","254","430","0x11","26676934","26677188","GFX2............................"
"1","63651","0x630e874","0x0","0x19722d2","446","size","357","patch20/characters/male_assassin/m_assassin_head.gfx",".gfx","0x4538C18B","267","446","0x11","23782677","23782944","GFX2............................"
"1","63651","0x630e874","0x0","0x19722d2","446","size","495","patch20/vehicles/bikes/roachac/kingcobra_ac_front_suspension_1.gfx",".gfx","0x4AB49C21","270","446","0x11","26687875","26688145","GFX2............................"
"1","63651","0x630e874","0x0","0x19722d2","446","size","506","patch20/vehicles/bikes/roachhorror/kingcobra_horror_front_suspension_1.gfx",".gfx","0x167B97D1","270","446","0x11","26691129","26691399","GFX2............................"
"1","63651","0x630e874","0x0","0x19722d2","446","size","516","patch20/vehicles/bikes/roach_flame/kingcobra_flame_front_suspension_1.gfx",".gfx","0x10F04679","270","446","0x11","26693968","26694238","GFX2............................"
"1","63651","0x630e874","0x0","0x19722d2","446","size","527","patch20/vehicles/bikes/tkopandacamo/fat_grizzly_camo_suspension_front_1.gfx",".gfx","0x1C92F26E","269","446","0x11","26697237","26697506","GFX2............................"
"1","63651","0x630e874","0x0","0x19722d2","446","size","534","patch20/vehicles/bikes/tkopandawasp/fat_grizzly_wasp_suspension_front_1.gfx",".gfx","0x9B5BF8ED","269","446","0x11","26699153","26699422","GFX2............................"
"1","63652","0x630c344","0x0","0x19725ec","600","size","472","patch20/vehicles/bikes/rabbitwildcat/paper_boy_wildcat_tire_front_1.gfx",".gfx","0x8D2296E0","298","600","0x11","26681000","26681298","GFX2............................"
"1","63655","0x630bb04","0x0","0x19724e7","437","size","524","patch20/vehicles/bikes/tkopandacamo/fat_grizzly_camo_exhaust_1.gfx",".gfx","0x8339BB52","261","437","0x11","26696451","26696712","GFX2............................"
"1","63655","0x630bb04","0x0","0x19724e7","437","size","531","patch20/vehicles/bikes/tkopandawasp/fat_grizzly_wasp_exhaust_1.gfx",".gfx","0x19195A9F","261","437","0x11","26698367","26698628","GFX2............................"
"1","63662","0x630ba54","0x0","0x1966f66","1197","size","383","patch20/rims/componential_rim_2/componential_rim_2.gfx",".gfx","0x08136473","394","1197","0x11","26635740","26636134","GFX2............................"
"1","63664","0x630dba4","0x0","0x16aeebd","438","size","405","patch20/vehicles/bikes/baggie_80s/minx_80s_head_light_1.gfx",".gfx","0x5B0FF1EE","262","438","0x11","26644876","26645138","GFX2............................"
"1","63664","0x630dba4","0x0","0x16aeebd","438","size","423","patch20/vehicles/bikes/pitvipercomicbook/cheetah_comicbook_fender_front_1.gfx",".gfx","0x5507F76B","302","438","0x11","26665839","26666141","GFX2............................"
"1","63664","0x630dba4","0x0","0x16aeebd","438","size","433","patch20/vehicles/bikes/pitviperevo/cheetah_evo_fender_front_1.gfx",".gfx","0x43D3CB28","308","438","0x11","26668971","26669279","GFX2............................"
"1","63664","0x630dba4","0x0","0x16aeebd","438","size","443","patch20/vehicles/bikes/pitvipergold/cheetah_gold_fender_front_1.gfx",".gfx","0xD886E847","303","438","0x11","26672062","26672365","GFX2............................"
"1","63664","0x630dba4","0x0","0x16aeebd","438","size","454","patch20/vehicles/bikes/pitviperwatchdogs/cheetah_watchdogs_fender_front_1.gfx",".gfx","0xF34409DD","301","438","0x11","26675362","26675663","GFX2............................"
"1","63664","0x630dba4","0x0","0x16aeebd","438","size","476","patch20/vehicles/bikes/rayman_pitviper/rayman_pitviper_fender_front.gfx",".gfx","0x81EBFC66","262","438","0x11","26682337","26682599","GFX2............................"
"1","63664","0x630dba4","0x0","0x16aeebd","438","size","488","patch20/vehicles/bikes/rayman_roach/rayman_roach_steering.gfx",".gfx","0x588CECE5","261","438","0x11","26685824","26686085","GFX2............................"
"1","63664","0x630dba4","0x0","0x16aeebd","438","size","499","patch20/vehicles/bikes/roachac/kingcobra_ac_steering_1.gfx",".gfx","0xD7FE8DFA","261","438","0x11","26689127","26689388","GFX2............................"
"1","63664","0x630dba4","0x0","0x16aeebd","438","size","509","patch20/vehicles/bikes/roachhorror/kingcobra_horror_steering_1.gfx",".gfx","0x07326DE8","261","438","0x11","26691966","26692227","GFX2............................"
"1","63664","0x630dba4","0x0","0x16aeebd","438","size","520","patch20/vehicles/bikes/roach_flame/kingcobra_flame_steering_1.gfx",".gfx","0xED290E67","261","438","0x11","26695219","26695480","GFX2............................"
"1","63664","0x630dba4","0x0","0x16aeebd","438","size","526","patch20/vehicles/bikes/tkopandacamo/fat_grizzly_camo_steering_1.gfx",".gfx","0xAD395CC9","262","438","0x11","26696975","26697237","GFX2............................"
"1","63664","0x630dba4","0x0","0x16aeebd","438","size","533","patch20/vehicles/bikes/tkopandawasp/fat_grizzly_wasp_steering_1.gfx",".gfx","0x7998407B","262","438","0x11","26698891","26699153","GFX2............................"
"1","63665","0x630ca84","0x0","0x16ae515","446","size","475","patch20/vehicles/bikes/rayman_pitviper/rayman_pitviper_enginefender.gfx",".gfx","0xB753A323","271","446","0x11","26682066","26682337","GFX2............................"
"1","63665","0x630ca84","0x0","0x16ae515","446","size","495","patch20/vehicles/bikes/roachac/kingcobra_ac_front_suspension_1.gfx",".gfx","0x4AB49C21","270","446","0x11","26687875","26688145","GFX2............................"
"1","63665","0x630ca84","0x0","0x16ae515","446","size","506","patch20/vehicles/bikes/roachhorror/kingcobra_horror_front_suspension_1.gfx",".gfx","0x167B97D1","270","446","0x11","26691129","26691399","GFX2............................"
"1","63665","0x630ca84","0x0","0x16ae515","446","size","516","patch20/vehicles/bikes/roach_flame/kingcobra_flame_front_suspension_1.gfx",".gfx","0x10F04679","270","446","0x11","26693968","26694238","GFX2............................"
"1","63665","0x630ca84","0x0","0x16ae515","446","size","527","patch20/vehicles/bikes/tkopandacamo/fat_grizzly_camo_suspension_front_1.gfx",".gfx","0x1C92F26E","269","446","0x11","26697237","26697506","GFX2............................"
"1","63665","0x630ca84","0x0","0x16ae515","446","size","534","patch20/vehicles/bikes/tkopandawasp/fat_grizzly_wasp_suspension_front_1.gfx",".gfx","0x9B5BF8ED","269","446","0x11","26699153","26699422","GFX2............................"
"1","63668","0x630e914","0x0","0x16ae317","429","size","322","patch20/characters/cat_rider/cat_rider_2.gfx",".gfx","0x348B8D7A","257","429","0x11","23729405","23729662","GFX2............................"
"1","63668","0x630e914","0x0","0x16ae317","429","size","327","patch20/characters/clara/clara_torso.gfx",".gfx","0xDFFF6EED","253","429","0x11","23730594","23730847","GFX2............................"
"1","63668","0x630e914","0x0","0x16ae317","429","size","335","patch20/characters/elise/elise_torso.gfx",".gfx","0x5A04AF52","253","429","0x11","23732737","23732990","GFX2............................"
"1","63668","0x630e914","0x0","0x16ae317","429","size","370","patch20/characters/rayman_outfit_1/rayman_helmet.gfx",".gfx","0xC5A0C919","253","429","0x11","26565175","26565428","GFX2............................"
"1","63668","0x630e914","0x0","0x16ae317","429","size","379","patch20/patch_error.gfx",".gfx","0xFAA02BE8","254","429","0x11","26634114","26634368","GFX2............................"
"1","63669","0x630c37c","0x0","0x16ae414","431","size","316","patch20/characters/barbara_outfit/barbara_torso.gfx",".gfx","0x4DECCDC4","254","431","0x11","23727573","23727827","GFX2............................"
"1","63669","0x630c37c","0x0","0x16ae414","431","size","328","patch20/characters/cyborg_helmet/cyborg_helmet.gfx",".gfx","0xAF350676","258","431","0x11","23730847","23731105","GFX2............................"
"1","63669","0x630c37c","0x0","0x16ae414","431","size","329","patch20/characters/dapper/dapper_helmet.gfx",".gfx","0xEC0DE860","255","431","0x11","23731105","23731360","GFX2............................"
"1","63669","0x630c37c","0x0","0x16ae414","431","size","369","patch20/characters/rabbit_helmet/rabbit_helmet.gfx",".gfx","0x4DD71D3D","255","431","0x11","26564920","26565175","GFX2............................"
"1","63670","0x630eb14","0x0","0x16ae863","434","size","374","patch20/characters/tko_panda_helmet/tko_panda_helmet.gfx",".gfx","0x933EC809","258","434","0x11","26566261","26566519","GFX2............................"
"1","63670","0x630eb14","0x0","0x16ae863","434","size","398","patch20/vehicles/bikes/baggie_80s/minx_80s_engine_1.gfx",".gfx","0xFC3176FE","259","434","0x11","26643036","26643295","GFX2............................"
"1","63670","0x630eb14","0x0","0x16ae863","434","size","412","patch20/vehicles/bikes/donkey_bike/donkey_front_suspension_1.gfx",".gfx","0x0A7AF40C","255","434","0x11","26660245","26660500","GFX2............................"
"1","63670","0x630eb14","0x0","0x16ae863","434","size","498","patch20/vehicles/bikes/roachac/kingcobra_ac_seat_1.gfx",".gfx","0x3E4D9287","259","434","0x11","26688868","26689127","GFX2............................"
"1","63670","0x630eb14","0x0","0x16ae863","434","size","508","patch20/vehicles/bikes/roachhorror/kingcobra_horror_seat_1.gfx",".gfx","0x60DB8F22","259","434","0x11","26691707","26691966","GFX2............................"
"1","63670","0x630eb14","0x0","0x16ae863","434","size","519","patch20/vehicles/bikes/roach_flame/kingcobra_flame_seat_1.gfx",".gfx","0x82CDECB4","259","434","0x11","26694960","26695219","GFX2............................"
"1","63670","0x630eb14","0x0","0x16ae863","434","size","522","patch20/vehicles/bikes/tkopandacamo/fat_grizzly_camo_body_1.gfx",".gfx","0xF053C7D0","259","434","0x11","26695859","26696118","GFX2............................"
"1","63670","0x630eb14","0x0","0x16ae863","434","size","529","patch20/vehicles/bikes/tkopandawasp/fat_grizzly_wasp_body_1.gfx",".gfx","0x91859A05","259","434","0x11","26697775","26698034","GFX2............................"
"1","63673","0x630c5a4","0x0","0x1955938","431","size","316","patch20/characters/barbara_outfit/barbara_torso.gfx",".gfx","0x4DECCDC4","254","431","0x11","23727573","23727827","GFX2............................"
"1","63673","0x630c5a4","0x0","0x1955938","431","size","328","patch20/characters/cyborg_helmet/cyborg_helmet.gfx",".gfx","0xAF350676","258","431","0x11","23730847","23731105","GFX2............................"
"1","63673","0x630c5a4","0x0","0x1955938","431","size","329","patch20/characters/dapper/dapper_helmet.gfx",".gfx","0xEC0DE860","255","431","0x11","23731105","23731360","GFX2............................"
"1","63673","0x630c5a4","0x0","0x1955938","431","size","356","patch20/characters/kraken_helmet/kraken_helmet.gfx",".gfx","0xFC40E519","257","431","0x11","23782420","23782677","GFX2............................"
"1","63674","0x630cf6c","0x0","0x16a2533","590","size","346","patch20/characters/female_indian/female_indian_legs.gfx",".gfx","0x6926967E","298","590","0x11","23735894","23736192","GFX2............................"
"1","63674","0x630cf6c","0x0","0x16a2533","590","size","351","patch20/characters/female_tech/female_tech_bottom.gfx",".gfx","0xDFE7D860","298","590","0x11","23737347","23737645","GFX2............................"
"1","63674","0x630cf6c","0x0","0x16a2533","590","size","469","patch20/vehicles/bikes/rabbitwildcat/paper_boy_wildcat_frame_1.gfx",".gfx","0x9B04D4C1","294","590","0x11","26680090","26680384","GFX2............................"
"1","63675","0x630edbc","0x0","0x16a22fe","594","size","319","patch20/characters/bounty_hunter/bounty_hunter_torso.gfx",".gfx","0xD066C701","305","594","0x11","23728382","23728687","GFX2............................"
"1","63676","0x630ef84","0x0","0x16a242c","440","size","342","patch20/characters/female_assassin/female_assassin_helmet.gfx",".gfx","0x426B8627","262","440","0x11","23734761","23735023","GFX2............................"
"1","63676","0x630ef84","0x0","0x16a242c","440","size","401","patch20/vehicles/bikes/baggie_80s/minx_80s_fender_front_1.gfx",".gfx","0x30D819EE","264","440","0x11","26643828","26644092","GFX2............................"
"1","63677","0x630dc64","0x0","0x16a1a9f","431","size","316","patch20/characters/barbara_outfit/barbara_torso.gfx",".gfx","0x4DECCDC4","254","431","0x11","23727573","23727827","GFX2............................"
"1","63677","0x630dc64","0x0","0x16a1a9f","431","size","329","patch20/characters/dapper/dapper_helmet.gfx",".gfx","0xEC0DE860","255","431","0x11","23731105","23731360","GFX2............................"
"1","63677","0x630dc64","0x0","0x16a1a9f","431","size","356","patch20/characters/kraken_helmet/kraken_helmet.gfx",".gfx","0xFC40E519","257","431","0x11","23782420","23782677","GFX2............................"
"1","63677","0x630dc64","0x0","0x16a1a9f","431","size","369","patch20/characters/rabbit_helmet/rabbit_helmet.gfx",".gfx","0x4DD71D3D","255","431","0x11","26564920","26565175","GFX2............................"
"1","63678","0x630f504","0x0","0x16a1ecb","428","size","185","objects/pack20/generic_medium_icon_1_2202330545.mdl",".mdl","0x26592A96","556","428","0x10","16855300","16855856","GFX2............................"
"1","63678","0x630f504","0x0","0x16a1ecb","428","size","325","patch20/characters/clara/clara_head.gfx",".gfx","0x9806A972","253","428","0x11","23730088","23730341","GFX2............................"
"1","63678","0x630f504","0x0","0x16a1ecb","428","size","326","patch20/characters/clara/clara_legs.gfx",".gfx","0x2CEAF96F","253","428","0x11","23730341","23730594","GFX2............................"
"1","63678","0x630f504","0x0","0x16a1ecb","428","size","334","patch20/characters/elise/elise_legs.gfx",".gfx","0x42D94B6C","252","428","0x11","23732485","23732737","GFX2............................"
"1","63678","0x630f504","0x0","0x16a1ecb","428","size","364","patch20/characters/pit_baggie/pit_baggie.gfx",".gfx","0xADBECEF3","253","428","0x11","23784627","23784880","GFX2............................"
"1","63678","0x630f504","0x0","0x16a1ecb","428","size","376","patch20/characters/watch_dogs_aiden/watchdogs_aiden_bottom.gfx",".gfx","0xE34431E4","253","428","0x11","26633362","26633615","GFX2............................"
"1","63678","0x630f504","0x0","0x16a1ecb","428","size","413","patch20/vehicles/bikes/donkey_bike/donkey_front_tire_1.gfx",".gfx","0x1B415EC7","252","428","0x11","26660500","26660752","GFX2............................"
"1","63679","0x630b9ac","0x0","0x16a07d3","433","size","313","patch20/characters/arno/arno_torso.gfx",".gfx","0x1B275455","257","433","0x11","23726810","23727067","GFX2............................"
"1","63679","0x630b9ac","0x0","0x16a07d3","433","size","403","patch20/vehicles/bikes/baggie_80s/minx_80s_frame_1.gfx",".gfx","0xE48FDE0A","256","433","0x11","26644355","26644611","GFX2............................"
"1","63679","0x630b9ac","0x0","0x16a07d3","433","size","414","patch20/vehicles/bikes/donkey_bike/donkey_rear_suspension_1.gfx",".gfx","0x486FBC03","253","433","0x11","26660752","26661005","GFX2............................"
"1","63679","0x630b9ac","0x0","0x16a07d3","433","size","422","patch20/vehicles/bikes/pitvipercomicbook/cheetah_comicbook_exhaust_1.gfx",".gfx","0xB9CD4E96","256","433","0x11","26665583","26665839","GFX2............................"
"1","63679","0x630b9ac","0x0","0x16a07d3","433","size","432","patch20/vehicles/bikes/pitviperevo/cheetah_evo_exhaust_1.gfx",".gfx","0x0DAC7570","256","433","0x11","26668715","26668971","GFX2............................"
"1","63679","0x630b9ac","0x0","0x16a07d3","433","size","442","patch20/vehicles/bikes/pitvipergold/cheetah_gold_exhaust_1.gfx",".gfx","0x58DBB4B8","256","433","0x11","26671806","26672062","GFX2............................"
"1","63679","0x630b9ac","0x0","0x16a07d3","433","size","453","patch20/vehicles/bikes/pitviperwatchdogs/cheetah_watchdogs_exhaust_1.gfx",".gfx","0x0EBBEB78","256","433","0x11","26675106","26675362","GFX2............................"
"1","63680","0x630f164","0x0","0x1955c51","587","size","425","patch20/vehicles/bikes/pitvipercomicbook/cheetah_comicbook_frame_1.gfx",".gfx","0x2D0F0ADE","289","587","0x11","26666435","26666724","GFX2............................"
"1","63680","0x630f164","0x0","0x1955c51","587","size","435","patch20/vehicles/bikes/pitviperevo/cheetah_evo_frame_1.gfx",".gfx","0x0669BCF0","288","587","0x11","26669573","26669861","GFX2............................"
"1","63680","0x630f164","0x0","0x1955c51","587","size","456","patch20/vehicles/bikes/pitviperwatchdogs/cheetah_watchdogs_frame_1.gfx",".gfx","0x759B78BD","289","587","0x11","26675957","26676246","GFX2............................"
"1","63682","0x630c394","0x0","0x1955a37","429","size","322","patch20/characters/cat_rider/cat_rider_2.gfx",".gfx","0x348B8D7A","257","429","0x11","23729405","23729662","GFX2............................"
"1","63682","0x630c394","0x0","0x1955a37","429","size","327","patch20/characters/clara/clara_torso.gfx",".gfx","0xDFFF6EED","253","429","0x11","23730594","23730847","GFX2............................"
"1","63682","0x630c394","0x0","0x1955a37","429","size","335","patch20/characters/elise/elise_torso.gfx",".gfx","0x5A04AF52","253","429","0x11","23732737","23732990","GFX2............................"
"1","63682","0x630c394","0x0","0x1955a37","429","size","355","patch20/characters/horror_mask/horror_mask.gfx",".gfx","0xD473C333","253","429","0x11","23782167","23782420","GFX2............................"
"1","63682","0x630c394","0x0","0x1955a37","429","size","379","patch20/patch_error.gfx",".gfx","0xFAA02BE8","254","429","0x11","26634114","26634368","GFX2............................"
"1","63683","0x630c57c","0x0","0x16a2f80","595","size","424","patch20/vehicles/bikes/pitvipercomicbook/cheetah_comicbook_fender_rear_1.gfx",".gfx","0x925B72B1","294","595","0x11","26666141","26666435","GFX2............................"
"1","63683","0x630c57c","0x0","0x16a2f80","595","size","434","patch20/vehicles/bikes/pitviperevo/cheetah_evo_fender_rear_1.gfx",".gfx","0xE74930E4","294","595","0x11","26669279","26669573","GFX2............................"
"1","63683","0x630c57c","0x0","0x16a2f80","595","size","455","patch20/vehicles/bikes/pitviperwatchdogs/cheetah_watchdogs_fender_rear_1.gfx",".gfx","0xBF2E6D8F","294","595","0x11","26675663","26675957","GFX2............................"
"1","63684","0x630ec54","0x0","0x16a2d4e","439","size","348","patch20/characters/female_officer/female_officer_helmet.gfx",".gfx","0xA80EE297","263","439","0x11","23736487","23736750","GFX2............................"
"1","63684","0x630ec54","0x0","0x16a2d4e","439","size","402","patch20/vehicles/bikes/baggie_80s/minx_80s_fender_rear_1.gfx",".gfx","0x6AC3D890","263","439","0x11","26644092","26644355","GFX2............................"
"1","63684","0x630ec54","0x0","0x16a2d4e","439","size","441","patch20/vehicles/bikes/pitvipergold/cheetah_gold_engine_fender_1.gfx",".gfx","0x76B126E8","264","439","0x11","26671542","26671806","GFX2............................"
"1","63684","0x630ec54","0x0","0x16a2d4e","439","size","525","patch20/vehicles/bikes/tkopandacamo/fat_grizzly_camo_headlight_1.gfx",".gfx","0x4EA41D25","263","439","0x11","26696712","26696975","GFX2............................"
"1","63684","0x630ec54","0x0","0x16a2d4e","439","size","532","patch20/vehicles/bikes/tkopandawasp/fat_grizzly_wasp_headlight_1.gfx",".gfx","0x9D424530","263","439","0x11","26698628","26698891","GFX2............................"
"1","63685","0x630dd24","0x0","0x16a2e56","590","size","338","patch20/characters/femaleoutfit_1/female_outfit_1_top.gfx",".gfx","0x9D4AE1D0","298","590","0x11","23733555","23733853","GFX2............................"
"1","63685","0x630dd24","0x0","0x16a2e56","590","size","351","patch20/characters/female_tech/female_tech_bottom.gfx",".gfx","0xDFE7D860","298","590","0x11","23737347","23737645","GFX2............................"
"1","63685","0x630dd24","0x0","0x16a2e56","590","size","469","patch20/vehicles/bikes/rabbitwildcat/paper_boy_wildcat_frame_1.gfx",".gfx","0x9B04D4C1","294","590","0x11","26680090","26680384","GFX2............................"
"1","63686","0x630cee4","0x0","0x16a0ed3","436","size","352","patch20/characters/female_tech/female_tech_helmet.gfx",".gfx","0x9CB762CA","263","436","0x11","23737645","23737908","GFX2............................"
"1","63686","0x630cee4","0x0","0x16a0ed3","436","size","480","patch20/vehicles/bikes/rayman_roach/rayman_roach_engine.gfx",".gfx","0xA4188511","260","436","0x11","26683417","26683677","GFX2............................"
"1","63686","0x630cee4","0x0","0x16a0ed3","436","size","490","patch20/vehicles/bikes/roachac/kingcobra_ac_engine_1.gfx",".gfx","0x408F10C6","260","436","0x11","26686512","26686772","GFX2............................"
"1","63686","0x630cee4","0x0","0x16a0ed3","436","size","501","patch20/vehicles/bikes/roachhorror/kingcobra_horror_engine_1.gfx",".gfx","0x20B196D6","260","436","0x11","26689767","26690027","GFX2............................"
"1","63686","0x630cee4","0x0","0x16a0ed3","436","size","511","patch20/vehicles/bikes/roach_flame/kingcobra_flame_engine_1.gfx",".gfx","0x3F6266CF","260","436","0x11","26692606","26692866","GFX2............................"
"1","63688","0x630e66c","0x0","0x16a10fe","594","size","336","patch20/characters/femaleoutfit_1/female_outfit_1_bottom.gfx",".gfx","0x43E97F7E","302","594","0x11","23732990","23733292","GFX2............................"
"1","63689","0x630c2dc","0x0","0x1972819","436","size","317","patch20/characters/bounty_hunter/bounty_hunter_helmet.gfx",".gfx","0x76F6A5CE","259","436","0x11","23727827","23728086","GFX2............................"
"1","63689","0x630c2dc","0x0","0x1972819","436","size","352","patch20/characters/female_tech/female_tech_helmet.gfx",".gfx","0x9CB762CA","263","436","0x11","23737645","23737908","GFX2............................"
"1","63689","0x630c2dc","0x0","0x1972819","436","size","490","patch20/vehicles/bikes/roachac/kingcobra_ac_engine_1.gfx",".gfx","0x408F10C6","260","436","0x11","26686512","26686772","GFX2............................"
"1","63689","0x630c2dc","0x0","0x1972819","436","size","501","patch20/vehicles/bikes/roachhorror/kingcobra_horror_engine_1.gfx",".gfx","0x20B196D6","260","436","0x11","26689767","26690027","GFX2............................"
"1","63689","0x630c2dc","0x0","0x1972819","436","size","511","patch20/vehicles/bikes/roach_flame/kingcobra_flame_engine_1.gfx",".gfx","0x3F6266CF","260","436","0x11","26692606","26692866","GFX2............................"
"1","63690","0x630efc4","0x0","0x197291d","443","size","474","patch20/vehicles/bikes/rayman_pitviper/rayman_pitviper_backswing.gfx",".gfx","0x6788E905","443","1243","0x11","26681623","26682066","GFX2............................"
"1","63690","0x630efc4","0x0","0x197291d","443","size","491","patch20/vehicles/bikes/roachac/kingcobra_ac_engine_fender_1.gfx",".gfx","0x3EF762D1","268","443","0x11","26686772","26687040","GFX2............................"
"1","63690","0x630efc4","0x0","0x197291d","443","size","502","patch20/vehicles/bikes/roachhorror/kingcobra_horror_engine_fender_1.gfx",".gfx","0x34E5C881","267","443","0x11","26690027","26690294","GFX2............................"
"1","63690","0x630efc4","0x0","0x197291d","443","size","512","patch20/vehicles/bikes/roach_flame/kingcobra_flame_engine_fender_1.gfx",".gfx","0x9DD463C2","267","443","0x11","26692866","26693133","GFX2............................"
"1","63691","0x630bf7c","0x0","0x1972a28","442","size","426","patch20/vehicles/bikes/pitvipercomicbook/cheetah_comicbook_front_suspension_1.gfx",".gfx","0xEE6825D2","264","442","0x11","26666724","26666988","GFX2............................"
"1","63691","0x630bf7c","0x0","0x1972a28","442","size","436","patch20/vehicles/bikes/pitviperevo/cheetah_evo_front_suspension_1.gfx",".gfx","0xF80465EC","264","442","0x11","26669861","26670125","GFX2............................"
"1","63691","0x630bf7c","0x0","0x1972a28","442","size","446","patch20/vehicles/bikes/pitvipergold/cheetah_gold_front_suspension_1.gfx",".gfx","0xBA0D5270","264","442","0x11","26672915","26673179","GFX2............................"
"1","63691","0x630bf7c","0x0","0x1972a28","442","size","457","patch20/vehicles/bikes/pitviperwatchdogs/cheetah_watchdogs_front_suspension_1.gfx",".gfx","0x45D8964F","264","442","0x11","26676246","26676510","GFX2............................"
"1","63691","0x630bf7c","0x0","0x1972a28","442","size","471","patch20/vehicles/bikes/rabbitwildcat/paper_boy_wildcat_suspension_front_1.gfx",".gfx","0x1E1284D6","265","442","0x11","26680735","26681000","GFX2............................"
"1","63691","0x630bf7c","0x0","0x1972a28","442","size","487","patch20/vehicles/bikes/rayman_roach/rayman_roach_rear_fender.gfx",".gfx","0x15C53B53","276","442","0x11","26685548","26685824","GFX2............................"
"1","63691","0x630bf7c","0x0","0x1972a28","442","size","492","patch20/vehicles/bikes/roachac/kingcobra_ac_exhaust_pipe_1.gfx",".gfx","0x3D81AD9C","276","442","0x11","26687040","26687316","GFX2............................"
"1","63691","0x630bf7c","0x0","0x1972a28","442","size","494","patch20/vehicles/bikes/roachac/kingcobra_ac_front_fender_1.gfx",".gfx","0xD75693E8","266","442","0x11","26687609","26687875","GFX2............................"
"1","63691","0x630bf7c","0x0","0x1972a28","442","size","503","patch20/vehicles/bikes/roachhorror/kingcobra_horror_exhaust_pipe_1.gfx",".gfx","0xB2C403F0","276","442","0x11","26690294","26690570","GFX2............................"
"1","63691","0x630bf7c","0x0","0x1972a28","442","size","505","patch20/vehicles/bikes/roachhorror/kingcobra_horror_front_fender_1.gfx",".gfx","0xFCA691DA","266","442","0x11","26690863","26691129","GFX2............................"
"1","63691","0x630bf7c","0x0","0x1972a28","442","size","513","patch20/vehicles/bikes/roach_flame/kingcobra_flame_exhaust_pipe_1.gfx",".gfx","0xA7980087","276","442","0x11","26693133","26693409","GFX2............................"
"1","63691","0x630bf7c","0x0","0x1972a28","442","size","515","patch20/vehicles/bikes/roach_flame/kingcobra_flame_front_fender_1.gfx",".gfx","0x07C432BD","266","442","0x11","26693702","26693968","GFX2............................"
"1","63693","0x630f394","0x0","0x1972c93","278","size","323","patch20/characters/cat_rider/cat_rider_empty_1.gfx",".gfx","0x5A6C6693","213","278","0x11","23729662","23729875","GFX2............................"
"1","63693","0x630f394","0x0","0x1972c93","278","size","324","patch20/characters/cat_rider/cat_rider_empty_2.gfx",".gfx","0x92444BA6","213","278","0x11","23729875","23730088","GFX2............................"
"1","63694","0x630c504","0x0","0x1972d67","603","size","344","patch20/characters/female_assassin/female_assassin_torso.gfx",".gfx","0x72A50697","308","603","0x11","23735322","23735630","GFX2............................"
"1","63695","0x630ee84","0x0","0x1972eb3","742","size","427","patch20/vehicles/bikes/pitvipercomicbook/cheetah_comicbook_headlight_1.gfx",".gfx","0xE48C05E0","424","742","0x11","26666988","26667412","GFX2............................"
"1","63695","0x630ee84","0x0","0x1972eb3","742","size","437","patch20/vehicles/bikes/pitviperevo/cheetah_evo_headlight_1.gfx",".gfx","0x063EC573","424","742","0x11","26670125","26670549","GFX2............................"
"1","63695","0x630ee84","0x0","0x1972eb3","742","size","447","patch20/vehicles/bikes/pitvipergold/cheetah_gold_headlight_1.gfx",".gfx","0x74A60A61","424","742","0x11","26673179","26673603","GFX2............................"
"1","63695","0x630ee84","0x0","0x1972eb3","742","size","458","patch20/vehicles/bikes/pitviperwatchdogs/cheetah_watchdogs_headlight_1.gfx",".gfx","0x3AFCD1DB","424","742","0x11","26676510","26676934","GFX2............................"
"1","63696","0x630c084","0x0","0x1973180","438","size","366","patch20/characters/plague_doctor_helmet/plague_doctor_helmet.gfx",".gfx","0x82808A6E","262","438","0x11","23785149","23785411","GFX2............................"
"1","63696","0x630c084","0x0","0x1973180","438","size","405","patch20/vehicles/bikes/baggie_80s/minx_80s_head_light_1.gfx",".gfx","0x5B0FF1EE","262","438","0x11","26644876","26645138","GFX2............................"
"1","63696","0x630c084","0x0","0x1973180","438","size","423","patch20/vehicles/bikes/pitvipercomicbook/cheetah_comicbook_fender_front_1.gfx",".gfx","0x5507F76B","302","438","0x11","26665839","26666141","GFX2............................"
"1","63696","0x630c084","0x0","0x1973180","438","size","433","patch20/vehicles/bikes/pitviperevo/cheetah_evo_fender_front_1.gfx",".gfx","0x43D3CB28","308","438","0x11","26668971","26669279","GFX2............................"
"1","63696","0x630c084","0x0","0x1973180","438","size","443","patch20/vehicles/bikes/pitvipergold/cheetah_gold_fender_front_1.gfx",".gfx","0xD886E847","303","438","0x11","26672062","26672365","GFX2............................"
"1","63696","0x630c084","0x0","0x1973180","438","size","454","patch20/vehicles/bikes/pitviperwatchdogs/cheetah_watchdogs_fender_front_1.gfx",".gfx","0xF34409DD","301","438","0x11","26675362","26675663","GFX2............................"
"1","63696","0x630c084","0x0","0x1973180","438","size","476","patch20/vehicles/bikes/rayman_pitviper/rayman_pitviper_fender_front.gfx",".gfx","0x81EBFC66","262","438","0x11","26682337","26682599","GFX2............................"
"1","63696","0x630c084","0x0","0x1973180","438","size","499","patch20/vehicles/bikes/roachac/kingcobra_ac_steering_1.gfx",".gfx","0xD7FE8DFA","261","438","0x11","26689127","26689388","GFX2............................"
"1","63696","0x630c084","0x0","0x1973180","438","size","509","patch20/vehicles/bikes/roachhorror/kingcobra_horror_steering_1.gfx",".gfx","0x07326DE8","261","438","0x11","26691966","26692227","GFX2............................"
"1","63696","0x630c084","0x0","0x1973180","438","size","520","patch20/vehicles/bikes/roach_flame/kingcobra_flame_steering_1.gfx",".gfx","0xED290E67","261","438","0x11","26695219","26695480","GFX2............................"
"1","63696","0x630c084","0x0","0x1973180","438","size","526","patch20/vehicles/bikes/tkopandacamo/fat_grizzly_camo_steering_1.gfx",".gfx","0xAD395CC9","262","438","0x11","26696975","26697237","GFX2............................"
"1","63696","0x630c084","0x0","0x1973180","438","size","533","patch20/vehicles/bikes/tkopandawasp/fat_grizzly_wasp_steering_1.gfx",".gfx","0x7998407B","262","438","0x11","26698891","26699153","GFX2............................"
"1","63699","0x630eabc","0x0","0x197306c","442","size","426","patch20/vehicles/bikes/pitvipercomicbook/cheetah_comicbook_front_suspension_1.gfx",".gfx","0xEE6825D2","264","442","0x11","26666724","26666988","GFX2............................"
"1","63699","0x630eabc","0x0","0x197306c","442","size","436","patch20/vehicles/bikes/pitviperevo/cheetah_evo_front_suspension_1.gfx",".gfx","0xF80465EC","264","442","0x11","26669861","26670125","GFX2............................"
"1","63699","0x630eabc","0x0","0x197306c","442","size","446","patch20/vehicles/bikes/pitvipergold/cheetah_gold_front_suspension_1.gfx",".gfx","0xBA0D5270","264","442","0x11","26672915","26673179","GFX2............................"
"1","63699","0x630eabc","0x0","0x197306c","442","size","457","patch20/vehicles/bikes/pitviperwatchdogs/cheetah_watchdogs_front_suspension_1.gfx",".gfx","0x45D8964F","264","442","0x11","26676246","26676510","GFX2............................"
"1","63699","0x630eabc","0x0","0x197306c","442","size","471","patch20/vehicles/bikes/rabbitwildcat/paper_boy_wildcat_suspension_front_1.gfx",".gfx","0x1E1284D6","265","442","0x11","26680735","26681000","GFX2............................"
"1","63699","0x630eabc","0x0","0x197306c","442","size","482","patch20/vehicles/bikes/rayman_roach/rayman_roach_exhaust.gfx",".gfx","0xB345FCD7","276","442","0x11","26683944","26684220","GFX2............................"
"1","63699","0x630eabc","0x0","0x197306c","442","size","492","patch20/vehicles/bikes/roachac/kingcobra_ac_exhaust_pipe_1.gfx",".gfx","0x3D81AD9C","276","442","0x11","26687040","26687316","GFX2............................"
"1","63699","0x630eabc","0x0","0x197306c","442","size","494","patch20/vehicles/bikes/roachac/kingcobra_ac_front_fender_1.gfx",".gfx","0xD75693E8","266","442","0x11","26687609","26687875","GFX2............................"
"1","63699","0x630eabc","0x0","0x197306c","442","size","503","patch20/vehicles/bikes/roachhorror/kingcobra_horror_exhaust_pipe_1.gfx",".gfx","0xB2C403F0","276","442","0x11","26690294","26690570","GFX2............................"
"1","63699","0x630eabc","0x0","0x197306c","442","size","505","patch20/vehicles/bikes/roachhorror/kingcobra_horror_front_fender_1.gfx",".gfx","0xFCA691DA","266","442","0x11","26690863","26691129","GFX2............................"
"1","63699","0x630eabc","0x0","0x197306c","442","size","513","patch20/vehicles/bikes/roach_flame/kingcobra_flame_exhaust_pipe_1.gfx",".gfx","0xA7980087","276","442","0x11","26693133","26693409","GFX2............................"
"1","63699","0x630eabc","0x0","0x197306c","442","size","515","patch20/vehicles/bikes/roach_flame/kingcobra_flame_front_fender_1.gfx",".gfx","0x07C432BD","266","442","0x11","26693702","26693968","GFX2............................"
"1","63700","0x630c3b4","0x0","0x16a0bdb","430","size","315","patch20/characters/barbara_outfit/barbara_legs.gfx",".gfx","0xE67DC6DB","253","430","0x11","23727320","23727573","GFX2............................"
"1","63700","0x630c3b4","0x0","0x16a0bdb","430","size","448","patch20/vehicles/bikes/pitvipergold/cheetah_gold_seat_1.gfx",".gfx","0xBB8348CD","254","430","0x11","26673603","26673857","GFX2............................"
"1","63700","0x630c3b4","0x0","0x16a0bdb","430","size","450","patch20/vehicles/bikes/pitvipergold/cheetah_gold_tank_1.gfx",".gfx","0x5585A0D8","255","430","0x11","26674192","26674447","GFX2............................"
"1","63700","0x630c3b4","0x0","0x16a0bdb","430","size","459","patch20/vehicles/bikes/pitviperwatchdogs/cheetah_watchdogs_seat_1.gfx",".gfx","0xE50D85F3","254","430","0x11","26676934","26677188","GFX2............................"
"1","63700","0x630c3b4","0x0","0x16a0bdb","430","size","479","patch20/vehicles/bikes/rayman_pitviper/rayman_pitviper_tank.gfx",".gfx","0x34B9A84A","255","430","0x11","26683162","26683417","GFX2............................"
"1","63701","0x630e3dc","0x0","0x16a0cd8","430","size","314","patch20/characters/barbara_outfit/barbara_helmet.gfx",".gfx","0xC463851B","253","430","0x11","23727067","23727320","GFX2............................"
"1","63701","0x630e3dc","0x0","0x16a0cd8","430","size","448","patch20/vehicles/bikes/pitvipergold/cheetah_gold_seat_1.gfx",".gfx","0xBB8348CD","254","430","0x11","26673603","26673857","GFX2............................"
"1","63701","0x630e3dc","0x0","0x16a0cd8","430","size","450","patch20/vehicles/bikes/pitvipergold/cheetah_gold_tank_1.gfx",".gfx","0x5585A0D8","255","430","0x11","26674192","26674447","GFX2............................"
"1","63701","0x630e3dc","0x0","0x16a0cd8","430","size","459","patch20/vehicles/bikes/pitviperwatchdogs/cheetah_watchdogs_seat_1.gfx",".gfx","0xE50D85F3","254","430","0x11","26676934","26677188","GFX2............................"
"1","63701","0x630e3dc","0x0","0x16a0cd8","430","size","479","patch20/vehicles/bikes/rayman_pitviper/rayman_pitviper_tank.gfx",".gfx","0x34B9A84A","255","430","0x11","26683162","26683417","GFX2............................"
"1","63702","0x630cddc","0x0","0x16a0dd5","431","size","328","patch20/characters/cyborg_helmet/cyborg_helmet.gfx",".gfx","0xAF350676","258","431","0x11","23730847","23731105","GFX2............................"
"1","63702","0x630cddc","0x0","0x16a0dd5","431","size","329","patch20/characters/dapper/dapper_helmet.gfx",".gfx","0xEC0DE860","255","431","0x11","23731105","23731360","GFX2............................"
"1","63702","0x630cddc","0x0","0x16a0dd5","431","size","356","patch20/characters/kraken_helmet/kraken_helmet.gfx",".gfx","0xFC40E519","257","431","0x11","23782420","23782677","GFX2............................"
"1","63702","0x630cddc","0x0","0x16a0dd5","431","size","369","patch20/characters/rabbit_helmet/rabbit_helmet.gfx",".gfx","0x4DD71D3D","255","431","0x11","26564920","26565175","GFX2............................"
"1","63703","0x621417c","0x0","0x1955e75","434","size","360","patch20/characters/male_punk/male_punk_head.gfx",".gfx","0x9D6AB361","258","434","0x11","23783523","23783781","GFX2............................"
"1","63703","0x621417c","0x0","0x1955e75","434","size","398","patch20/vehicles/bikes/baggie_80s/minx_80s_engine_1.gfx",".gfx","0xFC3176FE","259","434","0x11","26643036","26643295","GFX2............................"
"1","63703","0x621417c","0x0","0x1955e75","434","size","412","patch20/vehicles/bikes/donkey_bike/donkey_front_suspension_1.gfx",".gfx","0x0A7AF40C","255","434","0x11","26660245","26660500","GFX2............................"
"1","63703","0x621417c","0x0","0x1955e75","434","size","498","patch20/vehicles/bikes/roachac/kingcobra_ac_seat_1.gfx",".gfx","0x3E4D9287","259","434","0x11","26688868","26689127","GFX2............................"
"1","63703","0x621417c","0x0","0x1955e75","434","size","508","patch20/vehicles/bikes/roachhorror/kingcobra_horror_seat_1.gfx",".gfx","0x60DB8F22","259","434","0x11","26691707","26691966","GFX2............................"
"1","63703","0x621417c","0x0","0x1955e75","434","size","519","patch20/vehicles/bikes/roach_flame/kingcobra_flame_seat_1.gfx",".gfx","0x82CDECB4","259","434","0x11","26694960","26695219","GFX2............................"
"1","63703","0x621417c","0x0","0x1955e75","434","size","522","patch20/vehicles/bikes/tkopandacamo/fat_grizzly_camo_body_1.gfx",".gfx","0xF053C7D0","259","434","0x11","26695859","26696118","GFX2............................"
"1","63703","0x621417c","0x0","0x1955e75","434","size","529","patch20/vehicles/bikes/tkopandawasp/fat_grizzly_wasp_body_1.gfx",".gfx","0x91859A05","259","434","0x11","26697775","26698034","GFX2............................"
"1","63704","0x630f1bc","0x0","0x1974d02","443","size","474","patch20/vehicles/bikes/rayman_pitviper/rayman_pitviper_backswing.gfx",".gfx","0x6788E905","443","1243","0x11","26681623","26682066","GFX2............................"
"1","63704","0x630f1bc","0x0","0x1974d02","443","size","481","patch20/vehicles/bikes/rayman_roach/rayman_roach_engine_fender.gfx",".gfx","0x1C43F7A4","267","443","0x11","26683677","26683944","GFX2............................"
"1","63704","0x630f1bc","0x0","0x1974d02","443","size","491","patch20/vehicles/bikes/roachac/kingcobra_ac_engine_fender_1.gfx",".gfx","0x3EF762D1","268","443","0x11","26686772","26687040","GFX2............................"
"1","63704","0x630f1bc","0x0","0x1974d02","443","size","502","patch20/vehicles/bikes/roachhorror/kingcobra_horror_engine_fender_1.gfx",".gfx","0x34E5C881","267","443","0x11","26690027","26690294","GFX2............................"
"1","63705","0x630e2ac","0x0","0x1974bfe","436","size","317","patch20/characters/bounty_hunter/bounty_hunter_helmet.gfx",".gfx","0x76F6A5CE","259","436","0x11","23727827","23728086","GFX2............................"
"1","63705","0x630e2ac","0x0","0x1974bfe","436","size","352","patch20/characters/female_tech/female_tech_helmet.gfx",".gfx","0x9CB762CA","263","436","0x11","23737645","23737908","GFX2............................"
"1","63705","0x630e2ac","0x0","0x1974bfe","436","size","480","patch20/vehicles/bikes/rayman_roach/rayman_roach_engine.gfx",".gfx","0xA4188511","260","436","0x11","26683417","26683677","GFX2............................"
"1","63705","0x630e2ac","0x0","0x1974bfe","436","size","490","patch20/vehicles/bikes/roachac/kingcobra_ac_engine_1.gfx",".gfx","0x408F10C6","260","436","0x11","26686512","26686772","GFX2............................"
"1","63705","0x630e2ac","0x0","0x1974bfe","436","size","501","patch20/vehicles/bikes/roachhorror/kingcobra_horror_engine_1.gfx",".gfx","0x20B196D6","260","436","0x11","26689767","26690027","GFX2............................"
"1","63706","0x630c4cc","0x0","0x1974f21","591","size","349","patch20/characters/female_officer/female_officer_legs.gfx",".gfx","0x75F722CB","297","591","0x11","23736750","23737047","GFX2............................"
"1","63706","0x630c4cc","0x0","0x1974f21","591","size","350","patch20/characters/female_officer/female_officer_torso.gfx",".gfx","0x1A7180D7","300","591","0x11","23737047","23737347","GFX2............................"
"1","63706","0x630c4cc","0x0","0x1974f21","591","size","493","patch20/vehicles/bikes/roachac/kingcobra_ac_frame_1.gfx",".gfx","0x56D26469","293","591","0x11","26687316","26687609","GFX2............................"
"1","63706","0x630c4cc","0x0","0x1974f21","591","size","504","patch20/vehicles/bikes/roachhorror/kingcobra_horror_frame_1.gfx",".gfx","0x8E5C3560","293","591","0x11","26690570","26690863","GFX2............................"
"1","63707","0x630db04","0x0","0x1975633","438","size","366","patch20/characters/plague_doctor_helmet/plague_doctor_helmet.gfx",".gfx","0x82808A6E","262","438","0x11","23785149","23785411","GFX2............................"
"1","63707","0x630db04","0x0","0x1975633","438","size","405","patch20/vehicles/bikes/baggie_80s/minx_80s_head_light_1.gfx",".gfx","0x5B0FF1EE","262","438","0x11","26644876","26645138","GFX2............................"
"1","63707","0x630db04","0x0","0x1975633","438","size","423","patch20/vehicles/bikes/pitvipercomicbook/cheetah_comicbook_fender_front_1.gfx",".gfx","0x5507F76B","302","438","0x11","26665839","26666141","GFX2............................"
"1","63707","0x630db04","0x0","0x1975633","438","size","433","patch20/vehicles/bikes/pitviperevo/cheetah_evo_fender_front_1.gfx",".gfx","0x43D3CB28","308","438","0x11","26668971","26669279","GFX2............................"
"1","63707","0x630db04","0x0","0x1975633","438","size","443","patch20/vehicles/bikes/pitvipergold/cheetah_gold_fender_front_1.gfx",".gfx","0xD886E847","303","438","0x11","26672062","26672365","GFX2............................"
"1","63707","0x630db04","0x0","0x1975633","438","size","454","patch20/vehicles/bikes/pitviperwatchdogs/cheetah_watchdogs_fender_front_1.gfx",".gfx","0xF34409DD","301","438","0x11","26675362","26675663","GFX2............................"
"1","63707","0x630db04","0x0","0x1975633","438","size","476","patch20/vehicles/bikes/rayman_pitviper/rayman_pitviper_fender_front.gfx",".gfx","0x81EBFC66","262","438","0x11","26682337","26682599","GFX2............................"
"1","63707","0x630db04","0x0","0x1975633","438","size","488","patch20/vehicles/bikes/rayman_roach/rayman_roach_steering.gfx",".gfx","0x588CECE5","261","438","0x11","26685824","26686085","GFX2............................"
"1","63707","0x630db04","0x0","0x1975633","438","size","499","patch20/vehicles/bikes/roachac/kingcobra_ac_steering_1.gfx",".gfx","0xD7FE8DFA","261","438","0x11","26689127","26689388","GFX2............................"
"1","63707","0x630db04","0x0","0x1975633","438","size","509","patch20/vehicles/bikes/roachhorror/kingcobra_horror_steering_1.gfx",".gfx","0x07326DE8","261","438","0x11","26691966","26692227","GFX2............................"
"1","63707","0x630db04","0x0","0x1975633","438","size","526","patch20/vehicles/bikes/tkopandacamo/fat_grizzly_camo_steering_1.gfx",".gfx","0xAD395CC9","262","438","0x11","26696975","26697237","GFX2............................"
"1","63707","0x630db04","0x0","0x1975633","438","size","533","patch20/vehicles/bikes/tkopandawasp/fat_grizzly_wasp_steering_1.gfx",".gfx","0x7998407B","262","438","0x11","26698891","26699153","GFX2............................"
"1","63708","0x630be64","0x0","0x1975738","921","size","500","patch20/vehicles/bikes/roachac/kingcobra_ac_swing_arm_1.gfx",".gfx","0x0F8BBA46","379","921","0x11","26689388","26689767","GFX2............................"
"1","63708","0x630be64","0x0","0x1975738","921","size","510","patch20/vehicles/bikes/roachhorror/kingcobra_horror_swing_arm_1.gfx",".gfx","0x694CD641","379","921","0x11","26692227","26692606","GFX2............................"
"1","63709","0x630ba74","0x0","0x1974e0d","442","size","426","patch20/vehicles/bikes/pitvipercomicbook/cheetah_comicbook_front_suspension_1.gfx",".gfx","0xEE6825D2","264","442","0x11","26666724","26666988","GFX2............................"
"1","63709","0x630ba74","0x0","0x1974e0d","442","size","436","patch20/vehicles/bikes/pitviperevo/cheetah_evo_front_suspension_1.gfx",".gfx","0xF80465EC","264","442","0x11","26669861","26670125","GFX2............................"
"1","63709","0x630ba74","0x0","0x1974e0d","442","size","446","patch20/vehicles/bikes/pitvipergold/cheetah_gold_front_suspension_1.gfx",".gfx","0xBA0D5270","264","442","0x11","26672915","26673179","GFX2............................"
"1","63709","0x630ba74","0x0","0x1974e0d","442","size","457","patch20/vehicles/bikes/pitviperwatchdogs/cheetah_watchdogs_front_suspension_1.gfx",".gfx","0x45D8964F","264","442","0x11","26676246","26676510","GFX2............................"
"1","63709","0x630ba74","0x0","0x1974e0d","442","size","471","patch20/vehicles/bikes/rabbitwildcat/paper_boy_wildcat_suspension_front_1.gfx",".gfx","0x1E1284D6","265","442","0x11","26680735","26681000","GFX2............................"
"1","63709","0x630ba74","0x0","0x1974e0d","442","size","482","patch20/vehicles/bikes/rayman_roach/rayman_roach_exhaust.gfx",".gfx","0xB345FCD7","276","442","0x11","26683944","26684220","GFX2............................"
"1","63709","0x630ba74","0x0","0x1974e0d","442","size","487","patch20/vehicles/bikes/rayman_roach/rayman_roach_rear_fender.gfx",".gfx","0x15C53B53","276","442","0x11","26685548","26685824","GFX2............................"
"1","63709","0x630ba74","0x0","0x1974e0d","442","size","492","patch20/vehicles/bikes/roachac/kingcobra_ac_exhaust_pipe_1.gfx",".gfx","0x3D81AD9C","276","442","0x11","26687040","26687316","GFX2............................"
"1","63709","0x630ba74","0x0","0x1974e0d","442","size","494","patch20/vehicles/bikes/roachac/kingcobra_ac_front_fender_1.gfx",".gfx","0xD75693E8","266","442","0x11","26687609","26687875","GFX2............................"
"1","63709","0x630ba74","0x0","0x1974e0d","442","size","503","patch20/vehicles/bikes/roachhorror/kingcobra_horror_exhaust_pipe_1.gfx",".gfx","0xB2C403F0","276","442","0x11","26690294","26690570","GFX2............................"
"1","63709","0x630ba74","0x0","0x1974e0d","442","size","505","patch20/vehicles/bikes/roachhorror/kingcobra_horror_front_fender_1.gfx",".gfx","0xFCA691DA","266","442","0x11","26690863","26691129","GFX2............................"
"1","63709","0x630ba74","0x0","0x1974e0d","442","size","515","patch20/vehicles/bikes/roach_flame/kingcobra_flame_front_fender_1.gfx",".gfx","0x07C432BD","266","442","0x11","26693702","26693968","GFX2............................"
"1","63711","0x630e174","0x0","0x1975046","442","size","426","patch20/vehicles/bikes/pitvipercomicbook/cheetah_comicbook_front_suspension_1.gfx",".gfx","0xEE6825D2","264","442","0x11","26666724","26666988","GFX2............................"
"1","63711","0x630e174","0x0","0x1975046","442","size","436","patch20/vehicles/bikes/pitviperevo/cheetah_evo_front_suspension_1.gfx",".gfx","0xF80465EC","264","442","0x11","26669861","26670125","GFX2............................"
"1","63711","0x630e174","0x0","0x1975046","442","size","446","patch20/vehicles/bikes/pitvipergold/cheetah_gold_front_suspension_1.gfx",".gfx","0xBA0D5270","264","442","0x11","26672915","26673179","GFX2............................"
"1","63711","0x630e174","0x0","0x1975046","442","size","457","patch20/vehicles/bikes/pitviperwatchdogs/cheetah_watchdogs_front_suspension_1.gfx",".gfx","0x45D8964F","264","442","0x11","26676246","26676510","GFX2............................"
"1","63711","0x630e174","0x0","0x1975046","442","size","471","patch20/vehicles/bikes/rabbitwildcat/paper_boy_wildcat_suspension_front_1.gfx",".gfx","0x1E1284D6","265","442","0x11","26680735","26681000","GFX2............................"
"1","63711","0x630e174","0x0","0x1975046","442","size","482","patch20/vehicles/bikes/rayman_roach/rayman_roach_exhaust.gfx",".gfx","0xB345FCD7","276","442","0x11","26683944","26684220","GFX2............................"
"1","63711","0x630e174","0x0","0x1975046","442","size","487","patch20/vehicles/bikes/rayman_roach/rayman_roach_rear_fender.gfx",".gfx","0x15C53B53","276","442","0x11","26685548","26685824","GFX2............................"
"1","63711","0x630e174","0x0","0x1975046","442","size","492","patch20/vehicles/bikes/roachac/kingcobra_ac_exhaust_pipe_1.gfx",".gfx","0x3D81AD9C","276","442","0x11","26687040","26687316","GFX2............................"
"1","63711","0x630e174","0x0","0x1975046","442","size","494","patch20/vehicles/bikes/roachac/kingcobra_ac_front_fender_1.gfx",".gfx","0xD75693E8","266","442","0x11","26687609","26687875","GFX2............................"
"1","63711","0x630e174","0x0","0x1975046","442","size","503","patch20/vehicles/bikes/roachhorror/kingcobra_horror_exhaust_pipe_1.gfx",".gfx","0xB2C403F0","276","442","0x11","26690294","26690570","GFX2............................"
"1","63711","0x630e174","0x0","0x1975046","442","size","505","patch20/vehicles/bikes/roachhorror/kingcobra_horror_front_fender_1.gfx",".gfx","0xFCA691DA","266","442","0x11","26690863","26691129","GFX2............................"
"1","63711","0x630e174","0x0","0x1975046","442","size","513","patch20/vehicles/bikes/roach_flame/kingcobra_flame_exhaust_pipe_1.gfx",".gfx","0xA7980087","276","442","0x11","26693133","26693409","GFX2............................"
"1","63712","0x630dca4","0x0","0x1975150","446","size","357","patch20/characters/male_assassin/m_assassin_head.gfx",".gfx","0x4538C18B","267","446","0x11","23782677","23782944","GFX2............................"
"1","63712","0x630dca4","0x0","0x1975150","446","size","475","patch20/vehicles/bikes/rayman_pitviper/rayman_pitviper_enginefender.gfx",".gfx","0xB753A323","271","446","0x11","26682066","26682337","GFX2............................"
"1","63712","0x630dca4","0x0","0x1975150","446","size","495","patch20/vehicles/bikes/roachac/kingcobra_ac_front_suspension_1.gfx",".gfx","0x4AB49C21","270","446","0x11","26687875","26688145","GFX2............................"
"1","63712","0x630dca4","0x0","0x1975150","446","size","506","patch20/vehicles/bikes/roachhorror/kingcobra_horror_front_suspension_1.gfx",".gfx","0x167B97D1","270","446","0x11","26691129","26691399","GFX2............................"
"1","63712","0x630dca4","0x0","0x1975150","446","size","527","patch20/vehicles/bikes/tkopandacamo/fat_grizzly_camo_suspension_front_1.gfx",".gfx","0x1C92F26E","269","446","0x11","26697237","26697506","GFX2............................"
"1","63712","0x630dca4","0x0","0x1975150","446","size","534","patch20/vehicles/bikes/tkopandawasp/fat_grizzly_wasp_suspension_front_1.gfx",".gfx","0x9B5BF8ED","269","446","0x11","26699153","26699422","GFX2............................"
"1","63713","0x630bca4","0x0","0x1975530","434","size","360","patch20/characters/male_punk/male_punk_head.gfx",".gfx","0x9D6AB361","258","434","0x11","23783523","23783781","GFX2............................"
"1","63713","0x630bca4","0x0","0x1975530","434","size","374","patch20/characters/tko_panda_helmet/tko_panda_helmet.gfx",".gfx","0x933EC809","258","434","0x11","26566261","26566519","GFX2............................"
"1","63713","0x630bca4","0x0","0x1975530","434","size","398","patch20/vehicles/bikes/baggie_80s/minx_80s_engine_1.gfx",".gfx","0xFC3176FE","259","434","0x11","26643036","26643295","GFX2............................"
"1","63713","0x630bca4","0x0","0x1975530","434","size","412","patch20/vehicles/bikes/donkey_bike/donkey_front_suspension_1.gfx",".gfx","0x0A7AF40C","255","434","0x11","26660245","26660500","GFX2............................"
"1","63713","0x630bca4","0x0","0x1975530","434","size","498","patch20/vehicles/bikes/roachac/kingcobra_ac_seat_1.gfx",".gfx","0x3E4D9287","259","434","0x11","26688868","26689127","GFX2............................"
"1","63713","0x630bca4","0x0","0x1975530","434","size","508","patch20/vehicles/bikes/roachhorror/kingcobra_horror_seat_1.gfx",".gfx","0x60DB8F22","259","434","0x11","26691707","26691966","GFX2............................"
"1","63713","0x630bca4","0x0","0x1975530","434","size","522","patch20/vehicles/bikes/tkopandacamo/fat_grizzly_camo_body_1.gfx",".gfx","0xF053C7D0","259","434","0x11","26695859","26696118","GFX2............................"
"1","63713","0x630bca4","0x0","0x1975530","434","size","529","patch20/vehicles/bikes/tkopandawasp/fat_grizzly_wasp_body_1.gfx",".gfx","0x91859A05","259","434","0x11","26697775","26698034","GFX2............................"
"1","63714","0x630e2c4","0x0","0x197525e","733","size","496","patch20/vehicles/bikes/roachac/kingcobra_ac_head_light_1.gfx",".gfx","0x27EB872A","414","733","0x11","26688145","26688559","GFX2............................"
"1","63717","0x630e5f4","0x0","0x1968a5c","434","size","360","patch20/characters/male_punk/male_punk_head.gfx",".gfx","0x9D6AB361","258","434","0x11","23783523","23783781","GFX2............................"
"1","63717","0x630e5f4","0x0","0x1968a5c","434","size","374","patch20/characters/tko_panda_helmet/tko_panda_helmet.gfx",".gfx","0x933EC809","258","434","0x11","26566261","26566519","GFX2............................"
"1","63717","0x630e5f4","0x0","0x1968a5c","434","size","412","patch20/vehicles/bikes/donkey_bike/donkey_front_suspension_1.gfx",".gfx","0x0A7AF40C","255","434","0x11","26660245","26660500","GFX2............................"
"1","63717","0x630e5f4","0x0","0x1968a5c","434","size","498","patch20/vehicles/bikes/roachac/kingcobra_ac_seat_1.gfx",".gfx","0x3E4D9287","259","434","0x11","26688868","26689127","GFX2............................"
"1","63717","0x630e5f4","0x0","0x1968a5c","434","size","508","patch20/vehicles/bikes/roachhorror/kingcobra_horror_seat_1.gfx",".gfx","0x60DB8F22","259","434","0x11","26691707","26691966","GFX2............................"
"1","63717","0x630e5f4","0x0","0x1968a5c","434","size","519","patch20/vehicles/bikes/roach_flame/kingcobra_flame_seat_1.gfx",".gfx","0x82CDECB4","259","434","0x11","26694960","26695219","GFX2............................"
"1","63717","0x630e5f4","0x0","0x1968a5c","434","size","522","patch20/vehicles/bikes/tkopandacamo/fat_grizzly_camo_body_1.gfx",".gfx","0xF053C7D0","259","434","0x11","26695859","26696118","GFX2............................"
"1","63717","0x630e5f4","0x0","0x1968a5c","434","size","529","patch20/vehicles/bikes/tkopandawasp/fat_grizzly_wasp_body_1.gfx",".gfx","0x91859A05","259","434","0x11","26697775","26698034","GFX2............................"
"1","63718","0x630c664","0x0","0x1968c72","435","size","444","patch20/vehicles/bikes/pitvipergold/cheetah_gold_fender_rear_1.gfx",".gfx","0x2F022799","260","435","0x11","26672365","26672625","GFX2............................"
"1","63720","0x630d1f4","0x0","0x1968d74","440","size","337","patch20/characters/femaleoutfit_1/female_outfit_1_helmet.gfx",".gfx","0x75763B9F","263","440","0x11","23733292","23733555","GFX2............................"
"1","63720","0x630d1f4","0x0","0x1968d74","440","size","342","patch20/characters/female_assassin/female_assassin_helmet.gfx",".gfx","0x426B8627","262","440","0x11","23734761","23735023","GFX2............................"
"1","63721","0x630bd64","0x0","0x1969083","444","size","465","patch20/vehicles/bikes/rabbitbmx/paper_boy_bmx_suspension_front_1.gfx",".gfx","0xD9AE2E5E","267","444","0x11","26678832","26679099","GFX2............................"
"1","63722","0x630bae4","0x0","0x1968e7c","439","size","345","patch20/characters/female_indian/female_indian_helmet.gfx",".gfx","0x2CE3EF75","264","439","0x11","23735630","23735894","GFX2............................"
"1","63722","0x630bae4","0x0","0x1968e7c","439","size","348","patch20/characters/female_officer/female_officer_helmet.gfx",".gfx","0xA80EE297","263","439","0x11","23736487","23736750","GFX2............................"
"1","63722","0x630bae4","0x0","0x1968e7c","439","size","441","patch20/vehicles/bikes/pitvipergold/cheetah_gold_engine_fender_1.gfx",".gfx","0x76B126E8","264","439","0x11","26671542","26671806","GFX2............................"
"1","63722","0x630bae4","0x0","0x1968e7c","439","size","525","patch20/vehicles/bikes/tkopandacamo/fat_grizzly_camo_headlight_1.gfx",".gfx","0x4EA41D25","263","439","0x11","26696712","26696975","GFX2............................"
"1","63722","0x630bae4","0x0","0x1968e7c","439","size","532","patch20/vehicles/bikes/tkopandawasp/fat_grizzly_wasp_headlight_1.gfx",".gfx","0x9D424530","263","439","0x11","26698628","26698891","GFX2............................"
"1","63723","0x630d5c4","0x0","0x1969292","432","size","420","patch20/vehicles/bikes/pitvipercomicbook/cheetah_comicbook_engine_1.gfx",".gfx","0x7A7B4D6C","257","432","0x11","26665020","26665277","GFX2............................"
"1","63723","0x630d5c4","0x0","0x1969292","432","size","430","patch20/vehicles/bikes/pitviperevo/cheetah_evo_engine_1.gfx",".gfx","0x141B0A12","257","432","0x11","26668149","26668406","GFX2............................"
"1","63723","0x630d5c4","0x0","0x1969292","432","size","440","patch20/vehicles/bikes/pitvipergold/cheetah_gold_engine_1.gfx",".gfx","0xFE3A47D2","257","432","0x11","26671285","26671542","GFX2............................"
"1","63723","0x630d5c4","0x0","0x1969292","432","size","452","patch20/vehicles/bikes/pitviperwatchdogs/cheetah_watchdogs_engine_1.gfx",".gfx","0x6C60D2CC","257","432","0x11","26674849","26675106","GFX2............................"
"1","63724","0x630d374","0x0","0x1968f83","433","size","310","patch20/characters/apocalypse_mask/apocalypse_mask.gfx",".gfx","0xC1408077","259","433","0x11","23726035","23726294","GFX2............................"
"1","63724","0x630d374","0x0","0x1968f83","433","size","313","patch20/characters/arno/arno_torso.gfx",".gfx","0x1B275455","257","433","0x11","23726810","23727067","GFX2............................"
"1","63724","0x630d374","0x0","0x1968f83","433","size","414","patch20/vehicles/bikes/donkey_bike/donkey_rear_suspension_1.gfx",".gfx","0x486FBC03","253","433","0x11","26660752","26661005","GFX2............................"
"1","63724","0x630d374","0x0","0x1968f83","433","size","422","patch20/vehicles/bikes/pitvipercomicbook/cheetah_comicbook_exhaust_1.gfx",".gfx","0xB9CD4E96","256","433","0x11","26665583","26665839","GFX2............................"
"1","63724","0x630d374","0x0","0x1968f83","433","size","432","patch20/vehicles/bikes/pitviperevo/cheetah_evo_exhaust_1.gfx",".gfx","0x0DAC7570","256","433","0x11","26668715","26668971","GFX2............................"
"1","63724","0x630d374","0x0","0x1968f83","433","size","442","patch20/vehicles/bikes/pitvipergold/cheetah_gold_exhaust_1.gfx",".gfx","0x58DBB4B8","256","433","0x11","26671806","26672062","GFX2............................"
"1","63724","0x630d374","0x0","0x1968f83","433","size","453","patch20/vehicles/bikes/pitviperwatchdogs/cheetah_watchdogs_exhaust_1.gfx",".gfx","0x0EBBEB78","256","433","0x11","26675106","26675362","GFX2............................"
"1","63726","0x630c44c","0x0","0x1968b5f","462","size","394","patch20/tools/controller/controller_b_1.gfx",".gfx","0x8DF4338E","291","462","0x11","26641767","26642058","GFX2............................"
"1","63726","0x630c44c","0x0","0x1968b5f","462","size","396","patch20/tools/controller/xbox/controller_b_1.gfx",".gfx","0x2E0B859A","291","462","0x11","26642348","26642639","GFX2............................"
"1","63726","0x630c44c","0x0","0x1968b5f","462","size","4","config20.xml",".xml","0x118AA6E7","462","714","0x11","12513","12975","GFX2............................"
"1","63727","0x630d20c","0x0","0x196918c","438","size","366","patch20/characters/plague_doctor_helmet/plague_doctor_helmet.gfx",".gfx","0x82808A6E","262","438","0x11","23785149","23785411","GFX2............................"
"1","63727","0x630d20c","0x0","0x196918c","438","size","423","patch20/vehicles/bikes/pitvipercomicbook/cheetah_comicbook_fender_front_1.gfx",".gfx","0x5507F76B","302","438","0x11","26665839","26666141","GFX2............................"
"1","63727","0x630d20c","0x0","0x196918c","438","size","433","patch20/vehicles/bikes/pitviperevo/cheetah_evo_fender_front_1.gfx",".gfx","0x43D3CB28","308","438","0x11","26668971","26669279","GFX2............................"
"1","63727","0x630d20c","0x0","0x196918c","438","size","443","patch20/vehicles/bikes/pitvipergold/cheetah_gold_fender_front_1.gfx",".gfx","0xD886E847","303","438","0x11","26672062","26672365","GFX2............................"
"1","63727","0x630d20c","0x0","0x196918c","438","size","454","patch20/vehicles/bikes/pitviperwatchdogs/cheetah_watchdogs_fender_front_1.gfx",".gfx","0xF34409DD","301","438","0x11","26675362","26675663","GFX2............................"
"1","63727","0x630d20c","0x0","0x196918c","438","size","476","patch20/vehicles/bikes/rayman_pitviper/rayman_pitviper_fender_front.gfx",".gfx","0x81EBFC66","262","438","0x11","26682337","26682599","GFX2............................"
"1","63727","0x630d20c","0x0","0x196918c","438","size","488","patch20/vehicles/bikes/rayman_roach/rayman_roach_steering.gfx",".gfx","0x588CECE5","261","438","0x11","26685824","26686085","GFX2............................"
"1","63727","0x630d20c","0x0","0x196918c","438","size","499","patch20/vehicles/bikes/roachac/kingcobra_ac_steering_1.gfx",".gfx","0xD7FE8DFA","261","438","0x11","26689127","26689388","GFX2............................"
"1","63727","0x630d20c","0x0","0x196918c","438","size","509","patch20/vehicles/bikes/roachhorror/kingcobra_horror_steering_1.gfx",".gfx","0x07326DE8","261","438","0x11","26691966","26692227","GFX2............................"
"1","63727","0x630d20c","0x0","0x196918c","438","size","520","patch20/vehicles/bikes/roach_flame/kingcobra_flame_steering_1.gfx",".gfx","0xED290E67","261","438","0x11","26695219","26695480","GFX2............................"
"1","63727","0x630d20c","0x0","0x196918c","438","size","526","patch20/vehicles/bikes/tkopandacamo/fat_grizzly_camo_steering_1.gfx",".gfx","0xAD395CC9","262","438","0x11","26696975","26697237","GFX2............................"
"1","63727","0x630d20c","0x0","0x196918c","438","size","533","patch20/vehicles/bikes/tkopandawasp/fat_grizzly_wasp_steering_1.gfx",".gfx","0x7998407B","262","438","0x11","26698891","26699153","GFX2............................"
"1","63728","0x630cbe4","0x0","0x1973640","442","size","426","patch20/vehicles/bikes/pitvipercomicbook/cheetah_comicbook_front_suspension_1.gfx",".gfx","0xEE6825D2","264","442","0x11","26666724","26666988","GFX2............................"
"1","63728","0x630cbe4","0x0","0x1973640","442","size","436","patch20/vehicles/bikes/pitviperevo/cheetah_evo_front_suspension_1.gfx",".gfx","0xF80465EC","264","442","0x11","26669861","26670125","GFX2............................"
"1","63728","0x630cbe4","0x0","0x1973640","442","size","446","patch20/vehicles/bikes/pitvipergold/cheetah_gold_front_suspension_1.gfx",".gfx","0xBA0D5270","264","442","0x11","26672915","26673179","GFX2............................"
"1","63728","0x630cbe4","0x0","0x1973640","442","size","457","patch20/vehicles/bikes/pitviperwatchdogs/cheetah_watchdogs_front_suspension_1.gfx",".gfx","0x45D8964F","264","442","0x11","26676246","26676510","GFX2............................"
"1","63728","0x630cbe4","0x0","0x1973640","442","size","471","patch20/vehicles/bikes/rabbitwildcat/paper_boy_wildcat_suspension_front_1.gfx",".gfx","0x1E1284D6","265","442","0x11","26680735","26681000","GFX2............................"
"1","63728","0x630cbe4","0x0","0x1973640","442","size","482","patch20/vehicles/bikes/rayman_roach/rayman_roach_exhaust.gfx",".gfx","0xB345FCD7","276","442","0x11","26683944","26684220","GFX2............................"
"1","63728","0x630cbe4","0x0","0x1973640","442","size","487","patch20/vehicles/bikes/rayman_roach/rayman_roach_rear_fender.gfx",".gfx","0x15C53B53","276","442","0x11","26685548","26685824","GFX2............................"
"1","63728","0x630cbe4","0x0","0x1973640","442","size","494","patch20/vehicles/bikes/roachac/kingcobra_ac_front_fender_1.gfx",".gfx","0xD75693E8","266","442","0x11","26687609","26687875","GFX2............................"
"1","63728","0x630cbe4","0x0","0x1973640","442","size","503","patch20/vehicles/bikes/roachhorror/kingcobra_horror_exhaust_pipe_1.gfx",".gfx","0xB2C403F0","276","442","0x11","26690294","26690570","GFX2............................"
"1","63728","0x630cbe4","0x0","0x1973640","442","size","505","patch20/vehicles/bikes/roachhorror/kingcobra_horror_front_fender_1.gfx",".gfx","0xFCA691DA","266","442","0x11","26690863","26691129","GFX2............................"
"1","63728","0x630cbe4","0x0","0x1973640","442","size","513","patch20/vehicles/bikes/roach_flame/kingcobra_flame_exhaust_pipe_1.gfx",".gfx","0xA7980087","276","442","0x11","26693133","26693409","GFX2............................"
"1","63728","0x630cbe4","0x0","0x1973640","442","size","515","patch20/vehicles/bikes/roach_flame/kingcobra_flame_front_fender_1.gfx",".gfx","0x07C432BD","266","442","0x11","26693702","26693968","GFX2............................"
"1","63729","0x630d844","0x0","0x1973f6c","921","size","510","patch20/vehicles/bikes/roachhorror/kingcobra_horror_swing_arm_1.gfx",".gfx","0x694CD641","379","921","0x11","26692227","26692606","GFX2............................"
"1","63729","0x630d844","0x0","0x1973f6c","921","size","521","patch20/vehicles/bikes/roach_flame/kingcobra_flame_swing_arm_1.gfx",".gfx","0x7ECA7CC9","379","921","0x11","26695480","26695859","GFX2............................"
"1","63730","0x630e8b4","0x0","0x1973a91","733","size","517","patch20/vehicles/bikes/roach_flame/kingcobra_flame_head_light_1.gfx",".gfx","0xD57DBECF","414","733","0x11","26694238","26694652","GFX2............................"
"1","63731","0x630d2f4","0x0","0x1973e67","438","size","366","patch20/characters/plague_doctor_helmet/plague_doctor_helmet.gfx",".gfx","0x82808A6E","262","438","0x11","23785149","23785411","GFX2............................"
"1","63731","0x630d2f4","0x0","0x1973e67","438","size","405","patch20/vehicles/bikes/baggie_80s/minx_80s_head_light_1.gfx",".gfx","0x5B0FF1EE","262","438","0x11","26644876","26645138","GFX2............................"
"1","63731","0x630d2f4","0x0","0x1973e67","438","size","423","patch20/vehicles/bikes/pitvipercomicbook/cheetah_comicbook_fender_front_1.gfx",".gfx","0x5507F76B","302","438","0x11","26665839","26666141","GFX2............................"
"1","63731","0x630d2f4","0x0","0x1973e67","438","size","433","patch20/vehicles/bikes/pitviperevo/cheetah_evo_fender_front_1.gfx",".gfx","0x43D3CB28","308","438","0x11","26668971","26669279","GFX2............................"
"1","63731","0x630d2f4","0x0","0x1973e67","438","size","443","patch20/vehicles/bikes/pitvipergold/cheetah_gold_fender_front_1.gfx",".gfx","0xD886E847","303","438","0x11","26672062","26672365","GFX2............................"
"1","63731","0x630d2f4","0x0","0x1973e67","438","size","454","patch20/vehicles/bikes/pitviperwatchdogs/cheetah_watchdogs_fender_front_1.gfx",".gfx","0xF34409DD","301","438","0x11","26675362","26675663","GFX2............................"
"1","63731","0x630d2f4","0x0","0x1973e67","438","size","476","patch20/vehicles/bikes/rayman_pitviper/rayman_pitviper_fender_front.gfx",".gfx","0x81EBFC66","262","438","0x11","26682337","26682599","GFX2............................"
"1","63731","0x630d2f4","0x0","0x1973e67","438","size","488","patch20/vehicles/bikes/rayman_roach/rayman_roach_steering.gfx",".gfx","0x588CECE5","261","438","0x11","26685824","26686085","GFX2............................"
"1","63731","0x630d2f4","0x0","0x1973e67","438","size","509","patch20/vehicles/bikes/roachhorror/kingcobra_horror_steering_1.gfx",".gfx","0x07326DE8","261","438","0x11","26691966","26692227","GFX2............................"
"1","63731","0x630d2f4","0x0","0x1973e67","438","size","520","patch20/vehicles/bikes/roach_flame/kingcobra_flame_steering_1.gfx",".gfx","0xED290E67","261","438","0x11","26695219","26695480","GFX2............................"
"1","63731","0x630d2f4","0x0","0x1973e67","438","size","526","patch20/vehicles/bikes/tkopandacamo/fat_grizzly_camo_steering_1.gfx",".gfx","0xAD395CC9","262","438","0x11","26696975","26697237","GFX2............................"
"1","63731","0x630d2f4","0x0","0x1973e67","438","size","533","patch20/vehicles/bikes/tkopandawasp/fat_grizzly_wasp_steering_1.gfx",".gfx","0x7998407B","262","438","0x11","26698891","26699153","GFX2............................"
"1","63732","0x62142dc","0x0","0x1973983","446","size","357","patch20/characters/male_assassin/m_assassin_head.gfx",".gfx","0x4538C18B","267","446","0x11","23782677","23782944","GFX2............................"
"1","63732","0x62142dc","0x0","0x1973983","446","size","475","patch20/vehicles/bikes/rayman_pitviper/rayman_pitviper_enginefender.gfx",".gfx","0xB753A323","271","446","0x11","26682066","26682337","GFX2............................"
"1","63732","0x62142dc","0x0","0x1973983","446","size","506","patch20/vehicles/bikes/roachhorror/kingcobra_horror_front_suspension_1.gfx",".gfx","0x167B97D1","270","446","0x11","26691129","26691399","GFX2............................"
"1","63732","0x62142dc","0x0","0x1973983","446","size","516","patch20/vehicles/bikes/roach_flame/kingcobra_flame_front_suspension_1.gfx",".gfx","0x10F04679","270","446","0x11","26693968","26694238","GFX2............................"
"1","63732","0x62142dc","0x0","0x1973983","446","size","527","patch20/vehicles/bikes/tkopandacamo/fat_grizzly_camo_suspension_front_1.gfx",".gfx","0x1C92F26E","269","446","0x11","26697237","26697506","GFX2............................"
"1","63732","0x62142dc","0x0","0x1973983","446","size","534","patch20/vehicles/bikes/tkopandawasp/fat_grizzly_wasp_suspension_front_1.gfx",".gfx","0x9B5BF8ED","269","446","0x11","26699153","26699422","GFX2............................"
"1","63733","0x630e774","0x0","0x1973c2f","608","size","507","patch20/vehicles/bikes/roachhorror/kingcobra_horror_rear_fender_1.gfx",".gfx","0xC3CB1A40","308","608","0x11","26691399","26691707","GFX2............................"
"1","63734","0x630f4cc","0x0","0x1973879","442","size","426","patch20/vehicles/bikes/pitvipercomicbook/cheetah_comicbook_front_suspension_1.gfx",".gfx","0xEE6825D2","264","442","0x11","26666724","26666988","GFX2............................"
"1","63734","0x630f4cc","0x0","0x1973879","442","size","436","patch20/vehicles/bikes/pitviperevo/cheetah_evo_front_suspension_1.gfx",".gfx","0xF80465EC","264","442","0x11","26669861","26670125","GFX2............................"
"1","63734","0x630f4cc","0x0","0x1973879","442","size","446","patch20/vehicles/bikes/pitvipergold/cheetah_gold_front_suspension_1.gfx",".gfx","0xBA0D5270","264","442","0x11","26672915","26673179","GFX2............................"
"1","63734","0x630f4cc","0x0","0x1973879","442","size","457","patch20/vehicles/bikes/pitviperwatchdogs/cheetah_watchdogs_front_suspension_1.gfx",".gfx","0x45D8964F","264","442","0x11","26676246","26676510","GFX2............................"
"1","63734","0x630f4cc","0x0","0x1973879","442","size","471","patch20/vehicles/bikes/rabbitwildcat/paper_boy_wildcat_suspension_front_1.gfx",".gfx","0x1E1284D6","265","442","0x11","26680735","26681000","GFX2............................"
"1","63734","0x630f4cc","0x0","0x1973879","442","size","482","patch20/vehicles/bikes/rayman_roach/rayman_roach_exhaust.gfx",".gfx","0xB345FCD7","276","442","0x11","26683944","26684220","GFX2............................"
"1","63734","0x630f4cc","0x0","0x1973879","442","size","487","patch20/vehicles/bikes/rayman_roach/rayman_roach_rear_fender.gfx",".gfx","0x15C53B53","276","442","0x11","26685548","26685824","GFX2............................"
"1","63734","0x630f4cc","0x0","0x1973879","442","size","492","patch20/vehicles/bikes/roachac/kingcobra_ac_exhaust_pipe_1.gfx",".gfx","0x3D81AD9C","276","442","0x11","26687040","26687316","GFX2............................"
"1","63734","0x630f4cc","0x0","0x1973879","442","size","503","patch20/vehicles/bikes/roachhorror/kingcobra_horror_exhaust_pipe_1.gfx",".gfx","0xB2C403F0","276","442","0x11","26690294","26690570","GFX2............................"
"1","63734","0x630f4cc","0x0","0x1973879","442","size","505","patch20/vehicles/bikes/roachhorror/kingcobra_horror_front_fender_1.gfx",".gfx","0xFCA691DA","266","442","0x11","26690863","26691129","GFX2............................"
"1","63734","0x630f4cc","0x0","0x1973879","442","size","513","patch20/vehicles/bikes/roach_flame/kingcobra_flame_exhaust_pipe_1.gfx",".gfx","0xA7980087","276","442","0x11","26693133","26693409","GFX2............................"
"1","63734","0x630f4cc","0x0","0x1973879","442","size","515","patch20/vehicles/bikes/roach_flame/kingcobra_flame_front_fender_1.gfx",".gfx","0x07C432BD","266","442","0x11","26693702","26693968","GFX2............................"
"1","63735","0x630dd9c","0x0","0x1973d64","434","size","360","patch20/characters/male_punk/male_punk_head.gfx",".gfx","0x9D6AB361","258","434","0x11","23783523","23783781","GFX2............................"
"1","63735","0x630dd9c","0x0","0x1973d64","434","size","374","patch20/characters/tko_panda_helmet/tko_panda_helmet.gfx",".gfx","0x933EC809","258","434","0x11","26566261","26566519","GFX2............................"
"1","63735","0x630dd9c","0x0","0x1973d64","434","size","398","patch20/vehicles/bikes/baggie_80s/minx_80s_engine_1.gfx",".gfx","0xFC3176FE","259","434","0x11","26643036","26643295","GFX2............................"
"1","63735","0x630dd9c","0x0","0x1973d64","434","size","412","patch20/vehicles/bikes/donkey_bike/donkey_front_suspension_1.gfx",".gfx","0x0A7AF40C","255","434","0x11","26660245","26660500","GFX2............................"
"1","63735","0x630dd9c","0x0","0x1973d64","434","size","508","patch20/vehicles/bikes/roachhorror/kingcobra_horror_seat_1.gfx",".gfx","0x60DB8F22","259","434","0x11","26691707","26691966","GFX2............................"
"1","63735","0x630dd9c","0x0","0x1973d64","434","size","519","patch20/vehicles/bikes/roach_flame/kingcobra_flame_seat_1.gfx",".gfx","0x82CDECB4","259","434","0x11","26694960","26695219","GFX2............................"
"1","63735","0x630dd9c","0x0","0x1973d64","434","size","522","patch20/vehicles/bikes/tkopandacamo/fat_grizzly_camo_body_1.gfx",".gfx","0xF053C7D0","259","434","0x11","26695859","26696118","GFX2............................"
"1","63735","0x630dd9c","0x0","0x1973d64","434","size","529","patch20/vehicles/bikes/tkopandawasp/fat_grizzly_wasp_body_1.gfx",".gfx","0x91859A05","259","434","0x11","26697775","26698034","GFX2............................"
"1","63736","0x630e2fc","0x0","0x1973534","443","size","474","patch20/vehicles/bikes/rayman_pitviper/rayman_pitviper_backswing.gfx",".gfx","0x6788E905","443","1243","0x11","26681623","26682066","GFX2............................"
"1","63736","0x630e2fc","0x0","0x1973534","443","size","481","patch20/vehicles/bikes/rayman_roach/rayman_roach_engine_fender.gfx",".gfx","0x1C43F7A4","267","443","0x11","26683677","26683944","GFX2............................"
"1","63736","0x630e2fc","0x0","0x1973534","443","size","502","patch20/vehicles/bikes/roachhorror/kingcobra_horror_engine_fender_1.gfx",".gfx","0x34E5C881","267","443","0x11","26690027","26690294","GFX2............................"
"1","63736","0x630e2fc","0x0","0x1973534","443","size","512","patch20/vehicles/bikes/roach_flame/kingcobra_flame_engine_fender_1.gfx",".gfx","0x9DD463C2","267","443","0x11","26692866","26693133","GFX2............................"
"1","63737","0x630be04","0x0","0x1973430","436","size","317","patch20/characters/bounty_hunter/bounty_hunter_helmet.gfx",".gfx","0x76F6A5CE","259","436","0x11","23727827","23728086","GFX2............................"
"1","63737","0x630be04","0x0","0x1973430","436","size","352","patch20/characters/female_tech/female_tech_helmet.gfx",".gfx","0x9CB762CA","263","436","0x11","23737645","23737908","GFX2............................"
"1","63737","0x630be04","0x0","0x1973430","436","size","480","patch20/vehicles/bikes/rayman_roach/rayman_roach_engine.gfx",".gfx","0xA4188511","260","436","0x11","26683417","26683677","GFX2............................"
"1","63737","0x630be04","0x0","0x1973430","436","size","501","patch20/vehicles/bikes/roachhorror/kingcobra_horror_engine_1.gfx",".gfx","0x20B196D6","260","436","0x11","26689767","26690027","GFX2............................"
"1","63737","0x630be04","0x0","0x1973430","436","size","511","patch20/vehicles/bikes/roach_flame/kingcobra_flame_engine_1.gfx",".gfx","0x3F6266CF","260","436","0x11","26692606","26692866","GFX2............................"
"1","63738","0x630b8ec","0x0","0x1973754","591","size","349","patch20/characters/female_officer/female_officer_legs.gfx",".gfx","0x75F722CB","297","591","0x11","23736750","23737047","GFX2............................"
"1","63738","0x630b8ec","0x0","0x1973754","591","size","350","patch20/characters/female_officer/female_officer_torso.gfx",".gfx","0x1A7180D7","300","591","0x11","23737047","23737347","GFX2............................"
"1","63738","0x630b8ec","0x0","0x1973754","591","size","504","patch20/vehicles/bikes/roachhorror/kingcobra_horror_frame_1.gfx",".gfx","0x8E5C3560","293","591","0x11","26690570","26690863","GFX2............................"
"1","63738","0x630b8ec","0x0","0x1973754","591","size","514","patch20/vehicles/bikes/roach_flame/kingcobra_flame_frame_1.gfx",".gfx","0xA5CA4130","293","591","0x11","26693409","26693702","GFX2............................"
"1","63739","0x630ea84","0x0","0x1975b03","437","size","477","patch20/vehicles/bikes/rayman_pitviper/rayman_pitviper_fender_rear.gfx",".gfx","0x69A70491","261","437","0x11","26682599","26682860","GFX2............................"
"1","63739","0x630ea84","0x0","0x1975b03","437","size","531","patch20/vehicles/bikes/tkopandawasp/fat_grizzly_wasp_exhaust_1.gfx",".gfx","0x19195A9F","261","437","0x11","26698367","26698628","GFX2............................"
"1","63740","0x630cb7c","0x0","0x19759b6","762","size","530","patch20/vehicles/bikes/tkopandawasp/fat_grizzly_wasp_chassis_1.gfx",".gfx","0x926E00E6","333","762","0x11","26698034","26698367","GFX2............................"
"1","63741","0x630c40c","0x0","0x1975c08","439","size","345","patch20/characters/female_indian/female_indian_helmet.gfx",".gfx","0x2CE3EF75","264","439","0x11","23735630","23735894","GFX2............................"
"1","63741","0x630c40c","0x0","0x1975c08","439","size","348","patch20/characters/female_officer/female_officer_helmet.gfx",".gfx","0xA80EE297","263","439","0x11","23736487","23736750","GFX2............................"
"1","63741","0x630c40c","0x0","0x1975c08","439","size","402","patch20/vehicles/bikes/baggie_80s/minx_80s_fender_rear_1.gfx",".gfx","0x6AC3D890","263","439","0x11","26644092","26644355","GFX2............................"
"1","63741","0x630c40c","0x0","0x1975c08","439","size","441","patch20/vehicles/bikes/pitvipergold/cheetah_gold_engine_fender_1.gfx",".gfx","0x76B126E8","264","439","0x11","26671542","26671806","GFX2............................"
"1","63741","0x630c40c","0x0","0x1975c08","439","size","532","patch20/vehicles/bikes/tkopandawasp/fat_grizzly_wasp_headlight_1.gfx",".gfx","0x9D424530","263","439","0x11","26698628","26698891","GFX2............................"
"1","63742","0x630be7c","0x0","0x1975d0f","438","size","366","patch20/characters/plague_doctor_helmet/plague_doctor_helmet.gfx",".gfx","0x82808A6E","262","438","0x11","23785149","23785411","GFX2............................"
"1","63742","0x630be7c","0x0","0x1975d0f","438","size","405","patch20/vehicles/bikes/baggie_80s/minx_80s_head_light_1.gfx",".gfx","0x5B0FF1EE","262","438","0x11","26644876","26645138","GFX2............................"
"1","63742","0x630be7c","0x0","0x1975d0f","438","size","423","patch20/vehicles/bikes/pitvipercomicbook/cheetah_comicbook_fender_front_1.gfx",".gfx","0x5507F76B","302","438","0x11","26665839","26666141","GFX2............................"
"1","63742","0x630be7c","0x0","0x1975d0f","438","size","433","patch20/vehicles/bikes/pitviperevo/cheetah_evo_fender_front_1.gfx",".gfx","0x43D3CB28","308","438","0x11","26668971","26669279","GFX2............................"
"1","63742","0x630be7c","0x0","0x1975d0f","438","size","443","patch20/vehicles/bikes/pitvipergold/cheetah_gold_fender_front_1.gfx",".gfx","0xD886E847","303","438","0x11","26672062","26672365","GFX2............................"
"1","63742","0x630be7c","0x0","0x1975d0f","438","size","454","patch20/vehicles/bikes/pitviperwatchdogs/cheetah_watchdogs_fender_front_1.gfx",".gfx","0xF34409DD","301","438","0x11","26675362","26675663","GFX2............................"
"1","63742","0x630be7c","0x0","0x1975d0f","438","size","476","patch20/vehicles/bikes/rayman_pitviper/rayman_pitviper_fender_front.gfx",".gfx","0x81EBFC66","262","438","0x11","26682337","26682599","GFX2............................"
"1","63742","0x630be7c","0x0","0x1975d0f","438","size","488","patch20/vehicles/bikes/rayman_roach/rayman_roach_steering.gfx",".gfx","0x588CECE5","261","438","0x11","26685824","26686085","GFX2............................"
"1","63742","0x630be7c","0x0","0x1975d0f","438","size","499","patch20/vehicles/bikes/roachac/kingcobra_ac_steering_1.gfx",".gfx","0xD7FE8DFA","261","438","0x11","26689127","26689388","GFX2............................"
"1","63742","0x630be7c","0x0","0x1975d0f","438","size","509","patch20/vehicles/bikes/roachhorror/kingcobra_horror_steering_1.gfx",".gfx","0x07326DE8","261","438","0x11","26691966","26692227","GFX2............................"
"1","63742","0x630be7c","0x0","0x1975d0f","438","size","520","patch20/vehicles/bikes/roach_flame/kingcobra_flame_steering_1.gfx",".gfx","0xED290E67","261","438","0x11","26695219","26695480","GFX2............................"
"1","63742","0x630be7c","0x0","0x1975d0f","438","size","533","patch20/vehicles/bikes/tkopandawasp/fat_grizzly_wasp_steering_1.gfx",".gfx","0x7998407B","262","438","0x11","26698891","26699153","GFX2............................"
"1","63743","0x630f2c4","0x0","0x19758b3","434","size","360","patch20/characters/male_punk/male_punk_head.gfx",".gfx","0x9D6AB361","258","434","0x11","23783523","23783781","GFX2............................"
"1","63743","0x630f2c4","0x0","0x19758b3","434","size","374","patch20/characters/tko_panda_helmet/tko_panda_helmet.gfx",".gfx","0x933EC809","258","434","0x11","26566261","26566519","GFX2............................"
"1","63743","0x630f2c4","0x0","0x19758b3","434","size","398","patch20/vehicles/bikes/baggie_80s/minx_80s_engine_1.gfx",".gfx","0xFC3176FE","259","434","0x11","26643036","26643295","GFX2............................"
"1","63743","0x630f2c4","0x0","0x19758b3","434","size","412","patch20/vehicles/bikes/donkey_bike/donkey_front_suspension_1.gfx",".gfx","0x0A7AF40C","255","434","0x11","26660245","26660500","GFX2............................"
"1","63743","0x630f2c4","0x0","0x19758b3","434","size","498","patch20/vehicles/bikes/roachac/kingcobra_ac_seat_1.gfx",".gfx","0x3E4D9287","259","434","0x11","26688868","26689127","GFX2............................"
"1","63743","0x630f2c4","0x0","0x19758b3","434","size","508","patch20/vehicles/bikes/roachhorror/kingcobra_horror_seat_1.gfx",".gfx","0x60DB8F22","259","434","0x11","26691707","26691966","GFX2............................"
"1","63743","0x630f2c4","0x0","0x19758b3","434","size","519","patch20/vehicles/bikes/roach_flame/kingcobra_flame_seat_1.gfx",".gfx","0x82CDECB4","259","434","0x11","26694960","26695219","GFX2............................"
"1","63743","0x630f2c4","0x0","0x19758b3","434","size","529","patch20/vehicles/bikes/tkopandawasp/fat_grizzly_wasp_body_1.gfx",".gfx","0x91859A05","259","434","0x11","26697775","26698034","GFX2............................"
"1","63744","0x6214404","0x0","0x1975f22","445","size","365","patch20/characters/pit_viper_tournament_helmet/pit_viper_tournament_helmet.gfx",".gfx","0x6AEEAFC7","269","445","0x11","23784880","23785149","GFX2............................"
"1","63744","0x6214404","0x0","0x1975f22","445","size","535","patch20/vehicles/bikes/tkopandawasp/fat_grizzly_wasp_suspension_rear_1.gfx",".gfx","0x539BA663","269","445","0x11","26699422","26699691","GFX2............................"
"1","63745","0x630dbbc","0x0","0x1975e15","446","size","357","patch20/characters/male_assassin/m_assassin_head.gfx",".gfx","0x4538C18B","267","446","0x11","23782677","23782944","GFX2............................"
"1","63745","0x630dbbc","0x0","0x1975e15","446","size","475","patch20/vehicles/bikes/rayman_pitviper/rayman_pitviper_enginefender.gfx",".gfx","0xB753A323","271","446","0x11","26682066","26682337","GFX2............................"
"1","63745","0x630dbbc","0x0","0x1975e15","446","size","495","patch20/vehicles/bikes/roachac/kingcobra_ac_front_suspension_1.gfx",".gfx","0x4AB49C21","270","446","0x11","26687875","26688145","GFX2............................"
"1","63745","0x630dbbc","0x0","0x1975e15","446","size","506","patch20/vehicles/bikes/roachhorror/kingcobra_horror_front_suspension_1.gfx",".gfx","0x167B97D1","270","446","0x11","26691129","26691399","GFX2............................"
"1","63745","0x630dbbc","0x0","0x1975e15","446","size","516","patch20/vehicles/bikes/roach_flame/kingcobra_flame_front_suspension_1.gfx",".gfx","0x10F04679","270","446","0x11","26693968","26694238","GFX2............................"
"1","63745","0x630dbbc","0x0","0x1975e15","446","size","534","patch20/vehicles/bikes/tkopandawasp/fat_grizzly_wasp_suspension_front_1.gfx",".gfx","0x9B5BF8ED","269","446","0x11","26699153","26699422","GFX2............................"
"1","63746","0x630bf64","0x0","0x16a32d7","591","size","349","patch20/characters/female_officer/female_officer_legs.gfx",".gfx","0x75F722CB","297","591","0x11","23736750","23737047","GFX2............................"
"1","63746","0x630bf64","0x0","0x16a32d7","591","size","493","patch20/vehicles/bikes/roachac/kingcobra_ac_frame_1.gfx",".gfx","0x56D26469","293","591","0x11","26687316","26687609","GFX2............................"
"1","63746","0x630bf64","0x0","0x16a32d7","591","size","504","patch20/vehicles/bikes/roachhorror/kingcobra_horror_frame_1.gfx",".gfx","0x8E5C3560","293","591","0x11","26690570","26690863","GFX2............................"
"1","63746","0x630bf64","0x0","0x16a32d7","591","size","514","patch20/vehicles/bikes/roach_flame/kingcobra_flame_frame_1.gfx",".gfx","0xA5CA4130","293","591","0x11","26693409","26693702","GFX2............................"
"1","63747","0x630df34","0x0","0x16a30a7","439","size","345","patch20/characters/female_indian/female_indian_helmet.gfx",".gfx","0x2CE3EF75","264","439","0x11","23735630","23735894","GFX2............................"
"1","63747","0x630df34","0x0","0x16a30a7","439","size","402","patch20/vehicles/bikes/baggie_80s/minx_80s_fender_rear_1.gfx",".gfx","0x6AC3D890","263","439","0x11","26644092","26644355","GFX2............................"
"1","63747","0x630df34","0x0","0x16a30a7","439","size","441","patch20/vehicles/bikes/pitvipergold/cheetah_gold_engine_fender_1.gfx",".gfx","0x76B126E8","264","439","0x11","26671542","26671806","GFX2............................"
"1","63747","0x630df34","0x0","0x16a30a7","439","size","525","patch20/vehicles/bikes/tkopandacamo/fat_grizzly_camo_headlight_1.gfx",".gfx","0x4EA41D25","263","439","0x11","26696712","26696975","GFX2............................"
"1","63747","0x630df34","0x0","0x16a30a7","439","size","532","patch20/vehicles/bikes/tkopandawasp/fat_grizzly_wasp_headlight_1.gfx",".gfx","0x9D424530","263","439","0x11","26698628","26698891","GFX2............................"
"1","63748","0x630e234","0x0","0x16a31ae","591","size","350","patch20/characters/female_officer/female_officer_torso.gfx",".gfx","0x1A7180D7","300","591","0x11","23737047","23737347","GFX2............................"
"1","63748","0x630e234","0x0","0x16a31ae","591","size","493","patch20/vehicles/bikes/roachac/kingcobra_ac_frame_1.gfx",".gfx","0x56D26469","293","591","0x11","26687316","26687609","GFX2............................"
"1","63748","0x630e234","0x0","0x16a31ae","591","size","504","patch20/vehicles/bikes/roachhorror/kingcobra_horror_frame_1.gfx",".gfx","0x8E5C3560","293","591","0x11","26690570","26690863","GFX2............................"
"1","63748","0x630e234","0x0","0x16a31ae","591","size","514","patch20/vehicles/bikes/roach_flame/kingcobra_flame_frame_1.gfx",".gfx","0xA5CA4130","293","591","0x11","26693409","26693702","GFX2............................"
"1","63749","0x630d59c","0x0","0x16a29e9","440","size","337","patch20/characters/femaleoutfit_1/female_outfit_1_helmet.gfx",".gfx","0x75763B9F","263","440","0x11","23733292","23733555","GFX2............................"
"1","63749","0x630d59c","0x0","0x16a29e9","440","size","401","patch20/vehicles/bikes/baggie_80s/minx_80s_fender_front_1.gfx",".gfx","0x30D819EE","264","440","0x11","26643828","26644092","GFX2............................"
"1","63750","0x630df1c","0x0","0x16a2c1a","603","size","485","patch20/vehicles/bikes/rayman_roach/rayman_roach_front_suspension.gfx",".gfx","0x3F5EA935","332","603","0x11","26684775","26685107","GFX2............................"
"1","63751","0x630ce1c","0x0","0x16a2aef","593","size","341","patch20/characters/female_apocalypse_rider/female_apocalypse_rider_torso.gfx",".gfx","0xEDD33978","305","593","0x11","23734456","23734761","GFX2............................"
"1","63752","0x630bfa4","0x0","0x1970410","430","size","314","patch20/characters/barbara_outfit/barbara_helmet.gfx",".gfx","0xC463851B","253","430","0x11","23727067","23727320","GFX2............................"
"1","63752","0x630bfa4","0x0","0x1970410","430","size","315","patch20/characters/barbara_outfit/barbara_legs.gfx",".gfx","0xE67DC6DB","253","430","0x11","23727320","23727573","GFX2............................"
"1","63752","0x630bfa4","0x0","0x1970410","430","size","448","patch20/vehicles/bikes/pitvipergold/cheetah_gold_seat_1.gfx",".gfx","0xBB8348CD","254","430","0x11","26673603","26673857","GFX2............................"
"1","63752","0x630bfa4","0x0","0x1970410","430","size","459","patch20/vehicles/bikes/pitviperwatchdogs/cheetah_watchdogs_seat_1.gfx",".gfx","0xE50D85F3","254","430","0x11","26676934","26677188","GFX2............................"
"1","63752","0x630bfa4","0x0","0x1970410","430","size","479","patch20/vehicles/bikes/rayman_pitviper/rayman_pitviper_tank.gfx",".gfx","0x34B9A84A","255","430","0x11","26683162","26683417","GFX2............................"
"1","63753","0x630dc04","0x0","0x196ff13","442","size","426","patch20/vehicles/bikes/pitvipercomicbook/cheetah_comicbook_front_suspension_1.gfx",".gfx","0xEE6825D2","264","442","0x11","26666724","26666988","GFX2............................"
"1","63753","0x630dc04","0x0","0x196ff13","442","size","436","patch20/vehicles/bikes/pitviperevo/cheetah_evo_front_suspension_1.gfx",".gfx","0xF80465EC","264","442","0x11","26669861","26670125","GFX2............................"
"1","63753","0x630dc04","0x0","0x196ff13","442","size","457","patch20/vehicles/bikes/pitviperwatchdogs/cheetah_watchdogs_front_suspension_1.gfx",".gfx","0x45D8964F","264","442","0x11","26676246","26676510","GFX2............................"
"1","63753","0x630dc04","0x0","0x196ff13","442","size","471","patch20/vehicles/bikes/rabbitwildcat/paper_boy_wildcat_suspension_front_1.gfx",".gfx","0x1E1284D6","265","442","0x11","26680735","26681000","GFX2............................"
"1","63753","0x630dc04","0x0","0x196ff13","442","size","482","patch20/vehicles/bikes/rayman_roach/rayman_roach_exhaust.gfx",".gfx","0xB345FCD7","276","442","0x11","26683944","26684220","GFX2............................"
"1","63753","0x630dc04","0x0","0x196ff13","442","size","487","patch20/vehicles/bikes/rayman_roach/rayman_roach_rear_fender.gfx",".gfx","0x15C53B53","276","442","0x11","26685548","26685824","GFX2............................"
"1","63753","0x630dc04","0x0","0x196ff13","442","size","492","patch20/vehicles/bikes/roachac/kingcobra_ac_exhaust_pipe_1.gfx",".gfx","0x3D81AD9C","276","442","0x11","26687040","26687316","GFX2............................"
"1","63753","0x630dc04","0x0","0x196ff13","442","size","494","patch20/vehicles/bikes/roachac/kingcobra_ac_front_fender_1.gfx",".gfx","0xD75693E8","266","442","0x11","26687609","26687875","GFX2............................"
"1","63753","0x630dc04","0x0","0x196ff13","442","size","503","patch20/vehicles/bikes/roachhorror/kingcobra_horror_exhaust_pipe_1.gfx",".gfx","0xB2C403F0","276","442","0x11","26690294","26690570","GFX2............................"
"1","63753","0x630dc04","0x0","0x196ff13","442","size","505","patch20/vehicles/bikes/roachhorror/kingcobra_horror_front_fender_1.gfx",".gfx","0xFCA691DA","266","442","0x11","26690863","26691129","GFX2............................"
"1","63753","0x630dc04","0x0","0x196ff13","442","size","513","patch20/vehicles/bikes/roach_flame/kingcobra_flame_exhaust_pipe_1.gfx",".gfx","0xA7980087","276","442","0x11","26693133","26693409","GFX2............................"
"1","63753","0x630dc04","0x0","0x196ff13","442","size","515","patch20/vehicles/bikes/roach_flame/kingcobra_flame_front_fender_1.gfx",".gfx","0x07C432BD","266","442","0x11","26693702","26693968","GFX2............................"
"1","63754","0x630ef44","0x0","0x196fced","435","size","400","patch20/vehicles/bikes/baggie_80s/minx_80s_exhaust_1.gfx",".gfx","0xA60AD54A","258","435","0x11","26643570","26643828","GFX2............................"
"1","63755","0x630da84","0x0","0x197001b","742","size","427","patch20/vehicles/bikes/pitvipercomicbook/cheetah_comicbook_headlight_1.gfx",".gfx","0xE48C05E0","424","742","0x11","26666988","26667412","GFX2............................"
"1","63755","0x630da84","0x0","0x197001b","742","size","437","patch20/vehicles/bikes/pitviperevo/cheetah_evo_headlight_1.gfx",".gfx","0x063EC573","424","742","0x11","26670125","26670549","GFX2............................"
"1","63755","0x630da84","0x0","0x197001b","742","size","458","patch20/vehicles/bikes/pitviperwatchdogs/cheetah_watchdogs_headlight_1.gfx",".gfx","0x3AFCD1DB","424","742","0x11","26676510","26676934","GFX2............................"
"1","63755","0x630da84","0x0","0x197001b","742","size","486","patch20/vehicles/bikes/rayman_roach/rayman_roach_head_light.gfx",".gfx","0xF289178B","441","742","0x11","26685107","26685548","GFX2............................"
"1","63756","0x630d804","0x0","0x196fdf1","589","size","331","patch20/characters/dapper/dapper_torso.gfx",".gfx","0x5E20F351","302","589","0x11","23731613","23731915","GFX2............................"
"1","63757","0x630ec14","0x0","0x19702c1","766","size","428","patch20/vehicles/bikes/pitvipercomicbook/cheetah_comicbook_steering_1.gfx",".gfx","0x274AEFBA","335","766","0x11","26667412","26667747","GFX2............................"
"1","63757","0x630ec14","0x0","0x19702c1","766","size","438","patch20/vehicles/bikes/pitviperevo/cheetah_evo_steering_1.gfx",".gfx","0x4B8C1CA9","335","766","0x11","26670549","26670884","GFX2............................"
"1","63757","0x630ec14","0x0","0x19702c1","766","size","460","patch20/vehicles/bikes/pitviperwatchdogs/cheetah_watchdogs_steering_1.gfx",".gfx","0x2B02A412","335","766","0x11","26677188","26677523","GFX2............................"
"1","63758","0x6214504","0x0","0x196fbbe","438","size","366","patch20/characters/plague_doctor_helmet/plague_doctor_helmet.gfx",".gfx","0x82808A6E","262","438","0x11","23785149","23785411","GFX2.........................S?v"
"1","63758","0x6214504","0x0","0x196fbbe","438","size","405","patch20/vehicles/bikes/baggie_80s/minx_80s_head_light_1.gfx",".gfx","0x5B0FF1EE","262","438","0x11","26644876","26645138","GFX2.........................S?v"
"1","63758","0x6214504","0x0","0x196fbbe","438","size","423","patch20/vehicles/bikes/pitvipercomicbook/cheetah_comicbook_fender_front_1.gfx",".gfx","0x5507F76B","302","438","0x11","26665839","26666141","GFX2.........................S?v"
"1","63758","0x6214504","0x0","0x196fbbe","438","size","433","patch20/vehicles/bikes/pitviperevo/cheetah_evo_fender_front_1.gfx",".gfx","0x43D3CB28","308","438","0x11","26668971","26669279","GFX2.........................S?v"
"1","63758","0x6214504","0x0","0x196fbbe","438","size","454","patch20/vehicles/bikes/pitviperwatchdogs/cheetah_watchdogs_fender_front_1.gfx",".gfx","0xF34409DD","301","438","0x11","26675362","26675663","GFX2.........................S?v"
"1","63758","0x6214504","0x0","0x196fbbe","438","size","476","patch20/vehicles/bikes/rayman_pitviper/rayman_pitviper_fender_front.gfx",".gfx","0x81EBFC66","262","438","0x11","26682337","26682599","GFX2.........................S?v"
"1","63758","0x6214504","0x0","0x196fbbe","438","size","488","patch20/vehicles/bikes/rayman_roach/rayman_roach_steering.gfx",".gfx","0x588CECE5","261","438","0x11","26685824","26686085","GFX2.........................S?v"
"1","63758","0x6214504","0x0","0x196fbbe","438","size","499","patch20/vehicles/bikes/roachac/kingcobra_ac_steering_1.gfx",".gfx","0xD7FE8DFA","261","438","0x11","26689127","26689388","GFX2.........................S?v"
"1","63758","0x6214504","0x0","0x196fbbe","438","size","509","patch20/vehicles/bikes/roachhorror/kingcobra_horror_steering_1.gfx",".gfx","0x07326DE8","261","438","0x11","26691966","26692227","GFX2.........................S?v"
"1","63758","0x6214504","0x0","0x196fbbe","438","size","520","patch20/vehicles/bikes/roach_flame/kingcobra_flame_steering_1.gfx",".gfx","0xED290E67","261","438","0x11","26695219","26695480","GFX2.........................S?v"
"1","63758","0x6214504","0x0","0x196fbbe","438","size","526","patch20/vehicles/bikes/tkopandacamo/fat_grizzly_camo_steering_1.gfx",".gfx","0xAD395CC9","262","438","0x11","26696975","26697237","GFX2.........................S?v"
"1","63758","0x6214504","0x0","0x196fbbe","438","size","533","patch20/vehicles/bikes/tkopandawasp/fat_grizzly_wasp_steering_1.gfx",".gfx","0x7998407B","262","438","0x11","26698891","26699153","GFX2.........................S?v"
"1","63759","0x630f324","0x0","0x196f8b5","432","size","406","patch20/vehicles/bikes/baggie_80s/minx_80s_seat_1.gfx",".gfx","0x45337A29","256","432","0x11","26645138","26645394","GFX2............................"
"1","63759","0x630f324","0x0","0x196f8b5","432","size","420","patch20/vehicles/bikes/pitvipercomicbook/cheetah_comicbook_engine_1.gfx",".gfx","0x7A7B4D6C","257","432","0x11","26665020","26665277","GFX2............................"
"1","63759","0x630f324","0x0","0x196f8b5","432","size","430","patch20/vehicles/bikes/pitviperevo/cheetah_evo_engine_1.gfx",".gfx","0x141B0A12","257","432","0x11","26668149","26668406","GFX2............................"
"1","63759","0x630f324","0x0","0x196f8b5","432","size","452","patch20/vehicles/bikes/pitviperwatchdogs/cheetah_watchdogs_engine_1.gfx",".gfx","0x6C60D2CC","257","432","0x11","26674849","26675106","GFX2............................"
"1","63760","0x630bec4","0x0","0x19701c3","430","size","314","patch20/characters/barbara_outfit/barbara_helmet.gfx",".gfx","0xC463851B","253","430","0x11","23727067","23727320","GFX2............................"
"1","63760","0x630bec4","0x0","0x19701c3","430","size","315","patch20/characters/barbara_outfit/barbara_legs.gfx",".gfx","0xE67DC6DB","253","430","0x11","23727320","23727573","GFX2............................"
"1","63760","0x630bec4","0x0","0x19701c3","430","size","450","patch20/vehicles/bikes/pitvipergold/cheetah_gold_tank_1.gfx",".gfx","0x5585A0D8","255","430","0x11","26674192","26674447","GFX2............................"
"1","63760","0x630bec4","0x0","0x19701c3","430","size","459","patch20/vehicles/bikes/pitviperwatchdogs/cheetah_watchdogs_seat_1.gfx",".gfx","0xE50D85F3","254","430","0x11","26676934","26677188","GFX2............................"
"1","63760","0x630bec4","0x0","0x19701c3","430","size","479","patch20/vehicles/bikes/rayman_pitviper/rayman_pitviper_tank.gfx",".gfx","0x34B9A84A","255","430","0x11","26683162","26683417","GFX2............................"
"1","63761","0x630c474","0x0","0x196f724","1070","size","419","patch20/vehicles/bikes/pitvipercomicbook/cheetah_comicbook_backswing_1.gfx",".gfx","0x3BBD3DDF","401","1070","0x11","26664619","26665020","GFX2............................"
"1","63761","0x630c474","0x0","0x196f724","1070","size","7","environment_presets20.xml",".xml","0x09215BF2","1198","10085","0x11","13443","14641","GFX2............................"
"1","63763","0x630bce4","0x0","0x196fabe","433","size","310","patch20/characters/apocalypse_mask/apocalypse_mask.gfx",".gfx","0xC1408077","259","433","0x11","23726035","23726294","GFX2............................"
"1","63763","0x630bce4","0x0","0x196fabe","433","size","313","patch20/characters/arno/arno_torso.gfx",".gfx","0x1B275455","257","433","0x11","23726810","23727067","GFX2............................"
"1","63763","0x630bce4","0x0","0x196fabe","433","size","403","patch20/vehicles/bikes/baggie_80s/minx_80s_frame_1.gfx",".gfx","0xE48FDE0A","256","433","0x11","26644355","26644611","GFX2............................"
"1","63763","0x630bce4","0x0","0x196fabe","433","size","414","patch20/vehicles/bikes/donkey_bike/donkey_rear_suspension_1.gfx",".gfx","0x486FBC03","253","433","0x11","26660752","26661005","GFX2............................"
"1","63763","0x630bce4","0x0","0x196fabe","433","size","422","patch20/vehicles/bikes/pitvipercomicbook/cheetah_comicbook_exhaust_1.gfx",".gfx","0xB9CD4E96","256","433","0x11","26665583","26665839","GFX2............................"
"1","63763","0x630bce4","0x0","0x196fabe","433","size","432","patch20/vehicles/bikes/pitviperevo/cheetah_evo_exhaust_1.gfx",".gfx","0x0DAC7570","256","433","0x11","26668715","26668971","GFX2............................"
"1","63763","0x630bce4","0x0","0x196fabe","433","size","453","patch20/vehicles/bikes/pitviperwatchdogs/cheetah_watchdogs_exhaust_1.gfx",".gfx","0x0EBBEB78","256","433","0x11","26675106","26675362","GFX2............................"
"1","63764","0x630e514","0x0","0x196f9b6","439","size","345","patch20/characters/female_indian/female_indian_helmet.gfx",".gfx","0x2CE3EF75","264","439","0x11","23735630","23735894","GFX2............................"
"1","63764","0x630e514","0x0","0x196f9b6","439","size","348","patch20/characters/female_officer/female_officer_helmet.gfx",".gfx","0xA80EE297","263","439","0x11","23736487","23736750","GFX2............................"
"1","63764","0x630e514","0x0","0x196f9b6","439","size","402","patch20/vehicles/bikes/baggie_80s/minx_80s_fender_rear_1.gfx",".gfx","0x6AC3D890","263","439","0x11","26644092","26644355","GFX2............................"
"1","63764","0x630e514","0x0","0x196f9b6","439","size","525","patch20/vehicles/bikes/tkopandacamo/fat_grizzly_camo_headlight_1.gfx",".gfx","0x4EA41D25","263","439","0x11","26696712","26696975","GFX2............................"
"1","63764","0x630e514","0x0","0x196f9b6","439","size","532","patch20/vehicles/bikes/tkopandawasp/fat_grizzly_wasp_headlight_1.gfx",".gfx","0x9D424530","263","439","0x11","26698628","26698891","GFX2............................"
"1","63766","0x630bf44","0x0","0x1971d9f","442","size","426","patch20/vehicles/bikes/pitvipercomicbook/cheetah_comicbook_front_suspension_1.gfx",".gfx","0xEE6825D2","264","442","0x11","26666724","26666988","GFX2............................"
"1","63766","0x630bf44","0x0","0x1971d9f","442","size","436","patch20/vehicles/bikes/pitviperevo/cheetah_evo_front_suspension_1.gfx",".gfx","0xF80465EC","264","442","0x11","26669861","26670125","GFX2............................"
"1","63766","0x630bf44","0x0","0x1971d9f","442","size","446","patch20/vehicles/bikes/pitvipergold/cheetah_gold_front_suspension_1.gfx",".gfx","0xBA0D5270","264","442","0x11","26672915","26673179","GFX2............................"
"1","63766","0x630bf44","0x0","0x1971d9f","442","size","457","patch20/vehicles/bikes/pitviperwatchdogs/cheetah_watchdogs_front_suspension_1.gfx",".gfx","0x45D8964F","264","442","0x11","26676246","26676510","GFX2............................"
"1","63766","0x630bf44","0x0","0x1971d9f","442","size","482","patch20/vehicles/bikes/rayman_roach/rayman_roach_exhaust.gfx",".gfx","0xB345FCD7","276","442","0x11","26683944","26684220","GFX2............................"
"1","63766","0x630bf44","0x0","0x1971d9f","442","size","487","patch20/vehicles/bikes/rayman_roach/rayman_roach_rear_fender.gfx",".gfx","0x15C53B53","276","442","0x11","26685548","26685824","GFX2............................"
"1","63766","0x630bf44","0x0","0x1971d9f","442","size","492","patch20/vehicles/bikes/roachac/kingcobra_ac_exhaust_pipe_1.gfx",".gfx","0x3D81AD9C","276","442","0x11","26687040","26687316","GFX2............................"
"1","63766","0x630bf44","0x0","0x1971d9f","442","size","494","patch20/vehicles/bikes/roachac/kingcobra_ac_front_fender_1.gfx",".gfx","0xD75693E8","266","442","0x11","26687609","26687875","GFX2............................"
"1","63766","0x630bf44","0x0","0x1971d9f","442","size","503","patch20/vehicles/bikes/roachhorror/kingcobra_horror_exhaust_pipe_1.gfx",".gfx","0xB2C403F0","276","442","0x11","26690294","26690570","GFX2............................"
"1","63766","0x630bf44","0x0","0x1971d9f","442","size","505","patch20/vehicles/bikes/roachhorror/kingcobra_horror_front_fender_1.gfx",".gfx","0xFCA691DA","266","442","0x11","26690863","26691129","GFX2............................"
"1","63766","0x630bf44","0x0","0x1971d9f","442","size","513","patch20/vehicles/bikes/roach_flame/kingcobra_flame_exhaust_pipe_1.gfx",".gfx","0xA7980087","276","442","0x11","26693133","26693409","GFX2............................"
"1","63766","0x630bf44","0x0","0x1971d9f","442","size","515","patch20/vehicles/bikes/roach_flame/kingcobra_flame_front_fender_1.gfx",".gfx","0x07C432BD","266","442","0x11","26693702","26693968","GFX2............................"
"1","63768","0x630e454","0x0","0x1971ea8","600","size","478","patch20/vehicles/bikes/rayman_pitviper/rayman_pitviper_headlight.gfx",".gfx","0x2172B117","302","600","0x11","26682860","26683162","GFX2............................"
"1","63769","0x630bd7c","0x0","0x1971b1a","590","size","338","patch20/characters/femaleoutfit_1/female_outfit_1_top.gfx",".gfx","0x9D4AE1D0","298","590","0x11","23733555","23733853","GFX2............................"
"1","63769","0x630bd7c","0x0","0x1971b1a","590","size","346","patch20/characters/female_indian/female_indian_legs.gfx",".gfx","0x6926967E","298","590","0x11","23735894","23736192","GFX2............................"
"1","63769","0x630bd7c","0x0","0x1971b1a","590","size","351","patch20/characters/female_tech/female_tech_bottom.gfx",".gfx","0xDFE7D860","298","590","0x11","23737347","23737645","GFX2............................"
"1","63771","0x630cff4","0x0","0x197050f","1072","size","429","patch20/vehicles/bikes/pitviperevo/cheetah_evo_backswing_1.gfx",".gfx","0x061DBCE3","402","1072","0x11","26667747","26668149","GFX2............................"
"1","63773","0x630e254","0x0","0x19706a1","432","size","406","patch20/vehicles/bikes/baggie_80s/minx_80s_seat_1.gfx",".gfx","0x45337A29","256","432","0x11","26645138","26645394","GFX2............................"
"1","63773","0x630e254","0x0","0x19706a1","432","size","420","patch20/vehicles/bikes/pitvipercomicbook/cheetah_comicbook_engine_1.gfx",".gfx","0x7A7B4D6C","257","432","0x11","26665020","26665277","GFX2............................"
"1","63773","0x630e254","0x0","0x19706a1","432","size","430","patch20/vehicles/bikes/pitviperevo/cheetah_evo_engine_1.gfx",".gfx","0x141B0A12","257","432","0x11","26668149","26668406","GFX2............................"
"1","63773","0x630e254","0x0","0x19706a1","432","size","440","patch20/vehicles/bikes/pitvipergold/cheetah_gold_engine_1.gfx",".gfx","0xFE3A47D2","257","432","0x11","26671285","26671542","GFX2............................"
"1","63774","0x630d06c","0x0","0x19708a2","438","size","366","patch20/characters/plague_doctor_helmet/plague_doctor_helmet.gfx",".gfx","0x82808A6E","262","438","0x11","23785149","23785411","GFX2.........................S?v"
"1","63774","0x630d06c","0x0","0x19708a2","438","size","405","patch20/vehicles/bikes/baggie_80s/minx_80s_head_light_1.gfx",".gfx","0x5B0FF1EE","262","438","0x11","26644876","26645138","GFX2.........................S?v"
"1","63774","0x630d06c","0x0","0x19708a2","438","size","423","patch20/vehicles/bikes/pitvipercomicbook/cheetah_comicbook_fender_front_1.gfx",".gfx","0x5507F76B","302","438","0x11","26665839","26666141","GFX2.........................S?v"
"1","63774","0x630d06c","0x0","0x19708a2","438","size","433","patch20/vehicles/bikes/pitviperevo/cheetah_evo_fender_front_1.gfx",".gfx","0x43D3CB28","308","438","0x11","26668971","26669279","GFX2.........................S?v"
"1","63774","0x630d06c","0x0","0x19708a2","438","size","443","patch20/vehicles/bikes/pitvipergold/cheetah_gold_fender_front_1.gfx",".gfx","0xD886E847","303","438","0x11","26672062","26672365","GFX2.........................S?v"
"1","63774","0x630d06c","0x0","0x19708a2","438","size","476","patch20/vehicles/bikes/rayman_pitviper/rayman_pitviper_fender_front.gfx",".gfx","0x81EBFC66","262","438","0x11","26682337","26682599","GFX2.........................S?v"
"1","63774","0x630d06c","0x0","0x19708a2","438","size","488","patch20/vehicles/bikes/rayman_roach/rayman_roach_steering.gfx",".gfx","0x588CECE5","261","438","0x11","26685824","26686085","GFX2.........................S?v"
"1","63774","0x630d06c","0x0","0x19708a2","438","size","499","patch20/vehicles/bikes/roachac/kingcobra_ac_steering_1.gfx",".gfx","0xD7FE8DFA","261","438","0x11","26689127","26689388","GFX2.........................S?v"
"1","63774","0x630d06c","0x0","0x19708a2","438","size","509","patch20/vehicles/bikes/roachhorror/kingcobra_horror_steering_1.gfx",".gfx","0x07326DE8","261","438","0x11","26691966","26692227","GFX2.........................S?v"
"1","63774","0x630d06c","0x0","0x19708a2","438","size","520","patch20/vehicles/bikes/roach_flame/kingcobra_flame_steering_1.gfx",".gfx","0xED290E67","261","438","0x11","26695219","26695480","GFX2.........................S?v"
"1","63774","0x630d06c","0x0","0x19708a2","438","size","526","patch20/vehicles/bikes/tkopandacamo/fat_grizzly_camo_steering_1.gfx",".gfx","0xAD395CC9","262","438","0x11","26696975","26697237","GFX2.........................S?v"
"1","63774","0x630d06c","0x0","0x19708a2","438","size","533","patch20/vehicles/bikes/tkopandawasp/fat_grizzly_wasp_steering_1.gfx",".gfx","0x7998407B","262","438","0x11","26698891","26699153","GFX2.........................S?v"
"1","63775","0x630cae4","0x0","0x19709cf","595","size","347","patch20/characters/female_indian/female_indian_torso.gfx",".gfx","0xACEB213C","295","595","0x11","23736192","23736487","GFX2............................"
"1","63775","0x630cae4","0x0","0x19709cf","595","size","424","patch20/vehicles/bikes/pitvipercomicbook/cheetah_comicbook_fender_rear_1.gfx",".gfx","0x925B72B1","294","595","0x11","26666141","26666435","GFX2............................"
"1","63775","0x630cae4","0x0","0x19709cf","595","size","434","patch20/vehicles/bikes/pitviperevo/cheetah_evo_fender_rear_1.gfx",".gfx","0xE74930E4","294","595","0x11","26669279","26669573","GFX2............................"
"1","63776","0x630d8fc","0x0","0x1970c16","442","size","426","patch20/vehicles/bikes/pitvipercomicbook/cheetah_comicbook_front_suspension_1.gfx",".gfx","0xEE6825D2","264","442","0x11","26666724","26666988","GFX2............................"
"1","63776","0x630d8fc","0x0","0x1970c16","442","size","436","patch20/vehicles/bikes/pitviperevo/cheetah_evo_front_suspension_1.gfx",".gfx","0xF80465EC","264","442","0x11","26669861","26670125","GFX2............................"
"1","63776","0x630d8fc","0x0","0x1970c16","442","size","446","patch20/vehicles/bikes/pitvipergold/cheetah_gold_front_suspension_1.gfx",".gfx","0xBA0D5270","264","442","0x11","26672915","26673179","GFX2............................"
"1","63776","0x630d8fc","0x0","0x1970c16","442","size","471","patch20/vehicles/bikes/rabbitwildcat/paper_boy_wildcat_suspension_front_1.gfx",".gfx","0x1E1284D6","265","442","0x11","26680735","26681000","GFX2............................"
"1","63776","0x630d8fc","0x0","0x1970c16","442","size","482","patch20/vehicles/bikes/rayman_roach/rayman_roach_exhaust.gfx",".gfx","0xB345FCD7","276","442","0x11","26683944","26684220","GFX2............................"
"1","63776","0x630d8fc","0x0","0x1970c16","442","size","487","patch20/vehicles/bikes/rayman_roach/rayman_roach_rear_fender.gfx",".gfx","0x15C53B53","276","442","0x11","26685548","26685824","GFX2............................"
"1","63776","0x630d8fc","0x0","0x1970c16","442","size","492","patch20/vehicles/bikes/roachac/kingcobra_ac_exhaust_pipe_1.gfx",".gfx","0x3D81AD9C","276","442","0x11","26687040","26687316","GFX2............................"
"1","63776","0x630d8fc","0x0","0x1970c16","442","size","494","patch20/vehicles/bikes/roachac/kingcobra_ac_front_fender_1.gfx",".gfx","0xD75693E8","266","442","0x11","26687609","26687875","GFX2............................"
"1","63776","0x630d8fc","0x0","0x1970c16","442","size","503","patch20/vehicles/bikes/roachhorror/kingcobra_horror_exhaust_pipe_1.gfx",".gfx","0xB2C403F0","276","442","0x11","26690294","26690570","GFX2............................"
"1","63776","0x630d8fc","0x0","0x1970c16","442","size","505","patch20/vehicles/bikes/roachhorror/kingcobra_horror_front_fender_1.gfx",".gfx","0xFCA691DA","266","442","0x11","26690863","26691129","GFX2............................"
"1","63776","0x630d8fc","0x0","0x1970c16","442","size","513","patch20/vehicles/bikes/roach_flame/kingcobra_flame_exhaust_pipe_1.gfx",".gfx","0xA7980087","276","442","0x11","26693133","26693409","GFX2............................"
"1","63776","0x630d8fc","0x0","0x1970c16","442","size","515","patch20/vehicles/bikes/roach_flame/kingcobra_flame_front_fender_1.gfx",".gfx","0x07C432BD","266","442","0x11","26693702","26693968","GFX2............................"
"1","63777","0x630d034","0x0","0x1970d1e","742","size","427","patch20/vehicles/bikes/pitvipercomicbook/cheetah_comicbook_headlight_1.gfx",".gfx","0xE48C05E0","424","742","0x11","26666988","26667412","GFX2............................"
"1","63777","0x630d034","0x0","0x1970d1e","742","size","437","patch20/vehicles/bikes/pitviperevo/cheetah_evo_headlight_1.gfx",".gfx","0x063EC573","424","742","0x11","26670125","26670549","GFX2............................"
"1","63777","0x630d034","0x0","0x1970d1e","742","size","447","patch20/vehicles/bikes/pitvipergold/cheetah_gold_headlight_1.gfx",".gfx","0x74A60A61","424","742","0x11","26673179","26673603","GFX2............................"
"1","63777","0x630d034","0x0","0x1970d1e","742","size","486","patch20/vehicles/bikes/rayman_roach/rayman_roach_head_light.gfx",".gfx","0xF289178B","441","742","0x11","26685107","26685548","GFX2............................"
"1","63779","0x630ece4","0x0","0x19707a2","433","size","310","patch20/characters/apocalypse_mask/apocalypse_mask.gfx",".gfx","0xC1408077","259","433","0x11","23726035","23726294","GFX2............................"
"1","63779","0x630ece4","0x0","0x19707a2","433","size","313","patch20/characters/arno/arno_torso.gfx",".gfx","0x1B275455","257","433","0x11","23726810","23727067","GFX2............................"
"1","63779","0x630ece4","0x0","0x19707a2","433","size","403","patch20/vehicles/bikes/baggie_80s/minx_80s_frame_1.gfx",".gfx","0xE48FDE0A","256","433","0x11","26644355","26644611","GFX2............................"
"1","63779","0x630ece4","0x0","0x19707a2","433","size","414","patch20/vehicles/bikes/donkey_bike/donkey_rear_suspension_1.gfx",".gfx","0x486FBC03","253","433","0x11","26660752","26661005","GFX2............................"
"1","63779","0x630ece4","0x0","0x19707a2","433","size","422","patch20/vehicles/bikes/pitvipercomicbook/cheetah_comicbook_exhaust_1.gfx",".gfx","0xB9CD4E96","256","433","0x11","26665583","26665839","GFX2............................"
"1","63779","0x630ece4","0x0","0x19707a2","433","size","432","patch20/vehicles/bikes/pitviperevo/cheetah_evo_exhaust_1.gfx",".gfx","0x0DAC7570","256","433","0x11","26668715","26668971","GFX2............................"
"1","63779","0x630ece4","0x0","0x19707a2","433","size","442","patch20/vehicles/bikes/pitvipergold/cheetah_gold_exhaust_1.gfx",".gfx","0x58DBB4B8","256","433","0x11","26671806","26672062","GFX2............................"
"1","63780","0x6214224","0x0","0x1970fc4","766","size","428","patch20/vehicles/bikes/pitvipercomicbook/cheetah_comicbook_steering_1.gfx",".gfx","0x274AEFBA","335","766","0x11","26667412","26667747","GFX2............................"
"1","63780","0x6214224","0x0","0x1970fc4","766","size","438","patch20/vehicles/bikes/pitviperevo/cheetah_evo_steering_1.gfx",".gfx","0x4B8C1CA9","335","766","0x11","26670549","26670884","GFX2............................"
"1","63780","0x6214224","0x0","0x1970fc4","766","size","449","patch20/vehicles/bikes/pitvipergold/cheetah_gold_steering_1.gfx",".gfx","0xD197A371","335","766","0x11","26673857","26674192","GFX2............................"
"1","63781","0x630bd1c","0x0","0x1970af5","587","size","372","patch20/characters/rayman_outfit_1/rayman_torso.gfx",".gfx","0x6FDBF7BF","301","587","0x11","26565713","26566014","GFX2............................"
"1","63781","0x630bd1c","0x0","0x1970af5","587","size","425","patch20/vehicles/bikes/pitvipercomicbook/cheetah_comicbook_frame_1.gfx",".gfx","0x2D0F0ADE","289","587","0x11","26666435","26666724","GFX2............................"
"1","63781","0x630bd1c","0x0","0x1970af5","587","size","435","patch20/vehicles/bikes/pitviperevo/cheetah_evo_frame_1.gfx",".gfx","0x0669BCF0","288","587","0x11","26669573","26669861","GFX2............................"
"1","63782","0x630d26c","0x0","0x1970ec6","430","size","314","patch20/characters/barbara_outfit/barbara_helmet.gfx",".gfx","0xC463851B","253","430","0x11","23727067","23727320","GFX2............................"
"1","63782","0x630d26c","0x0","0x1970ec6","430","size","315","patch20/characters/barbara_outfit/barbara_legs.gfx",".gfx","0xE67DC6DB","253","430","0x11","23727320","23727573","GFX2............................"
"1","63782","0x630d26c","0x0","0x1970ec6","430","size","448","patch20/vehicles/bikes/pitvipergold/cheetah_gold_seat_1.gfx",".gfx","0xBB8348CD","254","430","0x11","26673603","26673857","GFX2............................"
"1","63782","0x630d26c","0x0","0x1970ec6","430","size","450","patch20/vehicles/bikes/pitvipergold/cheetah_gold_tank_1.gfx",".gfx","0x5585A0D8","255","430","0x11","26674192","26674447","GFX2............................"
"1","63782","0x630d26c","0x0","0x1970ec6","430","size","479","patch20/vehicles/bikes/rayman_pitviper/rayman_pitviper_tank.gfx",".gfx","0x34B9A84A","255","430","0x11","26683162","26683417","GFX2............................"
"1","63783","0x630da24","0x0","0x1971630","444","size","404","patch20/vehicles/bikes/baggie_80s/minx_80s_front_suspension_1.gfx",".gfx","0x2D3BF8C1","265","444","0x11","26644611","26644876","GFX2............................"
"1","63791","0x62143a4","0x0","0x1966880","1185","size","386","patch20/rims/holograph_rim/holograph_rim.gfx",".gfx","0x429CBF75","395","1185","0x11","26636903","26637298","GFX2............................"
"1","63791","0x62143a4","0x0","0x1966880","1185","size","391","patch20/rims/uzumaki_rim/uzumaki_rim.gfx",".gfx","0xC5BDFA90","374","1185","0x11","26638869","26639243","GFX2............................"
"1","63793","0x630c604","0x0","0x196e13d","605","size","431","patch20/vehicles/bikes/pitviperevo/cheetah_evo_engine_fender_1.gfx",".gfx","0x9B7D7FAE","309","605","0x11","26668406","26668715","GFX2............................"
"1","63794","0x630d0ec","0x0","0x196e7ec","742","size","437","patch20/vehicles/bikes/pitviperevo/cheetah_evo_headlight_1.gfx",".gfx","0x063EC573","424","742","0x11","26670125","26670549","GFX2............................"
"1","63794","0x630d0ec","0x0","0x196e7ec","742","size","447","patch20/vehicles/bikes/pitvipergold/cheetah_gold_headlight_1.gfx",".gfx","0x74A60A61","424","742","0x11","26673179","26673603","GFX2............................"
"1","63794","0x630d0ec","0x0","0x196e7ec","742","size","458","patch20/vehicles/bikes/pitviperwatchdogs/cheetah_watchdogs_headlight_1.gfx",".gfx","0x3AFCD1DB","424","742","0x11","26676510","26676934","GFX2............................"
"1","63794","0x630d0ec","0x0","0x196e7ec","742","size","486","patch20/vehicles/bikes/rayman_roach/rayman_roach_head_light.gfx",".gfx","0xF289178B","441","742","0x11","26685107","26685548","GFX2............................"
"1","63795","0x630eb94","0x0","0x196e36f","438","size","366","patch20/characters/plague_doctor_helmet/plague_doctor_helmet.gfx",".gfx","0x82808A6E","262","438","0x11","23785149","23785411","GFX2.........................S?v"
"1","63795","0x630eb94","0x0","0x196e36f","438","size","405","patch20/vehicles/bikes/baggie_80s/minx_80s_head_light_1.gfx",".gfx","0x5B0FF1EE","262","438","0x11","26644876","26645138","GFX2.........................S?v"
"1","63795","0x630eb94","0x0","0x196e36f","438","size","433","patch20/vehicles/bikes/pitviperevo/cheetah_evo_fender_front_1.gfx",".gfx","0x43D3CB28","308","438","0x11","26668971","26669279","GFX2.........................S?v"
"1","63795","0x630eb94","0x0","0x196e36f","438","size","443","patch20/vehicles/bikes/pitvipergold/cheetah_gold_fender_front_1.gfx",".gfx","0xD886E847","303","438","0x11","26672062","26672365","GFX2.........................S?v"
"1","63795","0x630eb94","0x0","0x196e36f","438","size","454","patch20/vehicles/bikes/pitviperwatchdogs/cheetah_watchdogs_fender_front_1.gfx",".gfx","0xF34409DD","301","438","0x11","26675362","26675663","GFX2.........................S?v"
"1","63795","0x630eb94","0x0","0x196e36f","438","size","476","patch20/vehicles/bikes/rayman_pitviper/rayman_pitviper_fender_front.gfx",".gfx","0x81EBFC66","262","438","0x11","26682337","26682599","GFX2.........................S?v"
"1","63795","0x630eb94","0x0","0x196e36f","438","size","488","patch20/vehicles/bikes/rayman_roach/rayman_roach_steering.gfx",".gfx","0x588CECE5","261","438","0x11","26685824","26686085","GFX2.........................S?v"
"1","63795","0x630eb94","0x0","0x196e36f","438","size","499","patch20/vehicles/bikes/roachac/kingcobra_ac_steering_1.gfx",".gfx","0xD7FE8DFA","261","438","0x11","26689127","26689388","GFX2.........................S?v"
"1","63795","0x630eb94","0x0","0x196e36f","438","size","509","patch20/vehicles/bikes/roachhorror/kingcobra_horror_steering_1.gfx",".gfx","0x07326DE8","261","438","0x11","26691966","26692227","GFX2.........................S?v"
"1","63795","0x630eb94","0x0","0x196e36f","438","size","520","patch20/vehicles/bikes/roach_flame/kingcobra_flame_steering_1.gfx",".gfx","0xED290E67","261","438","0x11","26695219","26695480","GFX2.........................S?v"
"1","63795","0x630eb94","0x0","0x196e36f","438","size","526","patch20/vehicles/bikes/tkopandacamo/fat_grizzly_camo_steering_1.gfx",".gfx","0xAD395CC9","262","438","0x11","26696975","26697237","GFX2.........................S?v"
"1","63795","0x630eb94","0x0","0x196e36f","438","size","533","patch20/vehicles/bikes/tkopandawasp/fat_grizzly_wasp_steering_1.gfx",".gfx","0x7998407B","262","438","0x11","26698891","26699153","GFX2.........................S?v"
"1","63796","0x630f124","0x0","0x196e994","766","size","438","patch20/vehicles/bikes/pitviperevo/cheetah_evo_steering_1.gfx",".gfx","0x4B8C1CA9","335","766","0x11","26670549","26670884","GFX2............................"
"1","63796","0x630f124","0x0","0x196e994","766","size","449","patch20/vehicles/bikes/pitvipergold/cheetah_gold_steering_1.gfx",".gfx","0xD197A371","335","766","0x11","26673857","26674192","GFX2............................"
"1","63796","0x630f124","0x0","0x196e994","766","size","460","patch20/vehicles/bikes/pitviperwatchdogs/cheetah_watchdogs_steering_1.gfx",".gfx","0x2B02A412","335","766","0x11","26677188","26677523","GFX2............................"
"1","63797","0x630c7e4","0x0","0x196e03c","432","size","406","patch20/vehicles/bikes/baggie_80s/minx_80s_seat_1.gfx",".gfx","0x45337A29","256","432","0x11","26645138","26645394","GFX2............................"
"1","63797","0x630c7e4","0x0","0x196e03c","432","size","430","patch20/vehicles/bikes/pitviperevo/cheetah_evo_engine_1.gfx",".gfx","0x141B0A12","257","432","0x11","26668149","26668406","GFX2............................"
"1","63797","0x630c7e4","0x0","0x196e03c","432","size","440","patch20/vehicles/bikes/pitvipergold/cheetah_gold_engine_1.gfx",".gfx","0xFE3A47D2","257","432","0x11","26671285","26671542","GFX2............................"
"1","63797","0x630c7e4","0x0","0x196e03c","432","size","452","patch20/vehicles/bikes/pitviperwatchdogs/cheetah_watchdogs_engine_1.gfx",".gfx","0x6C60D2CC","257","432","0x11","26674849","26675106","GFX2............................"
"1","63798","0x630d0ac","0x0","0x196deab","1070","size","439","patch20/vehicles/bikes/pitvipergold/cheetah_gold_backswing_1.gfx",".gfx","0x4390392D","401","1070","0x11","26670884","26671285","GFX2............................"
"1","63798","0x630d0ac","0x0","0x196deab","1070","size","7","environment_presets20.xml",".xml","0x09215BF2","1198","10085","0x11","13443","14641","GFX2............................"
"1","63800","0x630dedc","0x0","0x196e26f","433","size","310","patch20/characters/apocalypse_mask/apocalypse_mask.gfx",".gfx","0xC1408077","259","433","0x11","23726035","23726294","GFX2............................"
"1","63800","0x630dedc","0x0","0x196e26f","433","size","313","patch20/characters/arno/arno_torso.gfx",".gfx","0x1B275455","257","433","0x11","23726810","23727067","GFX2............................"
"1","63800","0x630dedc","0x0","0x196e26f","433","size","403","patch20/vehicles/bikes/baggie_80s/minx_80s_frame_1.gfx",".gfx","0xE48FDE0A","256","433","0x11","26644355","26644611","GFX2............................"
"1","63800","0x630dedc","0x0","0x196e26f","433","size","414","patch20/vehicles/bikes/donkey_bike/donkey_rear_suspension_1.gfx",".gfx","0x486FBC03","253","433","0x11","26660752","26661005","GFX2............................"
"1","63800","0x630dedc","0x0","0x196e26f","433","size","432","patch20/vehicles/bikes/pitviperevo/cheetah_evo_exhaust_1.gfx",".gfx","0x0DAC7570","256","433","0x11","26668715","26668971","GFX2............................"
"1","63800","0x630dedc","0x0","0x196e26f","433","size","442","patch20/vehicles/bikes/pitvipergold/cheetah_gold_exhaust_1.gfx",".gfx","0x58DBB4B8","256","433","0x11","26671806","26672062","GFX2............................"
"1","63800","0x630dedc","0x0","0x196e26f","433","size","453","patch20/vehicles/bikes/pitviperwatchdogs/cheetah_watchdogs_exhaust_1.gfx",".gfx","0x0EBBEB78","256","433","0x11","26675106","26675362","GFX2............................"
"1","63801","0x630cfb4","0x0","0x196e6e4","442","size","436","patch20/vehicles/bikes/pitviperevo/cheetah_evo_front_suspension_1.gfx",".gfx","0xF80465EC","264","442","0x11","26669861","26670125","GFX2............................"
"1","63801","0x630cfb4","0x0","0x196e6e4","442","size","446","patch20/vehicles/bikes/pitvipergold/cheetah_gold_front_suspension_1.gfx",".gfx","0xBA0D5270","264","442","0x11","26672915","26673179","GFX2............................"
"1","63801","0x630cfb4","0x0","0x196e6e4","442","size","457","patch20/vehicles/bikes/pitviperwatchdogs/cheetah_watchdogs_front_suspension_1.gfx",".gfx","0x45D8964F","264","442","0x11","26676246","26676510","GFX2............................"
"1","63801","0x630cfb4","0x0","0x196e6e4","442","size","471","patch20/vehicles/bikes/rabbitwildcat/paper_boy_wildcat_suspension_front_1.gfx",".gfx","0x1E1284D6","265","442","0x11","26680735","26681000","GFX2............................"
"1","63801","0x630cfb4","0x0","0x196e6e4","442","size","482","patch20/vehicles/bikes/rayman_roach/rayman_roach_exhaust.gfx",".gfx","0xB345FCD7","276","442","0x11","26683944","26684220","GFX2............................"
"1","63801","0x630cfb4","0x0","0x196e6e4","442","size","487","patch20/vehicles/bikes/rayman_roach/rayman_roach_rear_fender.gfx",".gfx","0x15C53B53","276","442","0x11","26685548","26685824","GFX2............................"
"1","63801","0x630cfb4","0x0","0x196e6e4","442","size","492","patch20/vehicles/bikes/roachac/kingcobra_ac_exhaust_pipe_1.gfx",".gfx","0x3D81AD9C","276","442","0x11","26687040","26687316","GFX2............................"
"1","63801","0x630cfb4","0x0","0x196e6e4","442","size","494","patch20/vehicles/bikes/roachac/kingcobra_ac_front_fender_1.gfx",".gfx","0xD75693E8","266","442","0x11","26687609","26687875","GFX2............................"
"1","63801","0x630cfb4","0x0","0x196e6e4","442","size","503","patch20/vehicles/bikes/roachhorror/kingcobra_horror_exhaust_pipe_1.gfx",".gfx","0xB2C403F0","276","442","0x11","26690294","26690570","GFX2............................"
"1","63801","0x630cfb4","0x0","0x196e6e4","442","size","505","patch20/vehicles/bikes/roachhorror/kingcobra_horror_front_fender_1.gfx",".gfx","0xFCA691DA","266","442","0x11","26690863","26691129","GFX2............................"
"1","63801","0x630cfb4","0x0","0x196e6e4","442","size","513","patch20/vehicles/bikes/roach_flame/kingcobra_flame_exhaust_pipe_1.gfx",".gfx","0xA7980087","276","442","0x11","26693133","26693409","GFX2............................"
"1","63801","0x630cfb4","0x0","0x196e6e4","442","size","515","patch20/vehicles/bikes/roach_flame/kingcobra_flame_front_fender_1.gfx",".gfx","0x07C432BD","266","442","0x11","26693702","26693968","GFX2............................"
"1","63802","0x630e0d4","0x0","0x196e49d","595","size","347","patch20/characters/female_indian/female_indian_torso.gfx",".gfx","0xACEB213C","295","595","0x11","23736192","23736487","GFX2............................"
"1","63802","0x630e0d4","0x0","0x196e49d","595","size","434","patch20/vehicles/bikes/pitviperevo/cheetah_evo_fender_rear_1.gfx",".gfx","0xE74930E4","294","595","0x11","26669279","26669573","GFX2............................"
"1","63802","0x630e0d4","0x0","0x196e49d","595","size","455","patch20/vehicles/bikes/pitviperwatchdogs/cheetah_watchdogs_fender_rear_1.gfx",".gfx","0xBF2E6D8F","294","595","0x11","26675663","26675957","GFX2............................"
"1","63803","0x630e404","0x0","0x196e5c3","587","size","372","patch20/characters/rayman_outfit_1/rayman_torso.gfx",".gfx","0x6FDBF7BF","301","587","0x11","26565713","26566014","GFX2............................"
"1","63803","0x630e404","0x0","0x196e5c3","587","size","435","patch20/vehicles/bikes/pitviperevo/cheetah_evo_frame_1.gfx",".gfx","0x0669BCF0","288","587","0x11","26669573","26669861","GFX2............................"
"1","63803","0x630e404","0x0","0x196e5c3","587","size","456","patch20/vehicles/bikes/pitviperwatchdogs/cheetah_watchdogs_frame_1.gfx",".gfx","0x759B78BD","289","587","0x11","26675957","26676246","GFX2............................"
"1","63805","0x6214124","0x0","0x196cf90","433","size","310","patch20/characters/apocalypse_mask/apocalypse_mask.gfx",".gfx","0xC1408077","259","433","0x11","23726035","23726294","GFX2............................"
"1","63805","0x6214124","0x0","0x196cf90","433","size","313","patch20/characters/arno/arno_torso.gfx",".gfx","0x1B275455","257","433","0x11","23726810","23727067","GFX2............................"
"1","63805","0x6214124","0x0","0x196cf90","433","size","403","patch20/vehicles/bikes/baggie_80s/minx_80s_frame_1.gfx",".gfx","0xE48FDE0A","256","433","0x11","26644355","26644611","GFX2............................"
"1","63805","0x6214124","0x0","0x196cf90","433","size","422","patch20/vehicles/bikes/pitvipercomicbook/cheetah_comicbook_exhaust_1.gfx",".gfx","0xB9CD4E96","256","433","0x11","26665583","26665839","GFX2............................"
"1","63805","0x6214124","0x0","0x196cf90","433","size","432","patch20/vehicles/bikes/pitviperevo/cheetah_evo_exhaust_1.gfx",".gfx","0x0DAC7570","256","433","0x11","26668715","26668971","GFX2............................"
"1","63805","0x6214124","0x0","0x196cf90","433","size","442","patch20/vehicles/bikes/pitvipergold/cheetah_gold_exhaust_1.gfx",".gfx","0x58DBB4B8","256","433","0x11","26671806","26672062","GFX2............................"
"1","63805","0x6214124","0x0","0x196cf90","433","size","453","patch20/vehicles/bikes/pitviperwatchdogs/cheetah_watchdogs_exhaust_1.gfx",".gfx","0x0EBBEB78","256","433","0x11","26675106","26675362","GFX2............................"
"1","63806","0x62141dc","0x0","0x196cd95","434","size","360","patch20/characters/male_punk/male_punk_head.gfx",".gfx","0x9D6AB361","258","434","0x11","23783523","23783781","GFX2............................"
"1","63806","0x62141dc","0x0","0x196cd95","434","size","374","patch20/characters/tko_panda_helmet/tko_panda_helmet.gfx",".gfx","0x933EC809","258","434","0x11","26566261","26566519","GFX2............................"
"1","63806","0x62141dc","0x0","0x196cd95","434","size","398","patch20/vehicles/bikes/baggie_80s/minx_80s_engine_1.gfx",".gfx","0xFC3176FE","259","434","0x11","26643036","26643295","GFX2............................"
"1","63806","0x62141dc","0x0","0x196cd95","434","size","498","patch20/vehicles/bikes/roachac/kingcobra_ac_seat_1.gfx",".gfx","0x3E4D9287","259","434","0x11","26688868","26689127","GFX2............................"
"1","63806","0x62141dc","0x0","0x196cd95","434","size","508","patch20/vehicles/bikes/roachhorror/kingcobra_horror_seat_1.gfx",".gfx","0x60DB8F22","259","434","0x11","26691707","26691966","GFX2............................"
"1","63806","0x62141dc","0x0","0x196cd95","434","size","519","patch20/vehicles/bikes/roach_flame/kingcobra_flame_seat_1.gfx",".gfx","0x82CDECB4","259","434","0x11","26694960","26695219","GFX2............................"
"1","63806","0x62141dc","0x0","0x196cd95","434","size","522","patch20/vehicles/bikes/tkopandacamo/fat_grizzly_camo_body_1.gfx",".gfx","0xF053C7D0","259","434","0x11","26695859","26696118","GFX2............................"
"1","63806","0x62141dc","0x0","0x196cd95","434","size","529","patch20/vehicles/bikes/tkopandawasp/fat_grizzly_wasp_body_1.gfx",".gfx","0x91859A05","259","434","0x11","26697775","26698034","GFX2............................"
"1","63807","0x630e9b4","0x0","0x196d186","426","size","363","patch20/characters/partyhat/partyhat.gfx",".gfx","0x0A9026D2","250","426","0x11","23784377","23784627","GFX2............................"
"1","63807","0x630e9b4","0x0","0x196d186","426","size","377","patch20/characters/watch_dogs_aiden/watchdogs_aiden_head.gfx",".gfx","0x192E159F","251","426","0x11","26633615","26633866","GFX2............................"
"1","63808","0x630f144","0x0","0x196d08d","427","size","186","objects/pack20/generic_medium_icon_1_2788949741.mdl",".mdl","0xDB0E28F2","555","427","0x10","16855856","16856411","GFX2............................"
"1","63808","0x630f144","0x0","0x196d08d","427","size","311","patch20/characters/arno/arno_head.gfx",".gfx","0xE071018C","250","427","0x11","23726294","23726544","GFX2............................"
"1","63808","0x630f144","0x0","0x196d08d","427","size","312","patch20/characters/arno/arno_legs.gfx",".gfx","0x72C616CD","266","427","0x11","23726544","23726810","GFX2............................"
"1","63808","0x630f144","0x0","0x196d08d","427","size","321","patch20/characters/cat_rider/cat_rider.gfx",".gfx","0xAFE4C925","254","427","0x11","23729151","23729405","GFX2............................"
"1","63808","0x630f144","0x0","0x196d08d","427","size","330","patch20/characters/dapper/dapper_legs.gfx",".gfx","0x0AB1EFAB","253","427","0x11","23731360","23731613","GFX2............................"
"1","63808","0x630f144","0x0","0x196d08d","427","size","489","patch20/vehicles/bikes/rayman_roach/rayman_roach_swing_arm.gfx",".gfx","0xB64FD675","427","1073","0x11","26686085","26686512","GFX2............................"
"1","63809","0x630e1d4","0x0","0x196ce94","428","size","185","objects/pack20/generic_medium_icon_1_2202330545.mdl",".mdl","0x26592A96","556","428","0x10","16855300","16855856","GFX2............................"
"1","63809","0x630e1d4","0x0","0x196ce94","428","size","325","patch20/characters/clara/clara_head.gfx",".gfx","0x9806A972","253","428","0x11","23730088","23730341","GFX2............................"
"1","63809","0x630e1d4","0x0","0x196ce94","428","size","326","patch20/characters/clara/clara_legs.gfx",".gfx","0x2CEAF96F","253","428","0x11","23730341","23730594","GFX2............................"
"1","63809","0x630e1d4","0x0","0x196ce94","428","size","332","patch20/characters/dapper_pug/dapper_pug.gfx",".gfx","0x60B457EB","253","428","0x11","23731915","23732168","GFX2............................"
"1","63809","0x630e1d4","0x0","0x196ce94","428","size","334","patch20/characters/elise/elise_legs.gfx",".gfx","0x42D94B6C","252","428","0x11","23732485","23732737","GFX2............................"
"1","63809","0x630e1d4","0x0","0x196ce94","428","size","364","patch20/characters/pit_baggie/pit_baggie.gfx",".gfx","0xADBECEF3","253","428","0x11","23784627","23784880","GFX2............................"
"1","63809","0x630e1d4","0x0","0x196ce94","428","size","376","patch20/characters/watch_dogs_aiden/watchdogs_aiden_bottom.gfx",".gfx","0xE34431E4","253","428","0x11","26633362","26633615","GFX2............................"
"1","63810","0x4c8dd5c","0x0","0x16a3403","590","size","338","patch20/characters/femaleoutfit_1/female_outfit_1_top.gfx",".gfx","0x9D4AE1D0","298","590","0x11","23733555","23733853","GFX2............................"
"1","63810","0x4c8dd5c","0x0","0x16a3403","590","size","346","patch20/characters/female_indian/female_indian_legs.gfx",".gfx","0x6926967E","298","590","0x11","23735894","23736192","GFX2............................"
"1","63810","0x4c8dd5c","0x0","0x16a3403","590","size","469","patch20/vehicles/bikes/rabbitwildcat/paper_boy_wildcat_frame_1.gfx",".gfx","0x9B04D4C1","294","590","0x11","26680090","26680384","GFX2............................"
"1","63811","0x630e214","0x0","0x16a352d","436","size","317","patch20/characters/bounty_hunter/bounty_hunter_helmet.gfx",".gfx","0x76F6A5CE","259","436","0x11","23727827","23728086","GFX2............................"
"1","63811","0x630e214","0x0","0x16a352d","436","size","480","patch20/vehicles/bikes/rayman_roach/rayman_roach_engine.gfx",".gfx","0xA4188511","260","436","0x11","26683417","26683677","GFX2............................"
"1","63811","0x630e214","0x0","0x16a352d","436","size","490","patch20/vehicles/bikes/roachac/kingcobra_ac_engine_1.gfx",".gfx","0x408F10C6","260","436","0x11","26686512","26686772","GFX2............................"
"1","63811","0x630e214","0x0","0x16a352d","436","size","501","patch20/vehicles/bikes/roachhorror/kingcobra_horror_engine_1.gfx",".gfx","0x20B196D6","260","436","0x11","26689767","26690027","GFX2............................"
"1","63811","0x630e214","0x0","0x16a352d","436","size","511","patch20/vehicles/bikes/roach_flame/kingcobra_flame_engine_1.gfx",".gfx","0x3F6266CF","260","436","0x11","26692606","26692866","GFX2............................"
"1","63812","0x630c364","0x0","0x16a3634","586","size","304","pack20/prizes.csv",".csv","0x8E6A25F3","714","1526","0x11","23723357","23724071","GFX2............................"
"1","63841","0x630d00c","0x0","0x197452f","442","size","426","patch20/vehicles/bikes/pitvipercomicbook/cheetah_comicbook_front_suspension_1.gfx",".gfx","0xEE6825D2","264","442","0x11","26666724","26666988","GFX2............................"
"1","63841","0x630d00c","0x0","0x197452f","442","size","436","patch20/vehicles/bikes/pitviperevo/cheetah_evo_front_suspension_1.gfx",".gfx","0xF80465EC","264","442","0x11","26669861","26670125","GFX2............................"
"1","63841","0x630d00c","0x0","0x197452f","442","size","446","patch20/vehicles/bikes/pitvipergold/cheetah_gold_front_suspension_1.gfx",".gfx","0xBA0D5270","264","442","0x11","26672915","26673179","GFX2............................"
"1","63841","0x630d00c","0x0","0x197452f","442","size","457","patch20/vehicles/bikes/pitviperwatchdogs/cheetah_watchdogs_front_suspension_1.gfx",".gfx","0x45D8964F","264","442","0x11","26676246","26676510","GFX2............................"
"1","63841","0x630d00c","0x0","0x197452f","442","size","471","patch20/vehicles/bikes/rabbitwildcat/paper_boy_wildcat_suspension_front_1.gfx",".gfx","0x1E1284D6","265","442","0x11","26680735","26681000","GFX2............................"
"1","63841","0x630d00c","0x0","0x197452f","442","size","482","patch20/vehicles/bikes/rayman_roach/rayman_roach_exhaust.gfx",".gfx","0xB345FCD7","276","442","0x11","26683944","26684220","GFX2............................"
"1","63841","0x630d00c","0x0","0x197452f","442","size","487","patch20/vehicles/bikes/rayman_roach/rayman_roach_rear_fender.gfx",".gfx","0x15C53B53","276","442","0x11","26685548","26685824","GFX2............................"
"1","63841","0x630d00c","0x0","0x197452f","442","size","492","patch20/vehicles/bikes/roachac/kingcobra_ac_exhaust_pipe_1.gfx",".gfx","0x3D81AD9C","276","442","0x11","26687040","26687316","GFX2............................"
"1","63841","0x630d00c","0x0","0x197452f","442","size","494","patch20/vehicles/bikes/roachac/kingcobra_ac_front_fender_1.gfx",".gfx","0xD75693E8","266","442","0x11","26687609","26687875","GFX2............................"
"1","63841","0x630d00c","0x0","0x197452f","442","size","503","patch20/vehicles/bikes/roachhorror/kingcobra_horror_exhaust_pipe_1.gfx",".gfx","0xB2C403F0","276","442","0x11","26690294","26690570","GFX2............................"
"1","63841","0x630d00c","0x0","0x197452f","442","size","513","patch20/vehicles/bikes/roach_flame/kingcobra_flame_exhaust_pipe_1.gfx",".gfx","0xA7980087","276","442","0x11","26693133","26693409","GFX2............................"
"1","63841","0x630d00c","0x0","0x197452f","442","size","515","patch20/vehicles/bikes/roach_flame/kingcobra_flame_front_fender_1.gfx",".gfx","0x07C432BD","266","442","0x11","26693702","26693968","GFX2............................"
"1","63842","0x630f544","0x0","0x19742f6","442","size","426","patch20/vehicles/bikes/pitvipercomicbook/cheetah_comicbook_front_suspension_1.gfx",".gfx","0xEE6825D2","264","442","0x11","26666724","26666988","GFX2............................"
"1","63842","0x630f544","0x0","0x19742f6","442","size","436","patch20/vehicles/bikes/pitviperevo/cheetah_evo_front_suspension_1.gfx",".gfx","0xF80465EC","264","442","0x11","26669861","26670125","GFX2............................"
"1","63842","0x630f544","0x0","0x19742f6","442","size","446","patch20/vehicles/bikes/pitvipergold/cheetah_gold_front_suspension_1.gfx",".gfx","0xBA0D5270","264","442","0x11","26672915","26673179","GFX2............................"
"1","63842","0x630f544","0x0","0x19742f6","442","size","457","patch20/vehicles/bikes/pitviperwatchdogs/cheetah_watchdogs_front_suspension_1.gfx",".gfx","0x45D8964F","264","442","0x11","26676246","26676510","GFX2............................"
"1","63842","0x630f544","0x0","0x19742f6","442","size","471","patch20/vehicles/bikes/rabbitwildcat/paper_boy_wildcat_suspension_front_1.gfx",".gfx","0x1E1284D6","265","442","0x11","26680735","26681000","GFX2............................"
"1","63842","0x630f544","0x0","0x19742f6","442","size","482","patch20/vehicles/bikes/rayman_roach/rayman_roach_exhaust.gfx",".gfx","0xB345FCD7","276","442","0x11","26683944","26684220","GFX2............................"
"1","63842","0x630f544","0x0","0x19742f6","442","size","487","patch20/vehicles/bikes/rayman_roach/rayman_roach_rear_fender.gfx",".gfx","0x15C53B53","276","442","0x11","26685548","26685824","GFX2............................"
"1","63842","0x630f544","0x0","0x19742f6","442","size","492","patch20/vehicles/bikes/roachac/kingcobra_ac_exhaust_pipe_1.gfx",".gfx","0x3D81AD9C","276","442","0x11","26687040","26687316","GFX2............................"
"1","63842","0x630f544","0x0","0x19742f6","442","size","494","patch20/vehicles/bikes/roachac/kingcobra_ac_front_fender_1.gfx",".gfx","0xD75693E8","266","442","0x11","26687609","26687875","GFX2............................"
"1","63842","0x630f544","0x0","0x19742f6","442","size","505","patch20/vehicles/bikes/roachhorror/kingcobra_horror_front_fender_1.gfx",".gfx","0xFCA691DA","266","442","0x11","26690863","26691129","GFX2............................"
"1","63842","0x630f544","0x0","0x19742f6","442","size","513","patch20/vehicles/bikes/roach_flame/kingcobra_flame_exhaust_pipe_1.gfx",".gfx","0xA7980087","276","442","0x11","26693133","26693409","GFX2............................"
"1","63842","0x630f544","0x0","0x19742f6","442","size","515","patch20/vehicles/bikes/roach_flame/kingcobra_flame_front_fender_1.gfx",".gfx","0x07C432BD","266","442","0x11","26693702","26693968","GFX2............................"
"1","63843","0x630f2fc","0x0","0x1974639","446","size","357","patch20/characters/male_assassin/m_assassin_head.gfx",".gfx","0x4538C18B","267","446","0x11","23782677","23782944","GFX2............................"
"1","63843","0x630f2fc","0x0","0x1974639","446","size","475","patch20/vehicles/bikes/rayman_pitviper/rayman_pitviper_enginefender.gfx",".gfx","0xB753A323","271","446","0x11","26682066","26682337","GFX2............................"
"1","63843","0x630f2fc","0x0","0x1974639","446","size","495","patch20/vehicles/bikes/roachac/kingcobra_ac_front_suspension_1.gfx",".gfx","0x4AB49C21","270","446","0x11","26687875","26688145","GFX2............................"
"1","63843","0x630f2fc","0x0","0x1974639","446","size","516","patch20/vehicles/bikes/roach_flame/kingcobra_flame_front_suspension_1.gfx",".gfx","0x10F04679","270","446","0x11","26693968","26694238","GFX2............................"
"1","63843","0x630f2fc","0x0","0x1974639","446","size","527","patch20/vehicles/bikes/tkopandacamo/fat_grizzly_camo_suspension_front_1.gfx",".gfx","0x1C92F26E","269","446","0x11","26697237","26697506","GFX2............................"
"1","63843","0x630f2fc","0x0","0x1974639","446","size","534","patch20/vehicles/bikes/tkopandawasp/fat_grizzly_wasp_suspension_front_1.gfx",".gfx","0x9B5BF8ED","269","446","0x11","26699153","26699422","GFX2............................"
"1","63844","0x630e854","0x0","0x197487b","434","size","360","patch20/characters/male_punk/male_punk_head.gfx",".gfx","0x9D6AB361","258","434","0x11","23783523","23783781","GFX2............................"
"1","63844","0x630e854","0x0","0x197487b","434","size","374","patch20/characters/tko_panda_helmet/tko_panda_helmet.gfx",".gfx","0x933EC809","258","434","0x11","26566261","26566519","GFX2............................"
"1","63844","0x630e854","0x0","0x197487b","434","size","398","patch20/vehicles/bikes/baggie_80s/minx_80s_engine_1.gfx",".gfx","0xFC3176FE","259","434","0x11","26643036","26643295","GFX2............................"
"1","63844","0x630e854","0x0","0x197487b","434","size","412","patch20/vehicles/bikes/donkey_bike/donkey_front_suspension_1.gfx",".gfx","0x0A7AF40C","255","434","0x11","26660245","26660500","GFX2............................"
"1","63844","0x630e854","0x0","0x197487b","434","size","498","patch20/vehicles/bikes/roachac/kingcobra_ac_seat_1.gfx",".gfx","0x3E4D9287","259","434","0x11","26688868","26689127","GFX2............................"
"1","63844","0x630e854","0x0","0x197487b","434","size","519","patch20/vehicles/bikes/roach_flame/kingcobra_flame_seat_1.gfx",".gfx","0x82CDECB4","259","434","0x11","26694960","26695219","GFX2............................"
"1","63844","0x630e854","0x0","0x197487b","434","size","522","patch20/vehicles/bikes/tkopandacamo/fat_grizzly_camo_body_1.gfx",".gfx","0xF053C7D0","259","434","0x11","26695859","26696118","GFX2............................"
"1","63844","0x630e854","0x0","0x197487b","434","size","529","patch20/vehicles/bikes/tkopandawasp/fat_grizzly_wasp_body_1.gfx",".gfx","0x91859A05","259","434","0x11","26697775","26698034","GFX2............................"
"1","63845","0x630ba14","0x0","0x19741eb","443","size","474","patch20/vehicles/bikes/rayman_pitviper/rayman_pitviper_backswing.gfx",".gfx","0x6788E905","443","1243","0x11","26681623","26682066","GFX2............................"
"1","63845","0x630ba14","0x0","0x19741eb","443","size","481","patch20/vehicles/bikes/rayman_roach/rayman_roach_engine_fender.gfx",".gfx","0x1C43F7A4","267","443","0x11","26683677","26683944","GFX2............................"
"1","63845","0x630ba14","0x0","0x19741eb","443","size","491","patch20/vehicles/bikes/roachac/kingcobra_ac_engine_fender_1.gfx",".gfx","0x3EF762D1","268","443","0x11","26686772","26687040","GFX2............................"
"1","63845","0x630ba14","0x0","0x19741eb","443","size","512","patch20/vehicles/bikes/roach_flame/kingcobra_flame_engine_fender_1.gfx",".gfx","0x9DD463C2","267","443","0x11","26692866","26693133","GFX2............................"
"1","63846","0x630d7e4","0x0","0x1974a83","921","size","500","patch20/vehicles/bikes/roachac/kingcobra_ac_swing_arm_1.gfx",".gfx","0x0F8BBA46","379","921","0x11","26689388","26689767","GFX2............................"
"1","63846","0x630d7e4","0x0","0x1974a83","921","size","521","patch20/vehicles/bikes/roach_flame/kingcobra_flame_swing_arm_1.gfx",".gfx","0x7ECA7CC9","379","921","0x11","26695480","26695859","GFX2............................"
"1","63847","0x630d174","0x0","0x197497e","438","size","366","patch20/characters/plague_doctor_helmet/plague_doctor_helmet.gfx",".gfx","0x82808A6E","262","438","0x11","23785149","23785411","GFX2............................"
"1","63847","0x630d174","0x0","0x197497e","438","size","405","patch20/vehicles/bikes/baggie_80s/minx_80s_head_light_1.gfx",".gfx","0x5B0FF1EE","262","438","0x11","26644876","26645138","GFX2............................"
"1","63847","0x630d174","0x0","0x197497e","438","size","423","patch20/vehicles/bikes/pitvipercomicbook/cheetah_comicbook_fender_front_1.gfx",".gfx","0x5507F76B","302","438","0x11","26665839","26666141","GFX2............................"
"1","63847","0x630d174","0x0","0x197497e","438","size","433","patch20/vehicles/bikes/pitviperevo/cheetah_evo_fender_front_1.gfx",".gfx","0x43D3CB28","308","438","0x11","26668971","26669279","GFX2............................"
"1","63847","0x630d174","0x0","0x197497e","438","size","443","patch20/vehicles/bikes/pitvipergold/cheetah_gold_fender_front_1.gfx",".gfx","0xD886E847","303","438","0x11","26672062","26672365","GFX2............................"
"1","63847","0x630d174","0x0","0x197497e","438","size","454","patch20/vehicles/bikes/pitviperwatchdogs/cheetah_watchdogs_fender_front_1.gfx",".gfx","0xF34409DD","301","438","0x11","26675362","26675663","GFX2............................"
"1","63847","0x630d174","0x0","0x197497e","438","size","476","patch20/vehicles/bikes/rayman_pitviper/rayman_pitviper_fender_front.gfx",".gfx","0x81EBFC66","262","438","0x11","26682337","26682599","GFX2............................"
"1","63847","0x630d174","0x0","0x197497e","438","size","488","patch20/vehicles/bikes/rayman_roach/rayman_roach_steering.gfx",".gfx","0x588CECE5","261","438","0x11","26685824","26686085","GFX2............................"
"1","63847","0x630d174","0x0","0x197497e","438","size","499","patch20/vehicles/bikes/roachac/kingcobra_ac_steering_1.gfx",".gfx","0xD7FE8DFA","261","438","0x11","26689127","26689388","GFX2............................"
"1","63847","0x630d174","0x0","0x197497e","438","size","520","patch20/vehicles/bikes/roach_flame/kingcobra_flame_steering_1.gfx",".gfx","0xED290E67","261","438","0x11","26695219","26695480","GFX2............................"
"1","63847","0x630d174","0x0","0x197497e","438","size","526","patch20/vehicles/bikes/tkopandacamo/fat_grizzly_camo_steering_1.gfx",".gfx","0xAD395CC9","262","438","0x11","26696975","26697237","GFX2............................"
"1","63847","0x630d174","0x0","0x197497e","438","size","533","patch20/vehicles/bikes/tkopandawasp/fat_grizzly_wasp_steering_1.gfx",".gfx","0x7998407B","262","438","0x11","26698891","26699153","GFX2............................"
"1","63848","0x630c704","0x0","0x197440a","591","size","349","patch20/characters/female_officer/female_officer_legs.gfx",".gfx","0x75F722CB","297","591","0x11","23736750","23737047","GFX2............................"
"1","63848","0x630c704","0x0","0x197440a","591","size","350","patch20/characters/female_officer/female_officer_torso.gfx",".gfx","0x1A7180D7","300","591","0x11","23737047","23737347","GFX2............................"
"1","63848","0x630c704","0x0","0x197440a","591","size","493","patch20/vehicles/bikes/roachac/kingcobra_ac_frame_1.gfx",".gfx","0x56D26469","293","591","0x11","26687316","26687609","GFX2............................"
"1","63848","0x630c704","0x0","0x197440a","591","size","514","patch20/vehicles/bikes/roach_flame/kingcobra_flame_frame_1.gfx",".gfx","0xA5CA4130","293","591","0x11","26693409","26693702","GFX2............................"
"1","63849","0x630d7c4","0x0","0x1974747","608","size","497","patch20/vehicles/bikes/roachac/kingcobra_ac_rear_fender_1.gfx",".gfx","0xD0975F14","309","608","0x11","26688559","26688868","GFX2............................"
"1","63850","0x630e35c","0x0","0x19740e7","436","size","317","patch20/characters/bounty_hunter/bounty_hunter_helmet.gfx",".gfx","0x76F6A5CE","259","436","0x11","23727827","23728086","GFX2............................"
"1","63850","0x630e35c","0x0","0x19740e7","436","size","352","patch20/characters/female_tech/female_tech_helmet.gfx",".gfx","0x9CB762CA","263","436","0x11","23737645","23737908","GFX2............................"
"1","63850","0x630e35c","0x0","0x19740e7","436","size","480","patch20/vehicles/bikes/rayman_roach/rayman_roach_engine.gfx",".gfx","0xA4188511","260","436","0x11","26683417","26683677","GFX2............................"
"1","63850","0x630e35c","0x0","0x19740e7","436","size","490","patch20/vehicles/bikes/roachac/kingcobra_ac_engine_1.gfx",".gfx","0x408F10C6","260","436","0x11","26686512","26686772","GFX2............................"
"1","63850","0x630e35c","0x0","0x19740e7","436","size","511","patch20/vehicles/bikes/roach_flame/kingcobra_flame_engine_1.gfx",".gfx","0x3F6266CF","260","436","0x11","26692606","26692866","GFX2............................"
"1","63851","0x4c8dd44","0x0","0x16a1ba1","431","size","316","patch20/characters/barbara_outfit/barbara_torso.gfx",".gfx","0x4DECCDC4","254","431","0x11","23727573","23727827","GFX2............................"
"1","63851","0x4c8dd44","0x0","0x16a1ba1","431","size","328","patch20/characters/cyborg_helmet/cyborg_helmet.gfx",".gfx","0xAF350676","258","431","0x11","23730847","23731105","GFX2............................"
"1","63851","0x4c8dd44","0x0","0x16a1ba1","431","size","356","patch20/characters/kraken_helmet/kraken_helmet.gfx",".gfx","0xFC40E519","257","431","0x11","23782420","23782677","GFX2............................"
"1","63851","0x4c8dd44","0x0","0x16a1ba1","431","size","369","patch20/characters/rabbit_helmet/rabbit_helmet.gfx",".gfx","0x4DD71D3D","255","431","0x11","26564920","26565175","GFX2............................"
"1","63852","0x630f03c","0x0","0x16a1ca0","427","size","186","objects/pack20/generic_medium_icon_1_2788949741.mdl",".mdl","0xDB0E28F2","555","427","0x10","16855856","16856411","GFX2............................"
"1","63852","0x630f03c","0x0","0x16a1ca0","427","size","311","patch20/characters/arno/arno_head.gfx",".gfx","0xE071018C","250","427","0x11","23726294","23726544","GFX2............................"
"1","63852","0x630f03c","0x0","0x16a1ca0","427","size","312","patch20/characters/arno/arno_legs.gfx",".gfx","0x72C616CD","266","427","0x11","23726544","23726810","GFX2............................"
"1","63852","0x630f03c","0x0","0x16a1ca0","427","size","321","patch20/characters/cat_rider/cat_rider.gfx",".gfx","0xAFE4C925","254","427","0x11","23729151","23729405","GFX2............................"
"1","63852","0x630f03c","0x0","0x16a1ca0","427","size","415","patch20/vehicles/bikes/donkey_bike/donkey_rear_tire_1.gfx",".gfx","0xE0113FBB","249","427","0x11","26661005","26661254","GFX2............................"
"1","63852","0x630f03c","0x0","0x16a1ca0","427","size","489","patch20/vehicles/bikes/rayman_roach/rayman_roach_swing_arm.gfx",".gfx","0xB64FD675","427","1073","0x11","26686085","26686512","GFX2............................"
"1","63853","0x630ea34","0x0","0x16a1d9d","589","size","445","patch20/vehicles/bikes/pitvipergold/cheetah_gold_frame_1.gfx",".gfx","0x311EE242","290","589","0x11","26672625","26672915","GFX2............................"
"1","63916","0x630f23c","0x0","0x16aedb0","445","size","528","patch20/vehicles/bikes/tkopandacamo/fat_grizzly_camo_suspension_rear_1.gfx",".gfx","0xFCF1E437","269","445","0x11","26697506","26697775","GFX2............................"
"1","63916","0x630f23c","0x0","0x16aedb0","445","size","535","patch20/vehicles/bikes/tkopandawasp/fat_grizzly_wasp_suspension_rear_1.gfx",".gfx","0x539BA663","269","445","0x11","26699422","26699691","GFX2............................"
"1","63917","0x630c024","0x0","0x16a265d","441","size","486","patch20/vehicles/bikes/rayman_roach/rayman_roach_head_light.gfx",".gfx","0xF289178B","441","742","0x11","26685107","26685548","GFX2............................"
"1","63919","0x630c964","0x0","0x16a28b8","593","size","343","patch20/characters/female_assassin/female_assassin_legs.gfx",".gfx","0xBE3CA5C8","299","593","0x11","23735023","23735322","GFX2............................"
"1","63920","0x630de3c","0x0","0x1967a15","1185","size","380","patch20/rims/clockwork_rim/clockwork_rims.gfx",".gfx","0x7080142E","377","1185","0x11","26634368","26634745","GFX2............................"
"1","63920","0x630de3c","0x0","0x1967a15","1185","size","386","patch20/rims/holograph_rim/holograph_rim.gfx",".gfx","0x429CBF75","395","1185","0x11","26636903","26637298","GFX2............................"
"1","63922","0x630c3f4","0x0","0x16a13ff","427","size","186","objects/pack20/generic_medium_icon_1_2788949741.mdl",".mdl","0xDB0E28F2","555","427","0x10","16855856","16856411","GFX2............................"
"1","63922","0x630c3f4","0x0","0x16a13ff","427","size","311","patch20/characters/arno/arno_head.gfx",".gfx","0xE071018C","250","427","0x11","23726294","23726544","GFX2............................"
"1","63922","0x630c3f4","0x0","0x16a13ff","427","size","312","patch20/characters/arno/arno_legs.gfx",".gfx","0x72C616CD","266","427","0x11","23726544","23726810","GFX2............................"
"1","63922","0x630c3f4","0x0","0x16a13ff","427","size","330","patch20/characters/dapper/dapper_legs.gfx",".gfx","0x0AB1EFAB","253","427","0x11","23731360","23731613","GFX2............................"
"1","63922","0x630c3f4","0x0","0x16a13ff","427","size","415","patch20/vehicles/bikes/donkey_bike/donkey_rear_tire_1.gfx",".gfx","0xE0113FBB","249","427","0x11","26661005","26661254","GFX2............................"
"1","63922","0x630c3f4","0x0","0x16a13ff","427","size","489","patch20/vehicles/bikes/rayman_roach/rayman_roach_swing_arm.gfx",".gfx","0xB64FD675","427","1073","0x11","26686085","26686512","GFX2............................"
"1","63923","0x630efe4","0x0","0x16a16d3","278","size","323","patch20/characters/cat_rider/cat_rider_empty_1.gfx",".gfx","0x5A6C6693","213","278","0x11","23729662","23729875","GFX2............................"
"1","63923","0x630efe4","0x0","0x16a16d3","278","size","484","patch20/vehicles/bikes/rayman_roach/rayman_roach_front_fender.gfx",".gfx","0x5F7A17D9","212","278","0x11","26684563","26684775","GFX2............................"
"1","63924","0x630de7c","0x0","0x16a15fe","278","size","324","patch20/characters/cat_rider/cat_rider_empty_2.gfx",".gfx","0x92444BA6","213","278","0x11","23729875","23730088","GFX2............................"
"1","63924","0x630de7c","0x0","0x16a15fe","278","size","484","patch20/vehicles/bikes/rayman_roach/rayman_roach_front_fender.gfx",".gfx","0x5F7A17D9","212","278","0x11","26684563","26684775","GFX2............................"
"1","63925","0x630c99c","0x0","0x16a14fd","429","size","327","patch20/characters/clara/clara_torso.gfx",".gfx","0xDFFF6EED","253","429","0x11","23730594","23730847","GFX2............................"
"1","63925","0x630c99c","0x0","0x16a14fd","429","size","335","patch20/characters/elise/elise_torso.gfx",".gfx","0x5A04AF52","253","429","0x11","23732737","23732990","GFX2............................"
"1","63925","0x630c99c","0x0","0x16a14fd","429","size","355","patch20/characters/horror_mask/horror_mask.gfx",".gfx","0xD473C333","253","429","0x11","23782167","23782420","GFX2............................"
"1","63925","0x630c99c","0x0","0x16a14fd","429","size","370","patch20/characters/rayman_outfit_1/rayman_helmet.gfx",".gfx","0xC5A0C919","253","429","0x11","26565175","26565428","GFX2............................"
"1","63925","0x630c99c","0x0","0x16a14fd","429","size","379","patch20/patch_error.gfx",".gfx","0xFAA02BE8","254","429","0x11","26634114","26634368","GFX2............................"
"1","63926","0x630caa4","0x0","0x16a08d6","427","size","186","objects/pack20/generic_medium_icon_1_2788949741.mdl",".mdl","0xDB0E28F2","555","427","0x10","16855856","16856411","GFX2............................"
"1","63926","0x630caa4","0x0","0x16a08d6","427","size","312","patch20/characters/arno/arno_legs.gfx",".gfx","0x72C616CD","266","427","0x11","23726544","23726810","GFX2............................"
"1","63926","0x630caa4","0x0","0x16a08d6","427","size","321","patch20/characters/cat_rider/cat_rider.gfx",".gfx","0xAFE4C925","254","427","0x11","23729151","23729405","GFX2............................"
"1","63926","0x630caa4","0x0","0x16a08d6","427","size","330","patch20/characters/dapper/dapper_legs.gfx",".gfx","0x0AB1EFAB","253","427","0x11","23731360","23731613","GFX2............................"
"1","63926","0x630caa4","0x0","0x16a08d6","427","size","415","patch20/vehicles/bikes/donkey_bike/donkey_rear_tire_1.gfx",".gfx","0xE0113FBB","249","427","0x11","26661005","26661254","GFX2............................"
"1","63926","0x630caa4","0x0","0x16a08d6","427","size","489","patch20/vehicles/bikes/rayman_roach/rayman_roach_swing_arm.gfx",".gfx","0xB64FD675","427","1073","0x11","26686085","26686512","GFX2............................"
"1","63927","0x62145bc","0x0","0x16a0ada","433","size","310","patch20/characters/apocalypse_mask/apocalypse_mask.gfx",".gfx","0xC1408077","259","433","0x11","23726035","23726294","GFX2............................"
"1","63927","0x62145bc","0x0","0x16a0ada","433","size","403","patch20/vehicles/bikes/baggie_80s/minx_80s_frame_1.gfx",".gfx","0xE48FDE0A","256","433","0x11","26644355","26644611","GFX2............................"
"1","63927","0x62145bc","0x0","0x16a0ada","433","size","414","patch20/vehicles/bikes/donkey_bike/donkey_rear_suspension_1.gfx",".gfx","0x486FBC03","253","433","0x11","26660752","26661005","GFX2............................"
"1","63927","0x62145bc","0x0","0x16a0ada","433","size","422","patch20/vehicles/bikes/pitvipercomicbook/cheetah_comicbook_exhaust_1.gfx",".gfx","0xB9CD4E96","256","433","0x11","26665583","26665839","GFX2............................"
"1","63927","0x62145bc","0x0","0x16a0ada","433","size","432","patch20/vehicles/bikes/pitviperevo/cheetah_evo_exhaust_1.gfx",".gfx","0x0DAC7570","256","433","0x11","26668715","26668971","GFX2............................"
"1","63927","0x62145bc","0x0","0x16a0ada","433","size","442","patch20/vehicles/bikes/pitvipergold/cheetah_gold_exhaust_1.gfx",".gfx","0x58DBB4B8","256","433","0x11","26671806","26672062","GFX2............................"
"1","63927","0x62145bc","0x0","0x16a0ada","433","size","453","patch20/vehicles/bikes/pitviperwatchdogs/cheetah_watchdogs_exhaust_1.gfx",".gfx","0x0EBBEB78","256","433","0x11","26675106","26675362","GFX2............................"
"1","63928","0x630e274","0x0","0x16a09d0","427","size","186","objects/pack20/generic_medium_icon_1_2788949741.mdl",".mdl","0xDB0E28F2","555","427","0x10","16855856","16856411","GFX2............................"
"1","63928","0x630e274","0x0","0x16a09d0","427","size","311","patch20/characters/arno/arno_head.gfx",".gfx","0xE071018C","250","427","0x11","23726294","23726544","GFX2............................"
"1","63928","0x630e274","0x0","0x16a09d0","427","size","321","patch20/characters/cat_rider/cat_rider.gfx",".gfx","0xAFE4C925","254","427","0x11","23729151","23729405","GFX2............................"
"1","63928","0x630e274","0x0","0x16a09d0","427","size","330","patch20/characters/dapper/dapper_legs.gfx",".gfx","0x0AB1EFAB","253","427","0x11","23731360","23731613","GFX2............................"
"1","63928","0x630e274","0x0","0x16a09d0","427","size","415","patch20/vehicles/bikes/donkey_bike/donkey_rear_tire_1.gfx",".gfx","0xE0113FBB","249","427","0x11","26661005","26661254","GFX2............................"
"1","63928","0x630e274","0x0","0x16a09d0","427","size","489","patch20/vehicles/bikes/rayman_roach/rayman_roach_swing_arm.gfx",".gfx","0xB64FD675","427","1073","0x11","26686085","26686512","GFX2............................"
"1","63929","0x630c89c","0x0","0x16a17a8","428","size","185","objects/pack20/generic_medium_icon_1_2202330545.mdl",".mdl","0x26592A96","556","428","0x10","16855300","16855856","GFX2............................"
"1","63929","0x630c89c","0x0","0x16a17a8","428","size","326","patch20/characters/clara/clara_legs.gfx",".gfx","0x2CEAF96F","253","428","0x11","23730341","23730594","GFX2............................"
"1","63929","0x630c89c","0x0","0x16a17a8","428","size","332","patch20/characters/dapper_pug/dapper_pug.gfx",".gfx","0x60B457EB","253","428","0x11","23731915","23732168","GFX2............................"
"1","63929","0x630c89c","0x0","0x16a17a8","428","size","334","patch20/characters/elise/elise_legs.gfx",".gfx","0x42D94B6C","252","428","0x11","23732485","23732737","GFX2............................"
"1","63929","0x630c89c","0x0","0x16a17a8","428","size","364","patch20/characters/pit_baggie/pit_baggie.gfx",".gfx","0xADBECEF3","253","428","0x11","23784627","23784880","GFX2............................"
"1","63929","0x630c89c","0x0","0x16a17a8","428","size","376","patch20/characters/watch_dogs_aiden/watchdogs_aiden_bottom.gfx",".gfx","0xE34431E4","253","428","0x11","26633362","26633615","GFX2............................"
"1","63929","0x630c89c","0x0","0x16a17a8","428","size","413","patch20/vehicles/bikes/donkey_bike/donkey_front_tire_1.gfx",".gfx","0x1B415EC7","252","428","0x11","26660500","26660752","GFX2............................"
"1","63930","0x630c844","0x0","0x16a18a5","428","size","185","objects/pack20/generic_medium_icon_1_2202330545.mdl",".mdl","0x26592A96","556","428","0x10","16855300","16855856","GFX2............................"
"1","63930","0x630c844","0x0","0x16a18a5","428","size","325","patch20/characters/clara/clara_head.gfx",".gfx","0x9806A972","253","428","0x11","23730088","23730341","GFX2............................"
"1","63930","0x630c844","0x0","0x16a18a5","428","size","332","patch20/characters/dapper_pug/dapper_pug.gfx",".gfx","0x60B457EB","253","428","0x11","23731915","23732168","GFX2............................"
"1","63930","0x630c844","0x0","0x16a18a5","428","size","334","patch20/characters/elise/elise_legs.gfx",".gfx","0x42D94B6C","252","428","0x11","23732485","23732737","GFX2............................"
"1","63930","0x630c844","0x0","0x16a18a5","428","size","364","patch20/characters/pit_baggie/pit_baggie.gfx",".gfx","0xADBECEF3","253","428","0x11","23784627","23784880","GFX2............................"
"1","63930","0x630c844","0x0","0x16a18a5","428","size","376","patch20/characters/watch_dogs_aiden/watchdogs_aiden_bottom.gfx",".gfx","0xE34431E4","253","428","0x11","26633362","26633615","GFX2............................"
"1","63930","0x630c844","0x0","0x16a18a5","428","size","413","patch20/vehicles/bikes/donkey_bike/donkey_front_tire_1.gfx",".gfx","0x1B415EC7","252","428","0x11","26660500","26660752","GFX2............................"
"1","63931","0x630e534","0x0","0x16a19a2","429","size","322","patch20/characters/cat_rider/cat_rider_2.gfx",".gfx","0x348B8D7A","257","429","0x11","23729405","23729662","GFX2............................"
"1","63931","0x630e534","0x0","0x16a19a2","429","size","335","patch20/characters/elise/elise_torso.gfx",".gfx","0x5A04AF52","253","429","0x11","23732737","23732990","GFX2............................"
"1","63931","0x630e534","0x0","0x16a19a2","429","size","355","patch20/characters/horror_mask/horror_mask.gfx",".gfx","0xD473C333","253","429","0x11","23782167","23782420","GFX2............................"
"1","63931","0x630e534","0x0","0x16a19a2","429","size","370","patch20/characters/rayman_outfit_1/rayman_helmet.gfx",".gfx","0xC5A0C919","253","429","0x11","26565175","26565428","GFX2............................"
"1","63931","0x630e534","0x0","0x16a19a2","429","size","379","patch20/patch_error.gfx",".gfx","0xFAA02BE8","254","429","0x11","26634114","26634368","GFX2............................"
"1","63932","0x630e574","0x0","0x16aecb3","428","size","185","objects/pack20/generic_medium_icon_1_2202330545.mdl",".mdl","0x26592A96","556","428","0x10","16855300","16855856","GFX2............................"
"1","63932","0x630e574","0x0","0x16aecb3","428","size","325","patch20/characters/clara/clara_head.gfx",".gfx","0x9806A972","253","428","0x11","23730088","23730341","GFX2............................"
"1","63932","0x630e574","0x0","0x16aecb3","428","size","326","patch20/characters/clara/clara_legs.gfx",".gfx","0x2CEAF96F","253","428","0x11","23730341","23730594","GFX2............................"
"1","63932","0x630e574","0x0","0x16aecb3","428","size","332","patch20/characters/dapper_pug/dapper_pug.gfx",".gfx","0x60B457EB","253","428","0x11","23731915","23732168","GFX2............................"
"1","63932","0x630e574","0x0","0x16aecb3","428","size","334","patch20/characters/elise/elise_legs.gfx",".gfx","0x42D94B6C","252","428","0x11","23732485","23732737","GFX2............................"
"1","63932","0x630e574","0x0","0x16aecb3","428","size","376","patch20/characters/watch_dogs_aiden/watchdogs_aiden_bottom.gfx",".gfx","0xE34431E4","253","428","0x11","26633362","26633615","GFX2............................"
"1","63932","0x630e574","0x0","0x16aecb3","428","size","413","patch20/vehicles/bikes/donkey_bike/donkey_front_tire_1.gfx",".gfx","0x1B415EC7","252","428","0x11","26660500","26660752","GFX2............................"
"1","63933","0x630c4e4","0x0","0x1976384","439","size","345","patch20/characters/female_indian/female_indian_helmet.gfx",".gfx","0x2CE3EF75","264","439","0x11","23735630","23735894","GFX2............................"
"1","63933","0x630c4e4","0x0","0x1976384","439","size","348","patch20/characters/female_officer/female_officer_helmet.gfx",".gfx","0xA80EE297","263","439","0x11","23736487","23736750","GFX2............................"
"1","63933","0x630c4e4","0x0","0x1976384","439","size","402","patch20/vehicles/bikes/baggie_80s/minx_80s_fender_rear_1.gfx",".gfx","0x6AC3D890","263","439","0x11","26644092","26644355","GFX2............................"
"1","63933","0x630c4e4","0x0","0x1976384","439","size","441","patch20/vehicles/bikes/pitvipergold/cheetah_gold_engine_fender_1.gfx",".gfx","0x76B126E8","264","439","0x11","26671542","26671806","GFX2............................"
"1","63933","0x630c4e4","0x0","0x1976384","439","size","525","patch20/vehicles/bikes/tkopandacamo/fat_grizzly_camo_headlight_1.gfx",".gfx","0x4EA41D25","263","439","0x11","26696712","26696975","GFX2............................"
"1","63934","0x630b9d4","0x0","0x197648b","438","size","366","patch20/characters/plague_doctor_helmet/plague_doctor_helmet.gfx",".gfx","0x82808A6E","262","438","0x11","23785149","23785411","GFX2............................"
"1","63934","0x630b9d4","0x0","0x197648b","438","size","405","patch20/vehicles/bikes/baggie_80s/minx_80s_head_light_1.gfx",".gfx","0x5B0FF1EE","262","438","0x11","26644876","26645138","GFX2............................"
"1","63934","0x630b9d4","0x0","0x197648b","438","size","423","patch20/vehicles/bikes/pitvipercomicbook/cheetah_comicbook_fender_front_1.gfx",".gfx","0x5507F76B","302","438","0x11","26665839","26666141","GFX2............................"
"1","63934","0x630b9d4","0x0","0x197648b","438","size","433","patch20/vehicles/bikes/pitviperevo/cheetah_evo_fender_front_1.gfx",".gfx","0x43D3CB28","308","438","0x11","26668971","26669279","GFX2............................"
"1","63934","0x630b9d4","0x0","0x197648b","438","size","443","patch20/vehicles/bikes/pitvipergold/cheetah_gold_fender_front_1.gfx",".gfx","0xD886E847","303","438","0x11","26672062","26672365","GFX2............................"
"1","63934","0x630b9d4","0x0","0x197648b","438","size","454","patch20/vehicles/bikes/pitviperwatchdogs/cheetah_watchdogs_fender_front_1.gfx",".gfx","0xF34409DD","301","438","0x11","26675362","26675663","GFX2............................"
"1","63934","0x630b9d4","0x0","0x197648b","438","size","476","patch20/vehicles/bikes/rayman_pitviper/rayman_pitviper_fender_front.gfx",".gfx","0x81EBFC66","262","438","0x11","26682337","26682599","GFX2............................"
"1","63934","0x630b9d4","0x0","0x197648b","438","size","488","patch20/vehicles/bikes/rayman_roach/rayman_roach_steering.gfx",".gfx","0x588CECE5","261","438","0x11","26685824","26686085","GFX2............................"
"1","63934","0x630b9d4","0x0","0x197648b","438","size","499","patch20/vehicles/bikes/roachac/kingcobra_ac_steering_1.gfx",".gfx","0xD7FE8DFA","261","438","0x11","26689127","26689388","GFX2............................"
"1","63934","0x630b9d4","0x0","0x197648b","438","size","509","patch20/vehicles/bikes/roachhorror/kingcobra_horror_steering_1.gfx",".gfx","0x07326DE8","261","438","0x11","26691966","26692227","GFX2............................"
"1","63934","0x630b9d4","0x0","0x197648b","438","size","520","patch20/vehicles/bikes/roach_flame/kingcobra_flame_steering_1.gfx",".gfx","0xED290E67","261","438","0x11","26695219","26695480","GFX2............................"
"1","63934","0x630b9d4","0x0","0x197648b","438","size","526","patch20/vehicles/bikes/tkopandacamo/fat_grizzly_camo_steering_1.gfx",".gfx","0xAD395CC9","262","438","0x11","26696975","26697237","GFX2............................"
"1","63935","0x630c0a4","0x0","0x1976132","762","size","523","patch20/vehicles/bikes/tkopandacamo/fat_grizzly_camo_chassis_1.gfx",".gfx","0xFC8E6199","333","762","0x11","26696118","26696451","GFX2............................"
"1","63936","0x630d334","0x0","0x197602f","434","size","360","patch20/characters/male_punk/male_punk_head.gfx",".gfx","0x9D6AB361","258","434","0x11","23783523","23783781","GFX2............................"
"1","63936","0x630d334","0x0","0x197602f","434","size","374","patch20/characters/tko_panda_helmet/tko_panda_helmet.gfx",".gfx","0x933EC809","258","434","0x11","26566261","26566519","GFX2............................"
"1","63936","0x630d334","0x0","0x197602f","434","size","398","patch20/vehicles/bikes/baggie_80s/minx_80s_engine_1.gfx",".gfx","0xFC3176FE","259","434","0x11","26643036","26643295","GFX2............................"
"1","63936","0x630d334","0x0","0x197602f","434","size","412","patch20/vehicles/bikes/donkey_bike/donkey_front_suspension_1.gfx",".gfx","0x0A7AF40C","255","434","0x11","26660245","26660500","GFX2............................"
"1","63936","0x630d334","0x0","0x197602f","434","size","498","patch20/vehicles/bikes/roachac/kingcobra_ac_seat_1.gfx",".gfx","0x3E4D9287","259","434","0x11","26688868","26689127","GFX2............................"
"1","63936","0x630d334","0x0","0x197602f","434","size","508","patch20/vehicles/bikes/roachhorror/kingcobra_horror_seat_1.gfx",".gfx","0x60DB8F22","259","434","0x11","26691707","26691966","GFX2............................"
"1","63936","0x630d334","0x0","0x197602f","434","size","519","patch20/vehicles/bikes/roach_flame/kingcobra_flame_seat_1.gfx",".gfx","0x82CDECB4","259","434","0x11","26694960","26695219","GFX2............................"
"1","63936","0x630d334","0x0","0x197602f","434","size","522","patch20/vehicles/bikes/tkopandacamo/fat_grizzly_camo_body_1.gfx",".gfx","0xF053C7D0","259","434","0x11","26695859","26696118","GFX2............................"
"1","63937","0x630dfd4","0x0","0x197627f","437","size","477","patch20/vehicles/bikes/rayman_pitviper/rayman_pitviper_fender_rear.gfx",".gfx","0x69A70491","261","437","0x11","26682599","26682860","GFX2............................"
"1","63937","0x630dfd4","0x0","0x197627f","437","size","524","patch20/vehicles/bikes/tkopandacamo/fat_grizzly_camo_exhaust_1.gfx",".gfx","0x8339BB52","261","437","0x11","26696451","26696712","GFX2............................"
"1","63938","0x630daa4","0x0","0x197669e","445","size","365","patch20/characters/pit_viper_tournament_helmet/pit_viper_tournament_helmet.gfx",".gfx","0x6AEEAFC7","269","445","0x11","23784880","23785149","GFX2............................"
"1","63938","0x630daa4","0x0","0x197669e","445","size","528","patch20/vehicles/bikes/tkopandacamo/fat_grizzly_camo_suspension_rear_1.gfx",".gfx","0xFCF1E437","269","445","0x11","26697506","26697775","GFX2............................"
"1","63939","0x630c124","0x0","0x1976591","446","size","357","patch20/characters/male_assassin/m_assassin_head.gfx",".gfx","0x4538C18B","267","446","0x11","23782677","23782944","GFX2............................"
"1","63939","0x630c124","0x0","0x1976591","446","size","475","patch20/vehicles/bikes/rayman_pitviper/rayman_pitviper_enginefender.gfx",".gfx","0xB753A323","271","446","0x11","26682066","26682337","GFX2............................"
"1","63939","0x630c124","0x0","0x1976591","446","size","495","patch20/vehicles/bikes/roachac/kingcobra_ac_front_suspension_1.gfx",".gfx","0x4AB49C21","270","446","0x11","26687875","26688145","GFX2............................"
"1","63939","0x630c124","0x0","0x1976591","446","size","506","patch20/vehicles/bikes/roachhorror/kingcobra_horror_front_suspension_1.gfx",".gfx","0x167B97D1","270","446","0x11","26691129","26691399","GFX2............................"
"1","63939","0x630c124","0x0","0x1976591","446","size","516","patch20/vehicles/bikes/roach_flame/kingcobra_flame_front_suspension_1.gfx",".gfx","0x10F04679","270","446","0x11","26693968","26694238","GFX2............................"
"1","63939","0x630c124","0x0","0x1976591","446","size","527","patch20/vehicles/bikes/tkopandacamo/fat_grizzly_camo_suspension_front_1.gfx",".gfx","0x1C92F26E","269","446","0x11","26697237","26697506","GFX2............................"
"1","64093","0x630e894","0x0","0x196efab","438","size","366","patch20/characters/plague_doctor_helmet/plague_doctor_helmet.gfx",".gfx","0x82808A6E","262","438","0x11","23785149","23785411","GFX2.........................S?v"
"1","64093","0x630e894","0x0","0x196efab","438","size","405","patch20/vehicles/bikes/baggie_80s/minx_80s_head_light_1.gfx",".gfx","0x5B0FF1EE","262","438","0x11","26644876","26645138","GFX2.........................S?v"
"1","64093","0x630e894","0x0","0x196efab","438","size","423","patch20/vehicles/bikes/pitvipercomicbook/cheetah_comicbook_fender_front_1.gfx",".gfx","0x5507F76B","302","438","0x11","26665839","26666141","GFX2.........................S?v"
"1","64093","0x630e894","0x0","0x196efab","438","size","443","patch20/vehicles/bikes/pitvipergold/cheetah_gold_fender_front_1.gfx",".gfx","0xD886E847","303","438","0x11","26672062","26672365","GFX2.........................S?v"
"1","64093","0x630e894","0x0","0x196efab","438","size","454","patch20/vehicles/bikes/pitviperwatchdogs/cheetah_watchdogs_fender_front_1.gfx",".gfx","0xF34409DD","301","438","0x11","26675362","26675663","GFX2.........................S?v"
"1","64093","0x630e894","0x0","0x196efab","438","size","476","patch20/vehicles/bikes/rayman_pitviper/rayman_pitviper_fender_front.gfx",".gfx","0x81EBFC66","262","438","0x11","26682337","26682599","GFX2.........................S?v"
"1","64093","0x630e894","0x0","0x196efab","438","size","488","patch20/vehicles/bikes/rayman_roach/rayman_roach_steering.gfx",".gfx","0x588CECE5","261","438","0x11","26685824","26686085","GFX2.........................S?v"
"1","64093","0x630e894","0x0","0x196efab","438","size","499","patch20/vehicles/bikes/roachac/kingcobra_ac_steering_1.gfx",".gfx","0xD7FE8DFA","261","438","0x11","26689127","26689388","GFX2.........................S?v"
"1","64093","0x630e894","0x0","0x196efab","438","size","509","patch20/vehicles/bikes/roachhorror/kingcobra_horror_steering_1.gfx",".gfx","0x07326DE8","261","438","0x11","26691966","26692227","GFX2.........................S?v"
"1","64093","0x630e894","0x0","0x196efab","438","size","520","patch20/vehicles/bikes/roach_flame/kingcobra_flame_steering_1.gfx",".gfx","0xED290E67","261","438","0x11","26695219","26695480","GFX2.........................S?v"
"1","64093","0x630e894","0x0","0x196efab","438","size","526","patch20/vehicles/bikes/tkopandacamo/fat_grizzly_camo_steering_1.gfx",".gfx","0xAD395CC9","262","438","0x11","26696975","26697237","GFX2.........................S?v"
"1","64093","0x630e894","0x0","0x196efab","438","size","533","patch20/vehicles/bikes/tkopandawasp/fat_grizzly_wasp_steering_1.gfx",".gfx","0x7998407B","262","438","0x11","26698891","26699153","GFX2.........................S?v"
"1","64094","0x630c064","0x0","0x196f0df","595","size","347","patch20/characters/female_indian/female_indian_torso.gfx",".gfx","0xACEB213C","295","595","0x11","23736192","23736487","GFX2............................"
"1","64094","0x630c064","0x0","0x196f0df","595","size","424","patch20/vehicles/bikes/pitvipercomicbook/cheetah_comicbook_fender_rear_1.gfx",".gfx","0x925B72B1","294","595","0x11","26666141","26666435","GFX2............................"
"1","64094","0x630c064","0x0","0x196f0df","595","size","455","patch20/vehicles/bikes/pitviperwatchdogs/cheetah_watchdogs_fender_rear_1.gfx",".gfx","0xBF2E6D8F","294","595","0x11","26675663","26675957","GFX2............................"
"1","64095","0x630c044","0x0","0x196eae3","1072","size","451","patch20/vehicles/bikes/pitviperwatchdogs/cheetah_watchdogs_backswing_1.gfx",".gfx","0x922E09DA","402","1072","0x11","26674447","26674849","GFX2............................"
"1","64097","0x630d1d4","0x0","0x196f325","442","size","426","patch20/vehicles/bikes/pitvipercomicbook/cheetah_comicbook_front_suspension_1.gfx",".gfx","0xEE6825D2","264","442","0x11","26666724","26666988","GFX2............................"
"1","64097","0x630d1d4","0x0","0x196f325","442","size","446","patch20/vehicles/bikes/pitvipergold/cheetah_gold_front_suspension_1.gfx",".gfx","0xBA0D5270","264","442","0x11","26672915","26673179","GFX2............................"
"1","64097","0x630d1d4","0x0","0x196f325","442","size","457","patch20/vehicles/bikes/pitviperwatchdogs/cheetah_watchdogs_front_suspension_1.gfx",".gfx","0x45D8964F","264","442","0x11","26676246","26676510","GFX2............................"
"1","64097","0x630d1d4","0x0","0x196f325","442","size","471","patch20/vehicles/bikes/rabbitwildcat/paper_boy_wildcat_suspension_front_1.gfx",".gfx","0x1E1284D6","265","442","0x11","26680735","26681000","GFX2............................"
"1","64097","0x630d1d4","0x0","0x196f325","442","size","482","patch20/vehicles/bikes/rayman_roach/rayman_roach_exhaust.gfx",".gfx","0xB345FCD7","276","442","0x11","26683944","26684220","GFX2............................"
"1","64097","0x630d1d4","0x0","0x196f325","442","size","487","patch20/vehicles/bikes/rayman_roach/rayman_roach_rear_fender.gfx",".gfx","0x15C53B53","276","442","0x11","26685548","26685824","GFX2............................"
"1","64097","0x630d1d4","0x0","0x196f325","442","size","492","patch20/vehicles/bikes/roachac/kingcobra_ac_exhaust_pipe_1.gfx",".gfx","0x3D81AD9C","276","442","0x11","26687040","26687316","GFX2............................"
"1","64097","0x630d1d4","0x0","0x196f325","442","size","494","patch20/vehicles/bikes/roachac/kingcobra_ac_front_fender_1.gfx",".gfx","0xD75693E8","266","442","0x11","26687609","26687875","GFX2............................"
"1","64097","0x630d1d4","0x0","0x196f325","442","size","503","patch20/vehicles/bikes/roachhorror/kingcobra_horror_exhaust_pipe_1.gfx",".gfx","0xB2C403F0","276","442","0x11","26690294","26690570","GFX2............................"
"1","64097","0x630d1d4","0x0","0x196f325","442","size","505","patch20/vehicles/bikes/roachhorror/kingcobra_horror_front_fender_1.gfx",".gfx","0xFCA691DA","266","442","0x11","26690863","26691129","GFX2............................"
"1","64097","0x630d1d4","0x0","0x196f325","442","size","513","patch20/vehicles/bikes/roach_flame/kingcobra_flame_exhaust_pipe_1.gfx",".gfx","0xA7980087","276","442","0x11","26693133","26693409","GFX2............................"
"1","64097","0x630d1d4","0x0","0x196f325","442","size","515","patch20/vehicles/bikes/roach_flame/kingcobra_flame_front_fender_1.gfx",".gfx","0x07C432BD","266","442","0x11","26693702","26693968","GFX2............................"
"1","64098","0x630c864","0x0","0x196eeab","433","size","310","patch20/characters/apocalypse_mask/apocalypse_mask.gfx",".gfx","0xC1408077","259","433","0x11","23726035","23726294","GFX2............................"
"1","64098","0x630c864","0x0","0x196eeab","433","size","313","patch20/characters/arno/arno_torso.gfx",".gfx","0x1B275455","257","433","0x11","23726810","23727067","GFX2............................"
"1","64098","0x630c864","0x0","0x196eeab","433","size","403","patch20/vehicles/bikes/baggie_80s/minx_80s_frame_1.gfx",".gfx","0xE48FDE0A","256","433","0x11","26644355","26644611","GFX2............................"
"1","64098","0x630c864","0x0","0x196eeab","433","size","414","patch20/vehicles/bikes/donkey_bike/donkey_rear_suspension_1.gfx",".gfx","0x486FBC03","253","433","0x11","26660752","26661005","GFX2............................"
"1","64098","0x630c864","0x0","0x196eeab","433","size","422","patch20/vehicles/bikes/pitvipercomicbook/cheetah_comicbook_exhaust_1.gfx",".gfx","0xB9CD4E96","256","433","0x11","26665583","26665839","GFX2............................"
"1","64098","0x630c864","0x0","0x196eeab","433","size","442","patch20/vehicles/bikes/pitvipergold/cheetah_gold_exhaust_1.gfx",".gfx","0x58DBB4B8","256","433","0x11","26671806","26672062","GFX2............................"
"1","64098","0x630c864","0x0","0x196eeab","433","size","453","patch20/vehicles/bikes/pitviperwatchdogs/cheetah_watchdogs_exhaust_1.gfx",".gfx","0x0EBBEB78","256","433","0x11","26675106","26675362","GFX2............................"
"1","64099","0x630c8c4","0x0","0x196f42d","742","size","427","patch20/vehicles/bikes/pitvipercomicbook/cheetah_comicbook_headlight_1.gfx",".gfx","0xE48C05E0","424","742","0x11","26666988","26667412","GFX2............................"
"1","64099","0x630c8c4","0x0","0x196f42d","742","size","447","patch20/vehicles/bikes/pitvipergold/cheetah_gold_headlight_1.gfx",".gfx","0x74A60A61","424","742","0x11","26673179","26673603","GFX2............................"
"1","64099","0x630c8c4","0x0","0x196f42d","742","size","458","patch20/vehicles/bikes/pitviperwatchdogs/cheetah_watchdogs_headlight_1.gfx",".gfx","0x3AFCD1DB","424","742","0x11","26676510","26676934","GFX2............................"
"1","64099","0x630c8c4","0x0","0x196f42d","742","size","486","patch20/vehicles/bikes/rayman_roach/rayman_roach_head_light.gfx",".gfx","0xF289178B","441","742","0x11","26685107","26685548","GFX2............................"
"1","64100","0x630f084","0x0","0x196ed76","605","size","421","patch20/vehicles/bikes/pitvipercomicbook/cheetah_comicbook_engine_fender_1.gfx",".gfx","0x2CCD2146","306","605","0x11","26665277","26665583","GFX2............................"
"1","64101","0x630bc04","0x0","0x196f5d5","766","size","428","patch20/vehicles/bikes/pitvipercomicbook/cheetah_comicbook_steering_1.gfx",".gfx","0x274AEFBA","335","766","0x11","26667412","26667747","GFX2............................"
"1","64101","0x630bc04","0x0","0x196f5d5","766","size","449","patch20/vehicles/bikes/pitvipergold/cheetah_gold_steering_1.gfx",".gfx","0xD197A371","335","766","0x11","26673857","26674192","GFX2............................"
"1","64101","0x630bc04","0x0","0x196f5d5","766","size","460","patch20/vehicles/bikes/pitviperwatchdogs/cheetah_watchdogs_steering_1.gfx",".gfx","0x2B02A412","335","766","0x11","26677188","26677523","GFX2............................"
"1","64102","0x630c15c","0x0","0x196f205","587","size","372","patch20/characters/rayman_outfit_1/rayman_torso.gfx",".gfx","0x6FDBF7BF","301","587","0x11","26565713","26566014","GFX2............................"
"1","64102","0x630c15c","0x0","0x196f205","587","size","425","patch20/vehicles/bikes/pitvipercomicbook/cheetah_comicbook_frame_1.gfx",".gfx","0x2D0F0ADE","289","587","0x11","26666435","26666724","GFX2............................"
"1","64102","0x630c15c","0x0","0x196f205","587","size","456","patch20/vehicles/bikes/pitviperwatchdogs/cheetah_watchdogs_frame_1.gfx",".gfx","0x759B78BD","289","587","0x11","26675957","26676246","GFX2............................"
"1","64103","0x630d3f4","0x0","0x196ec75","432","size","406","patch20/vehicles/bikes/baggie_80s/minx_80s_seat_1.gfx",".gfx","0x45337A29","256","432","0x11","26645138","26645394","GFX2............................"
"1","64103","0x630d3f4","0x0","0x196ec75","432","size","420","patch20/vehicles/bikes/pitvipercomicbook/cheetah_comicbook_engine_1.gfx",".gfx","0x7A7B4D6C","257","432","0x11","26665020","26665277","GFX2............................"
"1","64103","0x630d3f4","0x0","0x196ec75","432","size","440","patch20/vehicles/bikes/pitvipergold/cheetah_gold_engine_1.gfx",".gfx","0xFE3A47D2","257","432","0x11","26671285","26671542","GFX2............................"
"1","64103","0x630d3f4","0x0","0x196ec75","432","size","452","patch20/vehicles/bikes/pitviperwatchdogs/cheetah_watchdogs_engine_1.gfx",".gfx","0x6C60D2CC","257","432","0x11","26674849","26675106","GFX2............................"
"1","64104","0x630f42c","0x0","0x19673f2","1184","size","390","patch20/rims/themindscrew_rim/themindscrew_rim.gfx",".gfx","0x3C0F4112","397","1184","0x11","26638472","26638869","GFX2............................"
"1","64106","0x630b954","0x0","0x1966ddc","1197","size","384","patch20/rims/evility_rim/evility_rim.gfx",".gfx","0xB964C483","388","1197","0x11","26636134","26636522","GFX2............................"
"1","64108","0x630ec6c","0x0","0x1967267","1185","size","380","patch20/rims/clockwork_rim/clockwork_rims.gfx",".gfx","0x7080142E","377","1185","0x11","26634368","26634745","GFX2............................"
"1","64108","0x630ec6c","0x0","0x1967267","1185","size","391","patch20/rims/uzumaki_rim/uzumaki_rim.gfx",".gfx","0xC5BDFA90","374","1185","0x11","26638869","26639243","GFX2............................"
"1","64112","0x630c31c","0x0","0x1967888","1184","size","387","patch20/rims/rimsgrinder/rimsgrinder.gfx",".gfx","0x3C9207E3","399","1184","0x11","26637298","26637697","GFX2............................"
"1","64123","0x630ebcc","0x0","0x16a2105","428","size","185","objects/pack20/generic_medium_icon_1_2202330545.mdl",".mdl","0x26592A96","556","428","0x10","16855300","16855856","GFX2............................"
"1","64123","0x630ebcc","0x0","0x16a2105","428","size","325","patch20/characters/clara/clara_head.gfx",".gfx","0x9806A972","253","428","0x11","23730088","23730341","GFX2............................"
"1","64123","0x630ebcc","0x0","0x16a2105","428","size","326","patch20/characters/clara/clara_legs.gfx",".gfx","0x2CEAF96F","253","428","0x11","23730341","23730594","GFX2............................"
"1","64123","0x630ebcc","0x0","0x16a2105","428","size","332","patch20/characters/dapper_pug/dapper_pug.gfx",".gfx","0x60B457EB","253","428","0x11","23731915","23732168","GFX2............................"
"1","64123","0x630ebcc","0x0","0x16a2105","428","size","364","patch20/characters/pit_baggie/pit_baggie.gfx",".gfx","0xADBECEF3","253","428","0x11","23784627","23784880","GFX2............................"
"1","64123","0x630ebcc","0x0","0x16a2105","428","size","376","patch20/characters/watch_dogs_aiden/watchdogs_aiden_bottom.gfx",".gfx","0xE34431E4","253","428","0x11","26633362","26633615","GFX2............................"
"1","64123","0x630ebcc","0x0","0x16a2105","428","size","413","patch20/vehicles/bikes/donkey_bike/donkey_front_tire_1.gfx",".gfx","0x1B415EC7","252","428","0x11","26660500","26660752","GFX2............................"
"1","64124","0x630ea6c","0x0","0x16a2201","429","size","322","patch20/characters/cat_rider/cat_rider_2.gfx",".gfx","0x348B8D7A","257","429","0x11","23729405","23729662","GFX2............................"
"1","64124","0x630ea6c","0x0","0x16a2201","429","size","327","patch20/characters/clara/clara_torso.gfx",".gfx","0xDFFF6EED","253","429","0x11","23730594","23730847","GFX2............................"
"1","64124","0x630ea6c","0x0","0x16a2201","429","size","355","patch20/characters/horror_mask/horror_mask.gfx",".gfx","0xD473C333","253","429","0x11","23782167","23782420","GFX2............................"
"1","64124","0x630ea6c","0x0","0x16a2201","429","size","370","patch20/characters/rayman_outfit_1/rayman_helmet.gfx",".gfx","0xC5A0C919","253","429","0x11","26565175","26565428","GFX2............................"
"1","64124","0x630ea6c","0x0","0x16a2201","429","size","379","patch20/patch_error.gfx",".gfx","0xFAA02BE8","254","429","0x11","26634114","26634368","GFX2............................"
"1","64224","0x630e324","0x0","0x16aebb9","426","size","377","patch20/characters/watch_dogs_aiden/watchdogs_aiden_head.gfx",".gfx","0x192E159F","251","426","0x11","26633615","26633866","GFX2............................"
"1","64224","0x630e324","0x0","0x16aebb9","426","size","416","patch20/vehicles/bikes/donkey_bike/donkey_steering_1.gfx",".gfx","0xE17B0B45","251","426","0x11","26661254","26661505","GFX2............................"
"1","8855","0x63e10d4","0x0","0x27ab0e8","4126","size","12","images/garage/rider/small/Female_2_Body.png.tex",".tex","0x7D99EAA8","2284","4126","0x11","73218","75502","T5X"
"1","8855","0x63e10d4","0x0","0x27ab0e8","4126","size","13","images/garage/rider/small/Female_2_Head.png.tex",".tex","0x52FE2908","1950","4126","0x11","75502","77452","T5X"
"1","8855","0x63e10d4","0x0","0x27ab0e8","4126","size","14","images/garage/rider/small/Female_2_Pants.png.tex",".tex","0x7DA63911","1748","4126","0x11","77452","79200","T5X"
"1","8856","0x63ea8cc","0x0","0x27ab1eb","4126","size","12","images/garage/rider/small/Female_2_Body.png.tex",".tex","0x7D99EAA8","2284","4126","0x11","73218","75502","T5X"
"1","8856","0x63ea8cc","0x0","0x27ab1eb","4126","size","13","images/garage/rider/small/Female_2_Head.png.tex",".tex","0x52FE2908","1950","4126","0x11","75502","77452","T5X"
"1","8856","0x63ea8cc","0x0","0x27ab1eb","4126","size","14","images/garage/rider/small/Female_2_Pants.png.tex",".tex","0x7DA63911","1748","4126","0x11","77452","79200","T5X"
"1","9023","0x63dddf4","0x0","0x2686081","4126","size","12","images/garage/rider/small/Female_2_Body.png.tex",".tex","0x7D99EAA8","2284","4126","0x11","73218","75502","T5X"
"1","9023","0x63dddf4","0x0","0x2686081","4126","size","13","images/garage/rider/small/Female_2_Head.png.tex",".tex","0x52FE2908","1950","4126","0x11","75502","77452","T5X"
"1","9023","0x63dddf4","0x0","0x2686081","4126","size","14","images/garage/rider/small/Female_2_Pants.png.tex",".tex","0x7DA63911","1748","4126","0x11","77452","79200","T5X"
